CNPJ_GESTOR,n_fundos,pl_total,nome_em_registro,CNPJ_LIMPO,DENOM_SOCIAL,DENOM_COMERC,MUN,UF,CONTROLE_ACIONARIO,DT_REG,SITE_ADMIN,nome,faixa_porte,share_pct
30822936000169,920,2333870481545.25,BB GESTAO DE RECURSOS DTVM S.A,30822936000169,BB GESTAO DE RECURSOS DTVM S.A,BB GESTÃO DE RECURSOS DTVM SA,RIO DE JANEIRO,RJ,PRIVADO,1990-08-13,www.bbasset.com.br,BB GESTÃO DE RECURSOS DTVM SA,F1 · 100 bi+,17.591685359212356
40430971000196,3465,1749894670090.7,ITAU UNIBANCO ASSET MANAGEMENT LTDA.,40430971000196,ITAU UNIBANCO ASSET MANAGEMENT LTDA.,ITAU UNIBANCO ASSET MANAGEMENT LTDA.,SÃO PAULO,SP,PRIVADO,2021-06-28,www.itau.com.br,ITAU UNIBANCO ASSET MANAGEMENT LTDA.,F1 · 100 bi+,13.18993349948732
60746948000112,1975,1406357990749.21,BANCO BRADESCO S.A.,60746948000112,BANCO BRADESCO S.A.,BANCO BRADESCO S.A.,OSASCO,SP,PRIVADO,1992-12-10,www.bradesco.com.br,BANCO BRADESCO S.A.,F1 · 100 bi+,10.600505671288902
42040639000140,416,782063222818.84,CAIXA DISTRIBUIDORA DE TÍTULOS E VALORES MOBILIÁRIOS S.A.,42040639000140,CAIXA DISTRIBUIDORA DE TÍTULOS E VALORES MOBILIÁRIOS S.A.,CAIXA DTVM,SÃO PAULO,SP,PRIVADO,2021-08-31,https://www.caixa.gov.br/caixa-asset,CAIXA DTVM,F1 · 100 bi+,5.894847317204854
10231177000152,574,573463767479.0,SANTANDER BRASIL GESTÃO DE RECURSOS LTDA,10231177000152,SANTANDER BRASIL GESTÃO DE RECURSOS LTDA,--,SÃO PAULO,SP,PRIVADO,2008-12-11,www.santanderassetmanagement.com.br,SANTANDER BRASIL GESTÃO DE RECURSOS LTDA,F1 · 100 bi+,4.322516712975312
27665207000131,361,438491921750.93,BRASILPREV SEGUROS E PREVIDÊNCIA S.A,,,,,,,,,BRASILPREV SEGUROS E PREVIDÊNCIA S.A,F1 · 100 bi+,3.3051585257170863
23025053000162,101,352455203552.38,APEX GROUP INVESTIMENTOS LTDA.,23025053000162,APEX GROUP INVESTIMENTOS LTDA.,APEX GROUP INVESTIMENTOS LTDA.,SÃO PAULO,SP,PRIVADO,2015-12-30,www.brltrust.com.br,APEX GROUP INVESTIMENTOS LTDA.,F1 · 100 bi+,2.6566517264511704
29650082000100,502,203444516969.37,BTG PACTUAL ASSET MANAGEMENT S/A DTVM,29650082000100,BTG PACTUAL ASSET MANAGEMENT S/A DTVM,BTG PACTUAL ASSET MANAGEMENT S/A DTVM,RIO DE JANEIRO,RJ,PRIVADO,2000-05-10,btgpactual.com,BTG PACTUAL ASSET MANAGEMENT S/A DTVM,F1 · 100 bi+,1.5334749545366775
12695840000103,1684,173234711049.91,BTG PACTUAL GESTÃO E CONSULTORIA DE INVESTIMENTOS LTDA,12695840000103,BTG PACTUAL  GESTÃO E CONSULTORIA DE INVESTIMENTOS LTDA,BTG PACTUAL FAMILY OFFICE,SÃO PAULO,SP,PRIVADO,2020-02-10,https://www.btgpactual.com/wealth-management,BTG PACTUAL FAMILY OFFICE,F1 · 100 bi+,1.3057667741983472
08604187000144,333,169134204316.56,KINEA INVESTIMENTOS LTDA.,08604187000144,KINEA INVESTIMENTOS LTDA.,--,SÃO PAULO,SP,PRIVADO,2007-09-19,www.kinea.com.br,KINEA INVESTIMENTOS LTDA.,F1 · 100 bi+,1.2748589646875708
33754482000124,12,163152183639.30002,CAIXA DE PREVIDÊNCIA DOS FUNCIONÁRIOS DO BANCO DO BRASIL - PREVI,,,,,,,,,CAIXA DE PREVIDÊNCIA DOS FUNCIONÁRIOS DO BANCO DO BRASIL - PREVI,F1 · 100 bi+,1.2297691336970415
64786921000104,68,144160409553.9,Sicredi Asset Management Ltda.,64786921000104,Sicredi Asset Management Ltda.,Sicredi Asset Management Ltda.,SÃO PAULO,SP,PRIVADO,2026-05-14,www.sicredi.com.br,Sicredi Asset Management Ltda.,F1 · 100 bi+,1.0866175249143661
16789525000198,189,133329581498.72,XP VISTA ASSET MANAGEMENT LTDA.,16789525000198,XP VISTA ASSET MANAGEMENT LTDA.,XP VISTA,SÃO PAULO,SP,PRIVADO,2013-01-17,www.xpasset.com.br,XP VISTA,F1 · 100 bi+,1.004979524505575
11519438000105,705,100850882759.95,UBS BRASIL ADMINISTRADORA DE VALORES MOBILIÁRIOS LTDA.,11519438000105,UBS BRASIL ADMINISTRADORA DE VALORES MOBILIÁRIOS LTDA.,UBS BRASIL ADMINISTRADORA DE VALORES MOBILIÁRIOS LTDA.,SÃO PAULO,SP,PRIVADO,2010-06-16,https://www.ubs.com/br/pt.html,UBS BRASIL ADMINISTRADORA DE VALORES MOBILIÁRIOS LTDA.,F1 · 100 bi+,0.7601694317403604
65913436000117,643,96558875477.6,SAFRA ASSET CORRETORA DE TÍTULOS E VALORES MOBILIÁRIOS S.A.,65913436000117,SAFRA ASSET CORRETORA DE TÍTULOS E VALORES MOBILIÁRIOS S.A.,SAFRA ASSET CORRETORA,SÃO PAULO,SP,PRIVADO,2003-03-11,https://www.safra.com.br,SAFRA ASSET CORRETORA,F2 · 10 a 100 bi,0.7278181756327128
00436923000190,23,92475526674.36,FUNDAÇÃO DOS ECONOMIÁRIOS FEDERAIS - FUNCEF,,,,,,,,,FUNDAÇÃO DOS ECONOMIÁRIOS FEDERAIS - FUNCEF,F2 · 10 a 100 bi,0.697039695024417
01638542000157,152,88437922756.53,SAFRA DISTRIBUIDORA DE TÍTULOS E VALORES MOBILIÁRIOS LTDA.,01638542000157,SAFRA DISTRIBUIDORA DE TÍTULOS E VALORES MOBILIÁRIOS LTDA.,SAFRA DISTRIBUIDORA DE TÍTULOS E VALORES MOBILIÁRIOS LTDA.,SÃO PAULO,SP,PRIVADO,1999-11-18,https://www.safra.com.br/investimentos/fundos-de-i,SAFRA DISTRIBUIDORA DE TÍTULOS E VALORES MOBILIÁRIOS LTDA.,F2 · 10 a 100 bi,0.6666060191674085
46356742000155,31,84727898773.31999,REAG JUS GESTÃO DE ATIVOS JUDICIAIS LTDA.,46356742000155,REAG JUS GESTÃO DE ATIVOS JUDICIAIS LTDA.,REAG JUS GESTÃO DE ATIVOS JUDICIAIS LTDA.,SÃO PAULO,SP,PRIVADO,2022-12-05,www.reag.com.br,REAG JUS GESTÃO DE ATIVOS JUDICIAIS LTDA.,F2 · 10 a 100 bi,0.6386414962412905
03730204000176,50,77119851928.75,CAIXA VIDA E PREVIDÊNCIA S/A,,,,,,,,,CAIXA VIDA E PREVIDÊNCIA S/A,F2 · 10 a 100 bi,0.581295397841173
62465117000106,61,72669790519.42,FUNDACAO CESP,,,,,,,,,FUNDACAO CESP,F2 · 10 a 100 bi,0.5477527995002939
02562663000125,164,72332848089.42,BNP PARIBAS ASSET MANAGEMENT BRASIL LTDA,02562663000125,BNP PARIBAS ASSET MANAGEMENT BRASIL LTDA,BNP PARIBAS ASSET MANAGEMENT BRASIL LTDA,SÃO PAULO,SP,PRIVADO,1998-09-03,https://www.bnpparibas.com.br/paginas/asset-manage,BNP PARIBAS ASSET MANAGEMENT BRASIL LTDA,F2 · 10 a 100 bi,0.5452130762124772
03214650000128,19,71261629069.92,BW GESTÃO DE INVESTIMENTOS LTDA.,03214650000128,BW GESTÃO DE INVESTIMENTOS LTDA.,--,SÃO PAULO,SP,PRIVADO,2008-05-19,www.bwgi.com.br,BW GESTÃO DE INVESTIMENTOS LTDA.,F2 · 10 a 100 bi,0.537138700153112
12461756000117,99,67690040436.93,PÁTRIA INVESTIMENTOS LTDA.,12461756000117,PÁTRIA INVESTIMENTOS LTDA.,--,SÃO PAULO,SP,PRIVADO,2011-07-06,www.patria.com,PÁTRIA INVESTIMENTOS LTDA.,F2 · 10 a 100 bi,0.5102176417820837
09631542000137,102,66248683422.98,BTG PACTUAL GESTORA DE RECURSOS LTDA,09631542000137,BTG PACTUAL GESTORA DE RECURSOS LTDA,--,SÃO PAULO,SP,PRIVADO,2008-08-04,btgpactual.com.br,BTG PACTUAL GESTORA DE RECURSOS LTDA,F2 · 10 a 100 bi,0.4993533289248792
68622174000120,245,62596325631.02,ICATU VANGUARDA GESTÃO DE RECURSOS LTDA,68622174000120,ICATU VANGUARDA GESTÃO DE RECURSOS LTDA,ICATU VANGUARDA GESTÃO DE RECURSOS LTDA,RIO DE JANEIRO,RJ,PRIVADO,2001-05-30,www.icatuvanguarda.com.br,ICATU VANGUARDA GESTÃO DE RECURSOS LTDA,F2 · 10 a 100 bi,0.4718234682905876
17285755000182,113,62093527739.08,ABSOLUTE GESTAO DE INVESTIMENTOS LTDA,17285755000182,ABSOLUTE GESTAO DE INVESTIMENTOS LTDA,--,SÃO PAULO,SP,PRIVADO,2013-03-19,www.absoluteinvestimentos.com.br,ABSOLUTE GESTAO DE INVESTIMENTOS LTDA,F2 · 10 a 100 bi,0.4680335997506558
07885392000162,14,61159700971.990005,BROOKFIELD BRASIL ASSET MANAGEMENT INVESTIMENTOS LTDA,07885392000162,BROOKFIELD BRASIL ASSET MANAGEMENT INVESTIMENTOS LTDA,--,SÃO PAULO,SP,PRIVADO,2007-05-15,https://www.brookfield.com/pt-br/bbami),BROOKFIELD BRASIL ASSET MANAGEMENT INVESTIMENTOS LTDA,F2 · 10 a 100 bi,0.46099482583558365
12330774000160,206,60578727647.13,SPX GESTÃO DE RECURSOS LTDA,12330774000160,SPX GESTÃO DE RECURSOS LTDA,--,RIO DE JANEIRO,RJ,PRIVADO,2010-11-16,www.spxcapital.com.br,SPX GESTÃO DE RECURSOS LTDA,F2 · 10 a 100 bi,0.4566157053943045
02150453000120,89,58524905157.3,OLIVEIRA TRUST SERVICER S/A,02150453000120,OLIVEIRA TRUST SERVICER S/A,OLIVEIRA TRUST SERVICER S/A,RIO DE JANEIRO,RJ,PRIVADO,2003-10-13,www.oliveiratrust.com.br,OLIVEIRA TRUST SERVICER S/A,F2 · 10 a 100 bi,0.4411348981642299
34053942000150,16,53437121272.19,FUNDAÇÃO PETROBRAS DE SEGURIDADE SOCIAL - PETROS,,,,,,,,,FUNDAÇÃO PETROBRAS DE SEGURIDADE SOCIAL - PETROS,F2 · 10 a 100 bi,0.4027854293354084
60701190000104,13,51203009988.62,ITAU UNIBANCO S.A.,60701190000104,ITAU UNIBANCO S.A.,ITAU UNIBANCO,SÃO PAULO,SP,PRIVADO,1989-07-06,www.itau.com.br,ITAU UNIBANCO,F2 · 10 a 100 bi,0.385945684769974
21813291000107,149,50987279855.65,SUL AMÉRICA INVESTIMENTOS GESTORA DE RECURSOS S.A.,21813291000107,SUL AMÉRICA INVESTIMENTOS GESTORA DE RECURSOS S.A.,SUL AMÉRICA INVESTIMENTOS GESTORA DE RECURSOS S.A.,SÃO PAULO,SP,PRIVADO,2015-04-14,www.sulamericainvestimentos.com.br,SUL AMÉRICA INVESTIMENTOS GESTORA DE RECURSOS S.A.,F2 · 10 a 100 bi,0.38431960626573897
07437241000141,178,49481516517.32,Franklin Templeton Brasil Ltda.,07437241000141,Franklin Templeton Brasil Ltda.,Franklin Templeton Brasil Ltda.,SÃO PAULO,SP,PRIVADO,2005-11-22,https://www.franklintempleton.com.br/,Franklin Templeton Brasil Ltda.,F2 · 10 a 100 bi,0.37296982696873177
04408128000140,91,49393616995.73,ARX INVESTIMENTOS LTDA,04408128000140,ARX INVESTIMENTOS LTDA,ARX INVESTIMENTOS LTDA,RIO DE JANEIRO,RJ,PRIVADO,2001-08-01,www.arxinvestimentos.com.br,ARX INVESTIMENTOS LTDA,F2 · 10 a 100 bi,0.3723072791798704
01608570000121,27,48848774102.4,OPPORTUNITY GESTORA DE RECURSOS LTDA,01608570000121,OPPORTUNITY GESTORA DE RECURSOS LTDA,OPPORTUNITY GESTORA DE RECURSOS LTDA,RIO DE JANEIRO,RJ,,1998-02-13,opportunity.com.br,OPPORTUNITY GESTORA DE RECURSOS LTDA,F2 · 10 a 100 bi,0.3682004939810113
29036872000191,70,48693020735.68,SUESTE CAPITAL GESTÃO DE RECURSOS LTDA,29036872000191,SUESTE CAPITAL GESTÃO DE RECURSOS LTDA,SUESTE CAPITAL,SÃO PAULO,SP,PRIVADO,2018-07-16,www.suestecapital.com,SUESTE CAPITAL,F2 · 10 a 100 bi,0.3670264938629061
30306294000145,14,46891171198.27,BANCO BTG PACTUAL S/A,,,,,,,,,BANCO BTG PACTUAL S/A,F2 · 10 a 100 bi,0.3534449475100116
23863529000134,64,43552056111.17,CBSF TRUST ADMINISTRADORA DE RECURSOS LTDA.,23863529000134,CBSF TRUST ADMINISTRADORA DE RECURSOS LTDA.,CBSF TRUST ADMINISTRADORA DE RECURSOS LTDA.,SÃO PAULO,SP,PRIVADO,2016-08-15,temporariamente sem web site,CBSF TRUST ADMINISTRADORA DE RECURSOS LTDA.,F2 · 10 a 100 bi,0.3282761720981172
02332886000104,19,43395995294.06,XP INVESTIMENTOS CCTVM S.A.,02332886000104,XP INVESTIMENTOS CCTVM S.A.,XP INVESTIMENTOS,RIO DE JANEIRO,RJ,PRIVADO,2009-06-26,www.xpi.com.br,XP INVESTIMENTOS,F2 · 10 a 100 bi,0.327099854554702
07625159000140,113,42330582868.55,BTG PACTUAL GESTORA DE INVESTIMENTOS ALTERNATIVOS LTDA.,07625159000140,BTG PACTUAL GESTORA DE INVESTIMENTOS ALTERNATIVOS LTDA.,UBS PACTUAL GESTORA DE INVESTIMENTOS ALTERNATIVOS LTDA,RIO DE JANEIRO,RJ,PRIVADO,2006-03-31,www.btgpactual.com,UBS PACTUAL GESTORA DE INVESTIMENTOS ALTERNATIVOS LTDA,F2 · 10 a 100 bi,0.3190692460374042
00360305000104,16,41703701005.08,CAIXA ECONOMICA FEDERAL,00360305000104,CAIXA ECONOMICA FEDERAL,CAIXA ECONOMICA FEDERAL,BRASÍLIA,DF,PRIVADO,1995-01-04,www.caixa.gov.br,CAIXA ECONOMICA FEDERAL,F2 · 10 a 100 bi,0.314344087299264
22119959000183,119,40645809486.520004,GENIAL GESTÃO LTDA.,22119959000183,GENIAL GESTÃO LTDA.,-----,SÃO PAULO,SP,PRIVADO,2015-09-30,https://lp.genialinvestimentos.com.br/pluralgenial,GENIAL GESTÃO LTDA.,F2 · 10 a 100 bi,0.30637016805831063
15289957000177,335,38814309200.98,XP ADVISORY GESTAO DE RECURSOS LTDA,15289957000177,XP ADVISORY GESTAO DE RECURSOS LTDA,--,SÃO PAULO,SP,PRIVADO HOLDING,2012-06-01,www.xpadvisory.com.br,XP ADVISORY GESTAO DE RECURSOS LTDA,F2 · 10 a 100 bi,0.29256512745588825
33857830000199,13,37810831028.72,OPPORTUNITY HDF ADMINISTRADORA DE RECURSOS LTDA.,33857830000199,OPPORTUNITY HDF ADMINISTRADORA DE RECURSOS LTDA.,OPPORTUNITY HDF ADMINISTRADORA DE RECURSOS LTDA.,RIO DE JANEIRO,RJ,PRIVADO,1992-04-06,opportunity.com.br,OPPORTUNITY HDF ADMINISTRADORA DE RECURSOS LTDA.,F2 · 10 a 100 bi,0.28500135199755705
11180009000148,104,37212581167.79,KAPITALO INVESTIMENTOS LTDA.,11180009000148,KAPITALO INVESTIMENTOS LTDA.,KAPITALO INVESTIMENTOS,SÃO PAULO,SP,PRIVADO,2009-12-17,www.kapitalo.com.br,KAPITALO INVESTIMENTOS,F2 · 10 a 100 bi,0.2804920086544316
29408732000105,98,37136719527.54,XP VIDA E PREVIDÊNCIA S.A.,,,,,,,,,XP VIDA E PREVIDÊNCIA S.A.,F2 · 10 a 100 bi,0.2799201971007638
03384738000198,143,32941244171.27,TIVIO CAPITAL DISTRIBUIDORA DE TITULOS E VALORES MOBILIARIOS S.A.,03384738000198,TIVIO CAPITAL DISTRIBUIDORA DE TITULOS E VALORES MOBILIARIOS S.A.,TIVIO CAPITAL,SÃO PAULO,SP,PRIVADO,2000-01-19,www.tivio.com,TIVIO CAPITAL,F2 · 10 a 100 bi,0.2482965560360871
34276448000154,79,31856818082.49,GENOA CAPITAL GESTORA DE RECURSOS LTDA,34276448000154,GENOA CAPITAL GESTORA DE RECURSOS LTDA,-,SÃO PAULO,SP,PRIVADO,2020-01-10,genoacapital.com.br,GENOA CAPITAL GESTORA DE RECURSOS LTDA,F2 · 10 a 100 bi,0.2401226309189965
37918829000188,222,29518251434.75,XP ALLOCATION ASSET MANAGEMENT LTDA,37918829000188,XP ALLOCATION ASSET MANAGEMENT LTDA.,XP ALLOCATION,SÃO PAULO,SP,PRIVADO,2020-11-24,www.xpasset.com.br,XP ALLOCATION,F2 · 10 a 100 bi,0.22249554793221832
72745714000130,74,28647351447.88,SPARTA ADMINISTRADORA DE RECURSOS LTDA,72745714000130,SPARTA ADMINISTRADORA DE RECURSOS LTDA,SPARTA FUNDOS DE INVESTIMENTO,SÃO PAULO,SP,PRIVADO,2004-12-14,www.sparta.com.br,SPARTA FUNDOS DE INVESTIMENTO,F2 · 10 a 100 bi,0.21593108830624308
43826833000119,135,28279530536.85,TURMALINA GESTÃO E ADMINISTRAÇÃO DE RECURSOS S.A.,43826833000119,TURMALINA GESTÃO E ADMINISTRAÇÃO DE RECURSOS S.A.,-----,SÃO PAULO,SP,PRIVADO,2018-11-05,www.safra.com.br,TURMALINA GESTÃO E ADMINISTRAÇÃO DE RECURSOS S.A.,F2 · 10 a 100 bi,0.21315861666030392
18313996000150,51,28142945307.920002,TMF BRASIL SERVICOS DE ADMINISTRACAO DE FUNDOS LTDA,18313996000150,TMF BRASIL SERVICOS DE ADMINISTRACAO DE FUNDOS LTDA,TMF BRASIL SERVICOS DE ADMINISTRACAO DE FUNDOS LTDA,SÃO PAULO,SP,PRIVADO,2013-08-20,www.funds-tmf-group.com.br,TMF BRASIL SERVICOS DE ADMINISTRACAO DE FUNDOS LTDA,F2 · 10 a 100 bi,0.21212909750272765
31597552000152,2,27067611783.56,BANCO CLÁSSICO S.A.,31597552000152,BANCO CLÁSSICO S.A.,--,RIO DE JANEIRO,RJ,PRIVADO,2006-12-12,www.bancoclassico.com.br,BANCO CLÁSSICO S.A.,F2 · 10 a 100 bi,0.20402370812215279
19749539000176,125,26540362872.77,VERDE ASSET MANAGEMENT S.A.,19749539000176,VERDE ASSET MANAGEMENT S.A.,VERDE ASSET MANAGEMENT S.A.,SÃO PAULO,SP,PRIVADO,2014-06-13,www.verdeasset.com.br,VERDE ASSET MANAGEMENT S.A.,F2 · 10 a 100 bi,0.20004953859648827
31158029000120,8,25452305705.46,LUME INVESTIMENTOS LTDA.,31158029000120,LUME INVESTIMENTOS LTDA.,LUME INVESTIMENTOS,SÃO PAULO,SP,PRIVADO,2021-12-01,www.lumeinvestimentos.com.br,LUME INVESTIMENTOS,F2 · 10 a 100 bi,0.1918482440124459
07397614000106,25,25358117398.98,SICOOB DISTRIBUIDORA DE TÍTULOS E VALORES MOBILIÁRIOS LTDA.,07397614000106,SICOOB DISTRIBUIDORA DE TÍTULOS E VALORES MOBILIÁRIOS LTDA.,SICOOB DTVM,BRASÍLIA,DF,PRIVADO,2005-07-21,www.sicoob.com.br/bancosicoob-dtvm,SICOOB DTVM,F2 · 10 a 100 bi,0.19113829413938518
28674641000140,108,25152326233.37,LEGACY CAPITAL GESTORA DE RECURSOS LTDA.,28674641000140,LEGACY CAPITAL GESTORA DE RECURSOS LTDA.,LEGACY CAPITAL,SÃO PAULO,SP,PRIVADO,2017-12-08,https://www.legacycapital.com.br/,LEGACY CAPITAL,F2 · 10 a 100 bi,0.18958713118336726
12600032000107,86,24614077953.18,JIVE INVESTMENTS GESTÃO DE RECURSOS E CONSULTORIA S.A.,12600032000107,JIVE INVESTMENTS GESTÃO DE RECURSOS E CONSULTORIA S.A.,JIVE,SÃO PAULO,SP,PRIVADO,2022-11-21,www.jivemaua.com.br,JIVE,F2 · 10 a 100 bi,0.18553005326704242
09446129000100,385,24056570149.45,G5 ADMINISTRADORA DE RECURSOS LTDA.,09446129000100,G5 ADMINISTRADORA DE RECURSOS LTDA.,G5 ADMINISTRADORA DE RECURSOS LTDA.,SÃO PAULO,SP,PRIVADO,2008-09-25,www.g5partners.com,G5 ADMINISTRADORA DE RECURSOS LTDA.,F2 · 10 a 100 bi,0.18132780556474914
72027832000102,123,23684379389.79,DAYCOVAL ASSET MANAGEMENT ADMINISTRACAO DE RECURSOS LTDA,72027832000102,DAYCOVAL ASSET MANAGEMENT ADMINISTRACAO DE RECURSOS LTDA,DAYCOVAL ASSET MANAGEMENT ADMINISTRACAO DE RECURSOS LTDA,SÃO PAULO,SP,PRIVADO,2004-12-02,www.bancodaycoval.com.br,DAYCOVAL ASSET MANAGEMENT ADMINISTRACAO DE RECURSOS LTDA,F2 · 10 a 100 bi,0.17852239592898825
10957035000177,54,23127752700.08,ATMOS CAPITAL GESTÃO DE RECURSOS LTDA,10957035000177,ATMOS CAPITAL GESTÃO DE RECURSOS LTDA,--,RIO DE JANEIRO,RJ,PRIVADO,2009-08-10,www.atmoscapital.com.br,ATMOS CAPITAL GESTÃO DE RECURSOS LTDA,F2 · 10 a 100 bi,0.1743267896751935
13486793000142,49,23069366257.35,APEX GROUP DISTRIBUIDORA DE TÍTULOS E VALORES MOBILIÁRIOS S.A.,13486793000142,APEX GROUP DISTRIBUIDORA DE TÍTULOS E VALORES MOBILIÁRIOS S.A.,APEX GROUP DISTRIBUIDORA DE TÍTULOS E VALORES MOBILIÁRIOS S.A.,SÃO PAULO,SP,PRIVADO,2011-06-30,www.brltrust.com.br,APEX GROUP DISTRIBUIDORA DE TÍTULOS E VALORES MOBILIÁRIOS S.A.,F2 · 10 a 100 bi,0.17388669844567942
34269803000168,9,23029234998.74,REAL GRANDEZA - FUNDAÇÃO DE PREVIDÊNCIA E ASSISTÊNCIA SOCIAL,,,,,,,,,REAL GRANDEZA - FUNDAÇÃO DE PREVIDÊNCIA E ASSISTÊNCIA SOCIAL,F2 · 10 a 100 bi,0.17358420673497024
47243769000102,29,22936185434.76,ABSOLUTE CRÉDITO GESTÃO DE INVESTIMENTOS LTDA.,47243769000102,ABSOLUTE CRÉDITO GESTÃO DE INVESTIMENTOS LTDA.,ABSOLUTE CRÉDITO GESTÃO DE INVESTIMENTOS,SÃO PAULO,SP,PRIVADO,2022-10-07,www.absoluteinvestimentos.com.br,ABSOLUTE CRÉDITO GESTÃO DE INVESTIMENTOS,F2 · 10 a 100 bi,0.17288284020015537
62073200000121,5,22514091451.93,BANK OF AMERICA MERRILL LYNCH BANCO MULTIPLO S.A.,,,,,,,,,BANK OF AMERICA MERRILL LYNCH BANCO MULTIPLO S.A.,F2 · 10 a 100 bi,0.16970128209884813
16492391000149,54,22194262842.91,PORTO SEGURO INVESTIMENTOS LTDA,16492391000149,PORTO SEGURO INVESTIMENTOS LTDA,PORTO ASSET,SÃO PAULO,SP,PRIVADO,2014-05-09,https://www.portoasset.com.br/,PORTO ASSET,F2 · 10 a 100 bi,0.16729055523836306
33552500000195,17,21709227141.18,CAPSTONE PARTNERS GESTÃO DE RECURSOS LTDA.,33552500000195,CAPSTONE PARTNERS GESTÃO DE RECURSOS LTDA.,CAPSTONE,RIO DE JANEIRO,RJ,PRIVADO,2019-12-20,www.capstonepartners.com.br,CAPSTONE,F2 · 10 a 100 bi,0.16363457024678393
48954141000170,31,21619038808.88,REAG PORTFÓLIO SOLUTIONS LTDA.,48954141000170,REAG PORTFÓLIO SOLUTIONS LTDA.,REAG PORTFÓLIO SOLUTIONS LTDA.,SÃO PAULO,SP,PRIVADO,2023-09-26,www.reag.com.br,REAG PORTFÓLIO SOLUTIONS LTDA.,F2 · 10 a 100 bi,0.1629547704132288
15675095000110,50,21228053547.329998,LIONS TRUST ADMINISTRADORA DE RECURSOS LTDA,15675095000110,LIONS TRUST ADMINISTRADORA DE RECURSOS LTDA,LIONS TRUST,SÃO PAULO,SP,PRIVADO,2012-07-20,www.lionstrust.com.br,LIONS TRUST,F2 · 10 a 100 bi,0.16000769611940466
13189882000127,88,21184213361.72,LETO ASSET MANAGEMENT LTDA,13189882000127,LETO ASSET MANAGEMENT LTDA,--,RIO DE JANEIRO,RJ,PRIVADO,2011-08-26,www.letocapital.com.br,LETO ASSET MANAGEMENT LTDA,F2 · 10 a 100 bi,0.15967724815434453
04920763000101,59,20743066955.0,PRAGMA GESTÃO DE PATRIMÔNIO LTDA,04920763000101,PRAGMA GESTÃO DE PATRIMÔNIO LTDA,PRAGMA GESTÃO DE PATRIMÔNIO LTDA,SÃO PAULO,SP,PRIVADO,2007-05-04,www.pragmabr.com,PRAGMA GESTÃO DE PATRIMÔNIO LTDA,F2 · 10 a 100 bi,0.1563520812928025
54286457000133,42,20702167923.63,Sul América Gestão de Investimentos S.A.,54286457000133,Sul América Gestão de Investimentos S.A.,Sul América Gestão de Investimentos S.A.,SÃO PAULO,SP,PRIVADO,2025-12-08,www.sulamericainvestimentos.com.br,Sul América Gestão de Investimentos S.A.,F2 · 10 a 100 bi,0.15604380244997607
21676427000184,40,20157957702.58,AZ QUEST MZK INVESTIMENTOS MACRO E CRÉDITO LTDA.,21676427000184,AZ QUEST MZK INVESTIMENTOS MACRO E CRÉDITO LTDA.,AZ QUEST MACRO E CRÉDITO LTDA.,SÃO PAULO,SP,PRIVADO,2015-07-21,www.azquest.com.br,AZ QUEST MACRO E CRÉDITO LTDA.,F2 · 10 a 100 bi,0.1519417860554586
72116353000162,12,19982490844.34,DYNAMO ADMINISTRAÇÃO DE RECURSOS LTDA,72116353000162,DYNAMO ADMINISTRAÇÃO DE RECURSOS LTDA,DYNAMO,RIO DE JANEIRO,RJ,PRIVADO,1993-06-07,www.dynamo.com.br,DYNAMO,F2 · 10 a 100 bi,0.1506191943411644
93026847000126,32,19437218835.82,BANRISUL S.A. CORRETORA DE VALORES MOBILIÁRIOS E CÂMBIO,93026847000126,BANRISUL S.A. CORRETORA DE VALORES MOBILIÁRIOS E CÂMBIO,BANRISUL S.A. CVMC,PORTO ALEGRE,RS,PRIVADO,2017-05-24,banrisulcorretora.com.br,BANRISUL S.A. CVMC,F2 · 10 a 100 bi,0.14650917466144395
07237373000120,31,19295654473.05,BANCO DO NORDESTE DO BRASIL SA,07237373000120,BANCO DO NORDESTE DO BRASIL SA,BANCO DO NORDESTE,FORTALEZA,CE,PRIVADO,1990-11-29,www.bnb.gov.br/fundos,BANCO DO NORDESTE,F2 · 10 a 100 bi,0.1454421249911133
20640477000149,1,19178166196.7,MULTIPLA GESTORA DE INVESTIMENTOS LTDA.,20640477000149,MULTIPLA GESTORA DE INVESTIMENTOS LTDA.,-----,SÃO PAULO,SP,PRIVADO,2015-07-16,www.multiplainvest.com.br,MULTIPLA GESTORA DE INVESTIMENTOS LTDA.,F2 · 10 a 100 bi,0.144556550231379
34848969000139,285,19152064693.71,WEALTH HIGH GOVERNANCE CAPITAL LTDA.,34848969000139,WEALTH HIGH GOVERNANCE CAPITAL LTDA.,WHG CAPITAL,SÃO PAULO,SP,PRIVADO,2020-04-07,www.whg.com.br,WHG CAPITAL,F2 · 10 a 100 bi,0.14435980862483597
10979208000158,18,18200890218.28,BLACKROCK BRASIL GESTORA DE INVESTIMENTOS LTDA,10979208000158,BLACKROCK BRASIL GESTORA DE INVESTIMENTOS LTDA,--,SÃO PAULO,SP,PRIVADO,2009-09-04,www.blackrock.com/br,BLACKROCK BRASIL GESTORA DE INVESTIMENTOS LTDA,F2 · 10 a 100 bi,0.1371902753427664
33172537000198,2,17782984672.72,BANCO J.P. MORGAN S.A.,,,,,,,,,BANCO J.P. MORGAN S.A.,F2 · 10 a 100 bi,0.1340402878325366
90400888000142,7,17236584421.68,BANCO SANTANDER (BRASIL) S.A.,90400888000142,BANCO SANTANDER (BRASIL) S.A.,BANCO SANTANDER (BRASIL) S.A.,SÃO PAULO,SP,PRIVADO,2006-09-12,www.santander.com.br,BANCO SANTANDER (BRASIL) S.A.,F2 · 10 a 100 bi,0.12992176395878413
04160039000127,36,17020827231.41,MAPFRE INVESTIMENTOS LTDA.,04160039000127,MAPFRE INVESTIMENTOS LTDA.,MAPFRE INVESTIMENTOS,SÃO PAULO,SP,PRIVADO,2003-04-16,https://www.mapfre.com.br/,MAPFRE INVESTIMENTOS,F2 · 10 a 100 bi,0.12829548150856668
10405423000145,199,16876917076.26,REDWOOD ADMINISTRAÇÃO DE RECURSOS LTDA,10405423000145,REDWOOD ADMINISTRAÇÃO DE RECURSOS LTDA,REDWOOD ASSET MANAGEMENT,SÃO PAULO,SP,PRIVADO,2011-12-29,http://planner.com.br/planner-redwood/,REDWOOD ASSET MANAGEMENT,F2 · 10 a 100 bi,0.12721075029086945
09121454000195,233,16870323694.08,TERCON INVESTIMENTOS S.A.,09121454000195,TERCON INVESTIMENTOS S.A.,TERCON ASSET MANAGEMENT,SÃO PAULO,SP,PRIVADO,2008-04-28,www.terconbr.com.br,TERCON ASSET MANAGEMENT,F2 · 10 a 100 bi,0.1271610522867682
59312965000162,34,15887736846.9,AZ Quest Prev Ltda.,59312965000162,AZ Quest Prev Ltda.,--,SÃO PAULO,SP,PRIVADO,2025-06-10,www.azquest.com.br,AZ Quest Prev Ltda.,F2 · 10 a 100 bi,0.11975474641402481
21744796000167,41,15772972036.49,JUS CAPITAL GESTÃO DE RECURSOS LTDA.,21744796000167,JUS CAPITAL GESTÃO DE RECURSOS LTDA.,JUS CAPITAL GESTÃO DE RECURSOS LTDA.,SÃO PAULO,SP,PRIVADO,2015-04-14,www.juscapital.com.br,JUS CAPITAL GESTÃO DE RECURSOS LTDA.,F2 · 10 a 100 bi,0.11888969993822138
03502968000104,501,15490029368.09,SANTANDER DISTRIBUIDORA DE TÍTULOS E VALORES MOBILIÁRIOS S.A.,03502968000104,SANTANDER DISTRIBUIDORA DE TÍTULOS E VALORES MOBILIÁRIOS S.A.,SANTANDER DISTRIBUIDORA DE TÍTULOS E VALORES MOBILIÁRIOS S.A.,SÃO PAULO,SP,PRIVADO,2022-07-27,www.santanderdtvm.com.br,SANTANDER DISTRIBUIDORA DE TÍTULOS E VALORES MOBILIÁRIOS S.A.,F2 · 10 a 100 bi,0.11675700301414305
31846872000107,54,15417086396.1,VINLAND CAPITAL MANAGEMENT CRÉDITO PRIVADO GESTORA DE RECURSOS LTDA.,31846872000107,VINLAND CAPITAL MANAGEMENT CRÉDITO PRIVADO GESTORA DE RECURSOS LTDA.,VINLAND CAPITAL MANAGEMENT CRÉDITO PRIVADO GESTORA DE RECURSOS,SÃO PAULO,SP,PRIVADO,2019-04-02,www.vinlandcap.com,VINLAND CAPITAL MANAGEMENT CRÉDITO PRIVADO GESTORA DE RECURSOS,F2 · 10 a 100 bi,0.11620719109331858
51017957000181,26,15405295377.859999,PORTO SEGURO GESTORA DE RECURSOS LTDA.,51017957000181,PORTO SEGURO GESTORA DE RECURSOS LTDA.,PORTO SEGURO GESTORA,SÃO PAULO,SP,PRIVADO,2024-02-05,https://www.portoasset.com.br/,PORTO SEGURO GESTORA,F2 · 10 a 100 bi,0.11611831560319047
05669128000166,49,15014361249.29,GAVEA INVESTIMENTOS LTDA,05669128000166,GAVEA INVESTIMENTOS LTDA,--,RIO DE JANEIRO,RJ,PRIVADO,2010-07-14,www.gaveainvest.com.br,GAVEA INVESTIMENTOS LTDA,F2 · 10 a 100 bi,0.113171626727196
16500294000150,51,14910283567.97,MONGERAL AEGON INVESTIMENTOS LTDA,16500294000150,MONGERAL AEGON INVESTIMENTOS LTDA,MAG INVESTIMENTOS,RIO DE JANEIRO,RJ,PRIVADO,2013-01-17,www.maginvestimentos.com.br,MAG INVESTIMENTOS,F2 · 10 a 100 bi,0.11238713511244042
01710916000106,3,14501063440.72,MORGAN STANLEY ADMINISTRADORA DE CARTEIRAS S.A.,01710916000106,MORGAN STANLEY ADMINISTRADORA DE CARTEIRAS S.A.,MORGAN STANLEY ADMINISTRADORA DE CARTEIRAS S.A.,SÃO PAULO,SP,PRIVADO,1999-09-16,www.morganstanley.com.br,MORGAN STANLEY ADMINISTRADORA DE CARTEIRAS S.A.,F2 · 10 a 100 bi,0.10930261445109142
13421810000163,151,13436028661.56,VINCI SOLUÇÕES DE INVESTIMENTOS LTDA,13421810000163,VINCI SOLUÇÕES DE INVESTIMENTOS LTDA,--,SÃO PAULO,SP,PRIVADO,2011-07-25,www.vincipartners.com,VINCI SOLUÇÕES DE INVESTIMENTOS LTDA,F2 · 10 a 100 bi,0.1012748524652609
09326542000123,81,13365691383.51,OCEANA INVESTIMENTOS ADMINISTRADORA DE CARTEIRA DE VALORES MOBILIÁRIOS LTDA,09326542000123,OCEANA INVESTIMENTOS ADMINISTRADORA DE CARTEIRA DE VALORES MOBILIÁRIOS LTDA,--,RIO DE JANEIRO,RJ,PRIVADO,2008-06-23,www.oceanainvestimentos.com.br,OCEANA INVESTIMENTOS ADMINISTRADORA DE CARTEIRA DE VALORES MOBILIÁRIOS LTDA,F2 · 10 a 100 bi,0.10074468111502394
19493000000107,25,13357460843.8,IBIUNA CRÉDITO GESTÃO DE RECURSOS LTDA.,19493000000107,IBIUNA CRÉDITO GESTÃO DE RECURSOS LTDA.,IBIUNA CRÉDITO GESTÃO DE RECURSOS LTDA.,SÃO PAULO,SP,PRIVADO,2014-09-16,www.ibiunainvest.com.br,IBIUNA CRÉDITO GESTÃO DE RECURSOS LTDA.,F2 · 10 a 100 bi,0.10068264294021531
00397695000197,9,12890565183.74,FUNDAÇÃO DE ASSISTÊNCIA E PREVIDÊNCIA SOCIAL DO BNDES - FAPES,,,,,,,,,FUNDAÇÃO DE ASSISTÊNCIA E PREVIDÊNCIA SOCIAL DO BNDES - FAPES,F2 · 10 a 100 bi,0.09716338957448475
09267871000140,33,12672377944.33,SQUADRA INVESTIMENTOS - GESTÃO DE RECURSOS LTDA.,09267871000140,SQUADRA INVESTIMENTOS - GESTÃO DE RECURSOS LTDA.,--,RIO DE JANEIRO,RJ,PRIVADO,2008-03-13,www.squadrainvest.com.br,SQUADRA INVESTIMENTOS - GESTÃO DE RECURSOS LTDA.,F2 · 10 a 100 bi,0.09551879048664054
48352277000100,48,12669070568.98,ASAROCK ASSET MANAGEMENT LTDA.,48352277000100,ASAROCK ASSET MANAGEMENT LTDA.,ASAROCK ASSET MANAGEMENT,SÃO PAULO,SP,PRIVADO,2023-01-19,www.asarock.com,ASAROCK ASSET MANAGEMENT,F2 · 10 a 100 bi,0.09549386095135481
05230601000104,14,12653291656.58,APEX ASSET MANAGEMENT LTDA,05230601000104,APEX ASSET MANAGEMENT LTDA,APEX ASSET MANAGEMENT LTDA,SÃO PAULO,SP,PRIVADO,2004-08-11,https://www.modalasset.com.br,APEX ASSET MANAGEMENT LTDA,F2 · 10 a 100 bi,0.09537492647557894
09630188000126,85,12651466209.95,PLURAL INVESTIMENTOS GESTÃO DE RECURSOS LTDA.,09630188000126,PLURAL INVESTIMENTOS GESTÃO DE RECURSOS LTDA.,--,SÃO PAULO,SP,PRIVADO,2008-11-19,https://lp.genialinvestimentos.com.br/pluralgenial,PLURAL INVESTIMENTOS GESTÃO DE RECURSOS LTDA.,F2 · 10 a 100 bi,0.09536116706475947
04686893000121,146,12476941038.76,TURIM 21 INVESTIMENTOS LTDA,04686893000121,TURIM 21 INVESTIMENTOS LTDA,TURIM 21 INVESTIMENTOS LTDA,RIO DE JANEIRO,RJ,PRIVADO,2002-01-15,http://www.turimbr.com/,TURIM 21 INVESTIMENTOS LTDA,F2 · 10 a 100 bi,0.09404567337172284
44615804000170,149,12246955584.1,GESTORA DE RECURSOS ID - GRID LTDA,44615804000170,GESTORA DE RECURSOS ID - GRID LTDA,GRID LTDA,CURITIBA,PR,PRIVADO,2022-04-18,www.gestoraid.com.br,GRID LTDA,F2 · 10 a 100 bi,0.0923121445458664
09815294000184,23,12116693024.76,EMERALD GESTÃO DE INVESTIMENTOS SOCIEDADE UNIPESSOAL LIMITADA,09815294000184,EMERALD GESTÃO DE INVESTIMENTOS SOCIEDADE UNIPESSOAL LIMITADA,EMERALD GESTÃO DE INVESTIMENTOS SOCIEDADE UNIPESSOAL LIMITADA,SÃO PAULO,SP,PRIVADO,2008-11-28,www.emerald.com.br,EMERALD GESTÃO DE INVESTIMENTOS SOCIEDADE UNIPESSOAL LIMITADA,F2 · 10 a 100 bi,0.0913302828803991
09204714000196,79,12110533176.41,PETRA CAPITAL GESTÃO DE INVESTIMENTOS LTDA,09204714000196,PETRA CAPITAL GESTÃO DE INVESTIMENTOS LTDA,--,SÃO PAULO,SP,PRIVADO,2007-12-28,www.petracapital.com.br,PETRA CAPITAL GESTÃO DE INVESTIMENTOS LTDA,F2 · 10 a 100 bi,0.0912838526629168
05563299000106,35,11997078315.23,SOMMA INVESTIMENTOS S.A.,05563299000106,SOMMA INVESTIMENTOS S.A.,SOMMA INVESTIMENTOS,FLORIANÓPOLIS,SC,PRIVADO,2003-04-29,http://sommainvestimentos.com.br,SOMMA INVESTIMENTOS,F2 · 10 a 100 bi,0.09042868000610757
05585083000141,84,11876454513.62,INTER ASSET GESTÃO DE RECURSOS LTDA.,05585083000141,INTER ASSET GESTÃO DE RECURSOS LTDA.,INTER ASSET GESTÃO DE RECURSOS LTDA,BELO HORIZONTE,MG,PRIVADO,2004-01-02,www.interasset.com.br,INTER ASSET GESTÃO DE RECURSOS LTDA,F2 · 10 a 100 bi,0.08951947104119955
13741074000120,18,11607309415.01,VERSAL FINANCE GESTÃO DE RECURSOS LTDA,13741074000120,VERSAL FINANCE GESTÃO DE RECURSOS LTDA,VERSAL FINANCE,SÃO PAULO,SP,PRIVADO,2011-09-12,www.versalfinance.com.br,VERSAL FINANCE,F2 · 10 a 100 bi,0.08749077410700358
33890909000111,18,11485237776.44,PERENNE INVESTIMENTOS LTDA.,33890909000111,PERENNE INVESTIMENTOS LTDA.,PERENNE INVESTIMENTOS,SÃO PAULO,SP,PRIVADO,2021-01-06,www.perenneinvestimentos.com.br,PERENNE INVESTIMENTOS,F2 · 10 a 100 bi,0.0865706519862657
29349426000137,38,11462791054.1,NU ASSET MANAGEMENT LTDA,29349426000137,NU ASSET MANAGEMENT LTDA,NU ASSET MANAGEMENT LTDA,SÃO PAULO,SP,PRIVADO,2018-07-16,https://www.nuasset.nu/,NU ASSET MANAGEMENT LTDA,F2 · 10 a 100 bi,0.08640145850279124
17305299000195,86,11427076441.81,WE CAPITAL INVESTIMENTOS LTDA.,17305299000195,WE CAPITAL INVESTIMENTOS LTDA.,WE CAPITAL,SÃO PAULO,SP,PRIVADO,2013-03-28,www.wecapital.com.br,WE CAPITAL,F2 · 10 a 100 bi,0.08613225752223128
02312792000165,49,11385102827.35,JGP GESTÃO DE RECURSOS LTDA,02312792000165,JGP GESTÃO DE RECURSOS LTDA,JGP GESTÃO DE RECURSOS LTDA,RIO DE JANEIRO,RJ,PRIVADO,1999-03-23,www.jgpgestao.com.br,JGP GESTÃO DE RECURSOS LTDA,F2 · 10 a 100 bi,0.08581587894646715
03017677000120,18,11344816132.96,BANCO J. SAFRA S.A.,03017677000120,BANCO J. SAFRA S.A.,BANCO J. SAFRA,SÃO PAULO,SP,PRIVADO,2010-06-24,www.safra.com.br,BANCO J. SAFRA,F2 · 10 a 100 bi,0.08551221562946835
06576569000186,31,10811328419.41,INTEGRAL INVESTIMENTOS LTDA.,06576569000186,INTEGRAL INVESTIMENTOS LTDA.,INTEGRAL INVESTIMENTOS LTDA.,SÃO PAULO,SP,PRIVADO,2006-02-21,http://www.integralinvestimentos.com.br,INTEGRAL INVESTIMENTOS LTDA.,F2 · 10 a 100 bi,0.08149102076283485
18038439000179,81,10743284385.54,M8 PARTNERS GESTORA DE RECURSOS LTDA.,18038439000179,M8 PARTNERS GESTORA DE RECURSOS LTDA.,M8 PARTNERS,SÃO PAULO,SP,PRIVADO,2013-09-23,www.m8partners.com.br,M8 PARTNERS,F2 · 10 a 100 bi,0.0809781348748313
17254708000171,121,10531746963.11,SOLIS INVESTIMENTOS S A,17254708000171,SOLIS INVESTIMENTOS S A,SOLIS INVESTIMENTOS S A,SÃO PAULO,SP,PRIVADO,2013-12-06,www.solisinvestimentos.com.br,SOLIS INVESTIMENTOS S A,F2 · 10 a 100 bi,0.07938365917169653
11079478000175,36,10509250653.59,VINCI CAPITAL GESTORA DE RECURSOS LTDA.,11079478000175,VINCI CAPITAL GESTORA DE RECURSOS LTDA.,VINCI CAPITAL,RIO DE JANEIRO,RJ,PRIVADO,2009-12-30,www.vincipartners.com,VINCI CAPITAL,F2 · 10 a 100 bi,0.07921409192195039
50715649000167,37,10473699949.99,RIZA LÍQUIDOS GESTORA DE RECURSOS LTDA.,50715649000167,RIZA LÍQUIDOS GESTORA DE RECURSOS LTDA.,RIZA LÍQUIDOS,SÃO PAULO,SP,PRIVADO,2023-09-06,www.rizaasset.com,RIZA LÍQUIDOS,F2 · 10 a 100 bi,0.0789461264127351
27957477000116,77,10391986337.37,SHARP CAPITAL GESTORA DE RECURSOS LTDA,27957477000116,SHARP CAPITAL GESTORA DE RECURSOS LTDA,SHARP CAPITAL,RIO DE JANEIRO,RJ,PRIVADO,2017-10-20,sharpcapital.com.br,SHARP CAPITAL,F2 · 10 a 100 bi,0.07833020527480468
11397672000280,51,10319698676.51,PLURAL GESTÃO DE RECURSOS LTDA,11397672000280,PLURAL GESTÃO DE RECURSOS LTDA,--,RIO DE JANEIRO,RJ,PRIVADO,2010-01-15,https://lp.genialinvestimentos.com.br/pluralgenial,PLURAL GESTÃO DE RECURSOS LTDA,F2 · 10 a 100 bi,0.0777853327999788
03151030000197,7,10291102636.130001,OPPORTUNITY PRIVATE EQUITY GESTORA DE RECURSOS LTDA,03151030000197,OPPORTUNITY PRIVATE EQUITY GESTORA DE RECURSOS LTDA,OPPORTUNITY PRIVATE EQUITY GESTORA DE RECURSOS LTDA,RIO DE JANEIRO,RJ,PRIVADO,1999-10-01,opportunity.com.br,OPPORTUNITY PRIVATE EQUITY GESTORA DE RECURSOS LTDA,F2 · 10 a 100 bi,0.07756978847185003
10479557000100,17,10178051607.27,PHRONESIS INVESTIMENTOS LTDA.,10479557000100,PHRONESIS INVESTIMENTOS LTDA.,PHRONESIS,CURITIBA,PR,PRIVADO,2009-02-03,www.phronesisinvestimentos.com.br,PHRONESIS,F2 · 10 a 100 bi,0.07671765972478964
42271429000163,11,10112494787.29,FUNDAÇÃO VALE DO RIO DOCE DE SEGURIDADE SOCIAL - VALIA,,,,,,,,,FUNDAÇÃO VALE DO RIO DOCE DE SEGURIDADE SOCIAL - VALIA,F2 · 10 a 100 bi,0.07622352135706192
28264093000180,17,9945396703.17,SMART AGRO INVESTIMENTOS LTDA.,28264093000180,SMART AGRO INVESTIMENTOS LTDA.,SMART AGRO INVESTIMENTOS,SÃO PAULO,SP,PRIVADO,2017-12-29,,SMART AGRO INVESTIMENTOS,F3 · 1 a 10 bi,0.07496400976753276
38300262000144,16,9908017870.32,PÁTRIA VBI ASSET MANAGEMENT LTDA.,38300262000144,PÁTRIA VBI ASSET MANAGEMENT LTDA.,PÁTRIA VBI ASSET MANAGEMENT LTDA.,SÃO PAULO,SP,PRIVADO,2021-03-12,https://realestate.patria.com/,PÁTRIA VBI ASSET MANAGEMENT LTDA.,F3 · 1 a 10 bi,0.07468226462709274
26843225000101,35,9820570519.16,HEDGE INVESTMENTS REAL ESTATE GESTÃO DE RECURSOS LTDA.,26843225000101,HEDGE INVESTMENTS REAL ESTATE GESTÃO DE RECURSOS LTDA.,HEDGE INVESTMENTS REAL ESTATE,SÃO PAULO,SP,PRIVADO,2017-07-25,www.hedgeinvest.com.br,HEDGE INVESTMENTS REAL ESTATE,F3 · 1 a 10 bi,0.07402312509931365
11392069000124,41,9770760392.29,V8 CAPITAL GESTÃO DE INVESTIMENTOS LTDA.,11392069000124,V8 CAPITAL GESTÃO DE INVESTIMENTOS LTDA.,V8 CAPITAL,SÃO PAULO,SP,PRIVADO,2011-09-14,www.v8capital.com.br,V8 CAPITAL,F3 · 1 a 10 bi,0.0736476783525776
17590181000156,161,9681866929.94,PORTOFINO GESTÃO DE RECURSOS LTDA.,17590181000156,PORTOFINO GESTÃO DE RECURSOS LTDA.,PORTOFINO GESTÃO DE RECURSOS LTDA.,SÃO PAULO,SP,PRIVADO,2013-09-18,www.portofinomultifamilyoffice.com.br,PORTOFINO GESTÃO DE RECURSOS LTDA.,F3 · 1 a 10 bi,0.07297763867706106
09647907000111,27,9162964341.44,OPPORTUNITY GESTÃO DE INVESTIMENTOS E RECURSOS LTDA,09647907000111,OPPORTUNITY GESTÃO DE INVESTIMENTOS E RECURSOS LTDA,--,RIO DE JANEIRO,RJ,PRIVADO,2008-09-09,opportunity.com.br,OPPORTUNITY GESTÃO DE INVESTIMENTOS E RECURSOS LTDA,F3 · 1 a 10 bi,0.06906638004417884
44011526000142,81,9149351115.960001,SPECTRA INVESTIMENTOS LTDA,44011526000142,SPECTRA INVESTIMENTOS LTDA,SPECTRA INVESTIMENTOS,SÃO PAULO,SP,PRIVADO,2012-09-06,www.spectrainvest.com,SPECTRA INVESTIMENTOS,F3 · 1 a 10 bi,0.06896376956032303
43228545000162,29,9118556784.01,NOVA OCCAM BRASIL GESTAO DE RECURSOS LTDA.,43228545000162,NOVA OCCAM BRASIL GESTAO DE RECURSOS LTDA.,-----,SÃO PAULO,SP,PRIVADO,2022-04-06,www.novaoccam.com.br,NOVA OCCAM BRASIL GESTAO DE RECURSOS LTDA.,F3 · 1 a 10 bi,0.0687316554808164
13478471000151,7,8967392531.19,GLP CAPITAL PARTNERS GESTÃO DE RECURSOS E ADMINISTRAÇÃO IMOBILIÁRIA LTDA.,13478471000151,GLP CAPITAL PARTNERS GESTÃO DE RECURSOS E ADMINISTRAÇÃO IMOBILIÁRIA LTDA.,GLP CAPITAL PARTNERS GESTÃO DE RECURSOS E ADMINISTRAÇÃO IMOBILIÁRIA LTDA.,SÃO PAULO,SP,PRIVADO,2017-06-05,https://www.glp.com/br/compliance-e-risco,GLP CAPITAL PARTNERS GESTÃO DE RECURSOS E ADMINISTRAÇÃO IMOBILIÁRIA LTDA.,F3 · 1 a 10 bi,0.06759224607733949
07252227000173,83,8961234628.22,MULTIPLICA CAPITAL ASSET MANAGEMENT LTDA.,07252227000173,MULTIPLICA CAPITAL ASSET MANAGEMENT LTDA.,MULTIPLICA CAPITAL,SÃO PAULO,SP,PRIVADO,2005-06-03,www.grupomultiplica.com.br,MULTIPLICA CAPITAL,F3 · 1 a 10 bi,0.06754583052327279
11570951000112,38,8909637659.39,REAL INVESTOR ASSET MANAGEMENT LTDA,11570951000112,REAL INVESTOR ASSET MANAGEMENT LTDA,REAL INVESTOR ASSET MANAGEMENT,LONDRINA,PR,PRIVADO,2010-09-27,www.realinvestor.com.br,REAL INVESTOR ASSET MANAGEMENT,F3 · 1 a 10 bi,0.06715691535067699
28156057000101,27,8817344360.47,BANESTES DISTRIBUIDORA DE TÍTULOS E VALORES MOBILIÁRIOS S.A.,28156057000101,BANESTES DISTRIBUIDORA DE TÍTULOS E VALORES MOBILIÁRIOS S.A.,BANESTES ASSET MANAGEMENT,VITÓRIA,ES,,1995-07-07,www.banestesasset.com.br,BANESTES ASSET MANAGEMENT,F3 · 1 a 10 bi,0.06646124920801709
11752203000150,27,8779388221.37,ALASKA INVESTIMENTOS LTDA.,11752203000150,ALASKA INVESTIMENTOS LTDA.,ALASKA ASSET MANAGEMENT,SÃO PAULO,SP,PRIVADO,2010-07-28,www.alaska-asset.com.br,ALASKA ASSET MANAGEMENT,F3 · 1 a 10 bi,0.0661751525879272
30056796000165,31,8706804164.22,HASHDEX GESTORA DE RECURSOS LTDA,30056796000165,HASHDEX GESTORA DE RECURSOS LTDA,-----,RIO DE JANEIRO,RJ,PRIVADO,2018-07-16,www.hashdex.com.br,HASHDEX GESTORA DE RECURSOS LTDA,F3 · 1 a 10 bi,0.06562804600871698
41793345000127,39,8701788147.5,CAPITANIA CAPITAL S.A.,41793345000127,CAPITANIA CAPITAL S.A.,CAPITANIA CAPITAL,SÃO PAULO,SP,PRIVADO,2021-10-04,www.capitaniainvestimentos.com.br,CAPITANIA CAPITAL,F3 · 1 a 10 bi,0.06559023748909582
01023570000160,2,8644999969.08,BANCO RABOBANK INTERNATIONAL BRASIL S.A.,,,,,,,,,BANCO RABOBANK INTERNATIONAL BRASIL S.A.,F3 · 1 a 10 bi,0.06516219327036692
14351454000111,40,8634145650.69,ABSOLUTE DHAMA GESTÃO DE INVESTIMENTOS LTDA,14351454000111,ABSOLUTE DHAMA GESTÃO DE INVESTIMENTOS LTDA,--,SÃO PAULO,SP,PRIVADO,2011-12-23,www.absoluteinvestimentos.com.br,ABSOLUTE DHAMA GESTÃO DE INVESTIMENTOS LTDA,F3 · 1 a 10 bi,0.0650803782101845
01591499000111,118,8563789811.690001,TAG INVESTIMENTOS LTDA,01591499000111,TAG INVESTIMENTOS LTDA,TAG INVESTIMENTOS LTDA,SÃO PAULO,SP,PRIVADO,2005-09-22,www.taginvest.com.br,TAG INVESTIMENTOS LTDA,F3 · 1 a 10 bi,0.06455006695570052
17707098000114,36,8507122229.37,QUADRA CAPITAL,17707098000114,QUADRA GESTÃO DE RECURSOS S.A.,QUADRA CAPITAL,SÃO PAULO,SP,PRIVADO,2013-08-07,www.quadra.capital,QUADRA CAPITAL,F3 · 1 a 10 bi,0.06412293173713403
02622448000172,81,8422222599.86,BLUE SOLUTIONS ASSET MANAGEMENT LTDA.,02622448000172,BLUE SOLUTIONS ASSET MANAGEMENT LTDA.,BLUE SOLUTIONS,SÃO PAULO,SP,PRIVADO,2007-03-27,https://www.bsam.com.br,BLUE SOLUTIONS,F3 · 1 a 10 bi,0.06348299581041339
23241377000138,6,8380270290.4800005,MILESTONES ADMINISTRADORA DE RECURSOS LTDA.,23241377000138,MILESTONES ADMINISTRADORA DE RECURSOS LTDA.,----------,JARAGUÁ DO SUL,SC,PRIVADO,2015-12-24,www.milestones.com.br,MILESTONES ADMINISTRADORA DE RECURSOS LTDA.,F3 · 1 a 10 bi,0.06316677782293678
29158123000137,34,8265935505.42,GALAPAGOS INVESTMENTS SOLUTIONS LTDA.,29158123000137,GALAPAGOS INVESTMENTS SOLUTIONS LTDA.,GALAPAGOS INVESTMENTS SOLUTIONS LTDA.,SÃO PAULO,SP,PRIVADO,2018-08-31,www.galapagoscapital.com/investment-solutions/,GALAPAGOS INVESTMENTS SOLUTIONS LTDA.,F3 · 1 a 10 bi,0.06230497268837893
36113876000191,24,8233782608.79,OLIVEIRA TRUST DTVM S.A.,36113876000191,OLIVEIRA TRUST DTVM S.A.,OLIVEIRA TRUST DTVM S.A.,RIO DE JANEIRO,RJ,PRIVADO,2002-02-21,www.oliveiratrust.com.br,OLIVEIRA TRUST DTVM S.A.,F3 · 1 a 10 bi,0.062062618348078205
04661817000161,28,8190788473.35,KINEA PRIVATE EQUITY INVESTIMENTOS S/A,04661817000161,KINEA PRIVATE EQUITY INVESTIMENTOS S/A,KINEA PRIVATE EQUITY INVESTIMENTOS S/A,SÃO PAULO,SP,PRIVADO,2013-08-01,www.kinea.com.br,KINEA PRIVATE EQUITY INVESTIMENTOS S/A,F3 · 1 a 10 bi,0.061738547535694875
01522368000182,2,8158758624.25,BANCO BNP PARIBAS BRASIL S/A,01522368000182,BANCO BNP PARIBAS BRASIL S/A,BANCO BNP PARIBAS BRASIL S/A,SÃO PAULO,SP,PRIVADO,1997-08-21,https://www.bnpparibas.com.br/,BANCO BNP PARIBAS BRASIL S/A,F3 · 1 a 10 bi,0.06149712067335366
11077576000173,64,8039043804.79,VINCI GESTORA DE RECURSOS LTDA,11077576000173,VINCI GESTORA DE RECURSOS LTDA,--,RIO DE JANEIRO,RJ,PRIVADO,2009-12-30,https://www.vincipartners.com/,VINCI GESTORA DE RECURSOS LTDA,F3 · 1 a 10 bi,0.06059476321460519
07078144000100,28,8036589338.05,GUEPARDO INVESTIMENTOS LTDA,07078144000100,GUEPARDO INVESTIMENTOS LTDA,GUEPARDO INVESTIMENTOS LTDA,SÃO PAULO,SP,PRIVADO,2004-12-23,www.guepardoinvest.com.br,GUEPARDO INVESTIMENTOS LTDA,F3 · 1 a 10 bi,0.06057626252788922
11916849000126,108,7996960356.01,OURO PRETO GESTÃO DE RECURSOS S.A.,11916849000126,OURO PRETO GESTÃO DE RECURSOS S.A.,OURO PRETO INVESTIMENTOS,SÃO PAULO,SP,PRIVADO,2011-01-13,www.ouropretoinvestimentos.com.br,OURO PRETO INVESTIMENTOS,F3 · 1 a 10 bi,0.06027755675622532
43241789000185,56,7757454910.3,POLÍGONO CAPITAL LTDA,43241789000185,POLÍGONO CAPITAL LTDA,POLÍGONO CAPITAL LTDA,SÃO PAULO,SP,PRIVADO,2021-12-08,https://poligono.com,POLÍGONO CAPITAL LTDA,F3 · 1 a 10 bi,0.05847227044061169
10290382000199,24,7464772830.139999,NEBRASKA CAPITAL GESTÃO DE RECURSOS LTDA,10290382000199,NEBRASKA CAPITAL GESTÃO DE RECURSOS LTDA,NEBRASKA CAPITAL,PORTO ALEGRE,RS,PRIVADO,2011-06-30,www.nebraskacapital.com.br,NEBRASKA CAPITAL,F3 · 1 a 10 bi,0.05626616213033155
33479023000180,4,7341429063.139999,BANCO CITIBANK SA,33479023000180,BANCO CITIBANK SA,CITIBANK - BANCO,SÃO PAULO,SP,PRIVADO,1994-03-10,www.citi.com,CITIBANK - BANCO,F3 · 1 a 10 bi,0.055336451267093176
42465310000121,3,7243823278.81,TELOS FUNDAÇÃO EMBRATEL DE SEGURIDADE SOCIAL,,,,,,,,,TELOS FUNDAÇÃO EMBRATEL DE SEGURIDADE SOCIAL,F3 · 1 a 10 bi,0.05460074195470852
18223260000191,212,7120810491.05,CATÁLISE INVESTIMENTOS LTDA.,18223260000191,CATÁLISE INVESTIMENTOS LTDA.,CATÁLISE INVESTIMENTOS LTDA.,CURITIBA,PR,PRIVADO,2016-01-08,www.cataliseinvestimentos.com,CATÁLISE INVESTIMENTOS LTDA.,F3 · 1 a 10 bi,0.0536735258668643
54464258000178,32,7077921461.13,REGIA CAPITAL LTDA,54464258000178,REGIA CAPITAL LTDA,-----,RIO DE JANEIRO,RJ,PRIVADO,2024-05-24,www.regiacapital.com.br,REGIA CAPITAL LTDA,F3 · 1 a 10 bi,0.05335024729348994
13838015000175,13,7031568885.15,VINCI REAL ESTATE GESTORA DE RECURSOS LTDA,13838015000175,VINCI REAL ESTATE GESTORA DE RECURSOS LTDA,--,RIO DE JANEIRO,RJ,PRIVADO,2011-10-17,www.vincipartners.com,VINCI REAL ESTATE GESTORA DE RECURSOS LTDA,F3 · 1 a 10 bi,0.053000862038962336
32541657000152,27,6983202369.67,ABSOLUTO PARTNERS GESTÃO DE RECURSOS LTDA.,32541657000152,ABSOLUTO PARTNERS GESTÃO DE RECURSOS LTDA.,ABSOLUTO PARTNERS GESTÃO DE RECURSOS LTDA.,RIO DE JANEIRO,RJ,PRIVADO,2019-07-12,www.absolutopartners.com.br,ABSOLUTO PARTNERS GESTÃO DE RECURSOS LTDA.,F3 · 1 a 10 bi,0.05263629659757491
11397040000135,41,6942259591.95,ROOT CAPITAL - GESTÃO DE RECURSOS LTDA,11397040000135,ROOT CAPITAL - GESTÃO DE RECURSOS LTDA,ROOT CAPITAL - GESTÃO DE RECURSOS LTDA,RIO DE JANEIRO,RJ,PRIVADO,2010-04-27,www.rootcapital.com.br,ROOT CAPITAL - GESTÃO DE RECURSOS LTDA,F3 · 1 a 10 bi,0.052327688014074794
04506394000105,32,6936836004.059999,AZ QUEST INVESTIMENTOS LTDA.,04506394000105,AZ QUEST INVESTIMENTOS LTDA.,AZ QUEST INVESTIMENTOS LTDA.,SÃO PAULO,SP,PRIVADO,2001-07-20,www.azquest.com.br,AZ QUEST INVESTIMENTOS LTDA.,F3 · 1 a 10 bi,0.052286807402904055
21163346000180,3,6833438923.93,SCAI GESTORA DE RECURSOS LTDA.,21163346000180,SCAI GESTORA DE RECURSOS LTDA.,SCAI GESTORA DE RECURSOS LTDA.,RIO DE JANEIRO,RJ,PRIVADO,2016-03-02,www.scaigestora.com.br,SCAI GESTORA DE RECURSOS LTDA.,F3 · 1 a 10 bi,0.051507445859454604
29738952000199,9,6792675821.5,SERPROS FUNDO MULTIPATROCINADO,,,,,,,,,SERPROS FUNDO MULTIPATROCINADO,F3 · 1 a 10 bi,0.0512001915889695
13635309000108,14,6621861813.52,QUANTITAS GESTAO DE RECURSOS LTDA.,13635309000108,QUANTITAS GESTAO DE RECURSOS LTDA.,QUANTITAS ASSET MANAGEMENT,PORTO ALEGRE,RS,PRIVADO,2011-07-14,www.quantitas.com.br,QUANTITAS ASSET MANAGEMENT,F3 · 1 a 10 bi,0.04991267100584759
07273170000199,4,6610653126.92,CAIXA DE PREVIDÊNCIA DOS FUNCIONÁRIOS DO BANCO DO NORDESTE DO BRASIL,,,,,,,,,CAIXA DE PREVIDÊNCIA DOS FUNCIONÁRIOS DO BANCO DO NORDESTE DO BRASIL,F3 · 1 a 10 bi,0.04982818487454065
13037768000181,10,6516102912.96,REDASSET GESTAO DE RECURSOS LTDA,13037768000181,REDASSET GESTAO DE RECURSOS LTDA,--,SÃO PAULO,SP,PRIVADO,2012-02-16,www.redasset.com.br,REDASSET GESTAO DE RECURSOS LTDA,F3 · 1 a 10 bi,0.049115507102666496
29325262000108,12,6499344823.46,IRB ASSET MANAGEMENT S.A.,29325262000108,IRB ASSET MANAGEMENT S.A.,-----,RIO DE JANEIRO,RJ,PRIVADO,2018-07-16,http://www.irbasset.com,IRB ASSET MANAGEMENT S.A.,F3 · 1 a 10 bi,0.04898919202218682
05451668000179,54,6440353489.19,POLO CAPITAL GESTÃO DE RECURSOS LTDA,05451668000179,POLO CAPITAL GESTÃO DE RECURSOS LTDA,POLO CAPITAL GESTÃO DE RECURSOS LTDA,RIO DE JANEIRO,RJ,PRIVADO,2003-03-19,www.polocapital.com/,POLO CAPITAL GESTÃO DE RECURSOS LTDA,F3 · 1 a 10 bi,0.048544541387284895
09452272000105,42,6378339822.24,ANGÁ ADMINISTRAÇÃO DE RECURSOS LTDA.,09452272000105,ANGÁ ADMINISTRAÇÃO DE RECURSOS LTDA.,ANGÁ ASSET MANAGEMENT,SÃO PAULO,SP,PRIVADO,2008-05-14,www.angaasset.com.br,ANGÁ ASSET MANAGEMENT,F3 · 1 a 10 bi,0.04807710974290629
15213150000150,23,6357510534.94,BOCOM BBM CCVM S.A.,15213150000150,BOCOM BBM CCVM S.A.,BOCOM BBM CORRETORA,RIO DE JANEIRO,RJ,,1989-07-26,www.bocombbm.com.br,BOCOM BBM CORRETORA,F3 · 1 a 10 bi,0.04792010777071646
35098801000116,14,6271672000.72,TARPON PUBLIC EQUITIES GESTORA DE RECURSOS LTDA.,35098801000116,TARPON PUBLIC EQUITIES GESTORA DE RECURSOS LTDA.,TPE,SÃO PAULO,SP,PRIVADO,2020-08-11,www.tarpon.com.br,TPE,F3 · 1 a 10 bi,0.04727309479478884
33962328000148,18,6256240755.68,R CAPITAL ASSET MANAGEMENT INVESTIMENTOS S.A.,33962328000148,R CAPITAL ASSET MANAGEMENT INVESTIMENTOS S.A.,R CAPITAL,SÃO PAULO,SP,PRIVADO,2021-09-28,www.rcap-asset.com.br,R CAPITAL,F3 · 1 a 10 bi,0.0471567808820884
08885512000194,61,6196961131.19,GAMA INVESTIMENTOS LTDA.,08885512000194,GAMA INVESTIMENTOS LTDA.,--,SÃO PAULO,SP,PRIVADO,2011-04-07,http://gamainvestimentos.com.br/,GAMA INVESTIMENTOS LTDA.,F3 · 1 a 10 bi,0.04670995724277921
17482086000139,47,6135622842.63,VALORA RENDA FIXA LTDA.,17482086000139,VALORA RENDA FIXA LTDA.,VALORA RENDA FIXA,SÃO PAULO,SP,PRIVADO,2013-07-15,www.valorainvest.com.br,VALORA RENDA FIXA,F3 · 1 a 10 bi,0.04624761630254603
46895578000154,70,6102307307.440001,MONTE AZUL GESTÃO DE RECURSOS LTDA.,46895578000154,MONTE AZUL GESTÃO DE RECURSOS LTDA.,MONTE AZUL GESTÃO DE RECURSOS LTDA.,RIO DE JANEIRO,RJ,PRIVADO,2022-10-18,www.monteazulmfo.com.br,MONTE AZUL GESTÃO DE RECURSOS LTDA.,F3 · 1 a 10 bi,0.04599649850604851
03084098000109,39,5945239616.29,ARTESANAL INVESTIMENTOS LTDA,03084098000109,ARTESANAL INVESTIMENTOS LTDA,ARTESANAL INVESTIMENTOS LTDA,SÃO PAULO,SP,PRIVADO,1999-09-13,www.artesanalinvestimentos.com.br,ARTESANAL INVESTIMENTOS LTDA,F3 · 1 a 10 bi,0.04481259159062306
43027793000145,53,5861790977.65,PERFIN WEALTH MANAGEMENT LTDA.,43027793000145,PERFIN WEALTH MANAGEMENT LTDA.,PERFIN WEALTH MANAGEMENT LTDA.,SÃO PAULO,SP,PRIVADO,2022-05-02,www.perfin.com.br,PERFIN WEALTH MANAGEMENT LTDA.,F3 · 1 a 10 bi,0.04418359259251348
04274010000176,12,5821620522.97,CAPITÂNIA INVEST S/A,04274010000176,CAPITÂNIA INVEST S/A,CAPITÂNIA INVEST,SÃO PAULO,SP,PRIVADO,2003-06-03,www.capitaniainvestimentos.com.br,CAPITÂNIA INVEST,F3 · 1 a 10 bi,0.04388080543913247
12678380000105,40,5810978234.52,VCM GESTÃO DE CAPITAL LTDA,12678380000105,VCM GESTÃO DE CAPITAL LTDA,VERITAS CAPITAL MANAGEMENT,SÃO PAULO,SP,PRIVADO,2011-01-13,www.veritascapital.com.br,VERITAS CAPITAL MANAGEMENT,F3 · 1 a 10 bi,0.0438005885670332
40888143000104,60,5809554171.93,GV ATACAMA CAPITAL LTDA,40888143000104,GV ATACAMA CAPITAL LTDA.,-----,SÃO PAULO,SP,PRIVADO,2021-12-23,www.gvatacama.com.br,GV ATACAMA CAPITAL LTDA.,F3 · 1 a 10 bi,0.043789854611908784
09437736000104,8,5780769902.52,LORINVEST GESTÃO DE RECURSOS LTDA,09437736000104,LORINVEST GESTÃO DE RECURSOS LTDA,--,RIO DE JANEIRO,RJ,PRIVADO,2009-09-04,www.lorinvest.com,LORINVEST GESTÃO DE RECURSOS LTDA,F3 · 1 a 10 bi,0.043572891496449065
05395883000108,9,5755935769.9,OPPORTUNITY ASSET ADMINISTRADORA DE RECURSOS DE TERCEIROS LTDA,05395883000108,OPPORTUNITY ASSET ADMINISTRADORA DE RECURSOS DE TERCEIROS LTDA,OPPORTUNITY ASSET ADMINISTRADORA DE RECURSOS DE TERCEIROS LTDA,RIO DE JANEIRO,RJ,PRIVADO,2004-10-25,opportunity.com.br,OPPORTUNITY ASSET ADMINISTRADORA DE RECURSOS DE TERCEIROS LTDA,F3 · 1 a 10 bi,0.043385702768250774
15264376000180,1,5750873169.87,Evergreen Investment Advisors Gestora de Recursos Ltda.,15264376000180,Evergreen Investment Advisors Gestora de Recursos Ltda.,Evergreen Investment Advisors,SÃO PAULO,SP,PRIVADO,2013-08-28,https://www.evergreen.net/sao-paulo-compliance-documents,Evergreen Investment Advisors,F3 · 1 a 10 bi,0.043347543124203886
22134302000195,133,5652598475.94,LAKEWOOD GESTÃO DE RECURSOS LTDA.,22134302000195,LAKEWOOD GESTÃO DE RECURSOS LTDA.,LAKEWOOD INVESTMENT MANAGEMENT,SÃO PAULO,SP,PRIVADO,2015-06-16,www.lkwd.com.br,LAKEWOOD INVESTMENT MANAGEMENT,F3 · 1 a 10 bi,0.04260679186655706
32500613000184,7,5601785279.650001,CAIXA BENEFICENTE DOS EMPREGADOS DA CSN - CBS,,,,,,,,,CAIXA BENEFICENTE DOS EMPREGADOS DA CSN - CBS,F3 · 1 a 10 bi,0.04222378442535675
15632652000116,8,5597890945.66,MÉRITO INVESTIMENTOS SA,15632652000116,MÉRITO INVESTIMENTOS SA,MÉRITO INVESTIMENTOS,SÃO PAULO,SP,PRIVADO,2012-08-03,www.meritoinvestimentos.com,MÉRITO INVESTIMENTOS,F3 · 1 a 10 bi,0.042194430654966544
33459864000125,44,5595870250.96,ORRAM GESTÃO DE RECURSOS LTDA.,33459864000125,ORRAM GESTÃO DE RECURSOS LTDA.,ORRAM GESTÃO DE RECURSOS,SÃO PAULO,SP,PRIVADO,2020-03-06,www.orram.com.br,ORRAM GESTÃO DE RECURSOS,F3 · 1 a 10 bi,0.04217919955039132
33411393000185,52,5582299708.81,ACE CAPITAL GESTORA DE RECURSOS LTDA.,33411393000185,ACE CAPITAL GESTORA DE RECURSOS LTDA.,ACE CAPITAL GESTORA DE RECURSOS LTDA.,SÃO PAULO,SP,PRIVADO,2019-08-05,www.acecapital.com.br,ACE CAPITAL GESTORA DE RECURSOS LTDA.,F3 · 1 a 10 bi,0.042076910794633694
39563738000100,56,5547575179.94,WEALTH HIGH GOVERNANCE ASSET MANAGEMENT LTDA.,39563738000100,WEALTH HIGH GOVERNANCE ASSET MANAGEMENT LTDA.,WHG ASSET MANAGEMENT,SÃO PAULO,SP,PRIVADO,2021-07-15,www.whg.com.br,WHG ASSET MANAGEMENT,F3 · 1 a 10 bi,0.041815172625802886
10423667000150,10,5537115794.58,EUROVEST ASSET MANAGEMENT LTDA,10423667000150,EUROVEST ASSET MANAGEMENT LTDA,--,SÃO PAULO,SP,PRIVADO,2012-12-11,www.euvcapital.com.br,EUROVEST ASSET MANAGEMENT LTDA,F3 · 1 a 10 bi,0.04173633439645005
19807960000196,119,5433265560.29,ASA ASSET MANAGEMENT LTDA.,19807960000196,ASA ASSET MANAGEMENT LTDA.,ASA ASSET MANAGEMENT LTDA.,SÃO PAULO,SP,PRIVADO,2014-04-16,https://asa.com.br/,ASA ASSET MANAGEMENT LTDA.,F3 · 1 a 10 bi,0.04095355717699588
07559989000117,27,5420285560.02,VALORA IMOBILIÁRIO E INFRAESTRUTURA LTDA.,07559989000117,VALORA IMOBILIÁRIO E INFRAESTRUTURA LTDA.,--,SÃO PAULO,SP,PRIVADO,2007-11-28,www.valorainvest.com.br/,VALORA IMOBILIÁRIO E INFRAESTRUTURA LTDA.,F3 · 1 a 10 bi,0.04085571966522396
18506057000122,20,5405098508.29,IBIUNA AÇÕES GESTÃO DE RECURSOS LTDA.,18506057000122,IBIUNA AÇÕES GESTÃO DE RECURSOS LTDA.,IBIUNA AÇÕES GESTÃO DE RECURSOS LTDA.,SÃO PAULO,SP,PRIVADO,2013-10-01,www.ibiunainvest.com.br,IBIUNA AÇÕES GESTÃO DE RECURSOS LTDA.,F3 · 1 a 10 bi,0.0407412463738906
11695155000106,24,5384934810.440001,ECO GESTÃO DE ATIVOS LTDA,11695155000106,ECO GESTÃO DE ATIVOS LTDA,--,SÃO PAULO,SP,PRIVADO,2010-09-27,www.ecoagro.agr.br,ECO GESTÃO DE ATIVOS LTDA,F3 · 1 a 10 bi,0.04058926132113799
13151244000117,26,5259833517.29,BAHIA AM RENDA FIXA LTDA,13151244000117,BAHIA AM RENDA FIXA LTDA,BAHIA AM RENDA FIXA LTDA,RIO DE JANEIRO,RJ,PRIVADO,2011-06-16,www.bahiaasset.com.br,BAHIA AM RENDA FIXA LTDA,F3 · 1 a 10 bi,0.03964630300167363
43241818000109,3,5245010863.03,PRISMA OIL&GAS LTDA,43241818000109,PRISMA OIL&GAS LTDA,PRISMA OIL&GAS LTDA,SÃO PAULO,SP,PRIVADO,2021-12-08,https://www.prismacapital.com/oilgas/,PRISMA OIL&GAS LTDA,F3 · 1 a 10 bi,0.03953457637759907
13189560000188,5,5169147431.97,ARCH CAPITAL LTDA.,13189560000188,ARCH CAPITAL LTDA.,ARCH CAPITAL,SÃO PAULO,SP,PRIVADO,2011-07-25,www.archcapital.com.br,ARCH CAPITAL,F3 · 1 a 10 bi,0.038962751325596096
20429285000198,5,5155789459.67,KAPITALO CICLO GESTORA DE RECURSOS FINANCEIROS LTDA,20429285000198,KAPITALO CICLO GESTORA DE RECURSOS FINANCEIROS LTDA,KAPITALO CICLO,RIO DE JANEIRO,RJ,PRIVADO,2015-06-19,http://www.kapitalo.com.br/,KAPITALO CICLO,F3 · 1 a 10 bi,0.038862064827524835
31681693000159,17,5140017189.09,INVESTCOOP ASSET MANAGEMENT LTDA.,31681693000159,INVESTCOOP ASSET MANAGEMENT LTDA.,INVESTCOOP ASSET MANAGEMENT LTDA.,SÃO PAULO,SP,PRIVADO,2019-04-17,www.investcoop.com.br,INVESTCOOP ASSET MANAGEMENT LTDA.,F3 · 1 a 10 bi,0.038743180414855964
10639564000122,72,5016038922.66,WRIGHT CAPITAL GESTAO DE RECURSOS LTDA,10639564000122,WRIGHT CAPITAL GESTAO DE RECURSOS LTDA,WRIGHT CAPITAL WEALTH MANAGEMENT,SÃO PAULO,SP,PRIVADO,2009-06-26,http://www.wright.capital/,WRIGHT CAPITAL WEALTH MANAGEMENT,F3 · 1 a 10 bi,0.03780868697502586
30406191000157,50,4950353554.05,VITRA GESTÃO DE PATRIMONIO LTDA,30406191000157,VITRA GESTÃO DE PATRIMONIO LTDA,VITRA GESTÃO DE PATRIMÔNIO LTDA,SÃO PAULO,SP,PRIVADO,2018-09-04,https://vitracapital.com,VITRA GESTÃO DE PATRIMÔNIO LTDA,F3 · 1 a 10 bi,0.03731357966447539
08800008000144,101,4945621226.02,BRAINVEST ASSESSORIA FINANCEIRA E GESTÃO DE RECURSOS LTDA,08800008000144,BRAINVEST ASSESSORIA FINANCEIRA E GESTÃO DE RECURSOS LTDA,--,SÃO PAULO,SP,PRIVADO,2007-06-18,www.brainvest.com,BRAINVEST ASSESSORIA FINANCEIRA E GESTÃO DE RECURSOS LTDA,F3 · 1 a 10 bi,0.03727790946495977
07625200000189,47,4941757237.01,XP GESTÃO DE RECURSOS LTDA,07625200000189,XP GESTÃO DE RECURSOS LTDA,XP GESTÃO DE RECURSOS,SÃO PAULO,SP,PRIVADO,2006-02-03,www.xpgestao.com.br,XP GESTÃO DE RECURSOS,F3 · 1 a 10 bi,0.037248784421632444
05823902000141,32,4936143594.28,"TABOAÇO, NIECKELE E ASSOCIADOS - GESTAO PATRIMONIAL LTDA",05823902000141,"TABOAÇO, NIECKELE E ASSOCIADOS - GESTAO PATRIMONIAL LTDA","TABOACO, NIECKELE E ASSOCIADOS - GESTAO PATRIMONIAL LTDA",RIO DE JANEIRO,RJ,PRIVADO,2003-10-15,www.tna.com.br,"TABOACO, NIECKELE E ASSOCIADOS - GESTAO PATRIMONIAL LTDA",F3 · 1 a 10 bi,0.03720647126098104
11120589000188,47,4925619396.47,SAFRA GESTÃO DE RECURSOS LTDA,11120589000188,SAFRA GESTÃO DE RECURSOS LTDA,--,SÃO PAULO,SP,PRIVADO,2009-12-24,www.safra.com.br,SAFRA GESTÃO DE RECURSOS LTDA,F3 · 1 a 10 bi,0.03712714450399277
27916161000186,44,4920310979.56,OCCAM BRASIL GESTÃO DE RECURSOS LTDA.,27916161000186,OCCAM BRASIL GESTÃO DE RECURSOS LTDA.,OCCAM BRASIL,RIO DE JANEIRO,RJ,PRIVADO,2017-08-14,www.occambrasil.com.br,OCCAM BRASIL,F3 · 1 a 10 bi,0.0370871320008249
09262533000116,49,4835734432.5,BTGP WM 3 LTDA,09262533000116,BTGP WM 3 LTDA,BTGP WM 3 LTDA,RIO DE JANEIRO,RJ,PRIVADO,2008-07-08,www.btgpactual.com/wealth-management,BTGP WM 3 LTDA,F3 · 1 a 10 bi,0.03644963132698157
04608171000159,21,4796279928.42,MAUÁ CAPITAL REAL ESTATE LTDA,04608171000159,MAUÁ CAPITAL REAL ESTATE LTDA,MAUÁ CAPITAL REAL ESTATE LTDA,SÃO PAULO,SP,PRIVADO,2006-11-28,www.jivemaua.com.br,MAUÁ CAPITAL REAL ESTATE LTDA,F3 · 1 a 10 bi,0.036152240693153606
41777833000140,26,4732842262.36,CAPITANIA PREV S.A.,41777833000140,CAPITANIA PREV S.A.,CAPITANIA PREV,SÃO PAULO,SP,PRIVADO,2021-10-04,https://capitaniainvestimentos.com.br/,CAPITANIA PREV,F3 · 1 a 10 bi,0.0356740755721348
23360896000115,57,4687052571.17,AUGME CAPITAL GESTÃO DE RECURSOS LTDA.,23360896000115,AUGME CAPITAL GESTÃO DE RECURSOS LTDA.,AUGME CAPITAL GESTÃO DE RECURSOS LTDA.,SÃO PAULO,SP,PRIVADO,2018-08-20,www.augme.com.br,AUGME CAPITAL GESTÃO DE RECURSOS LTDA.,F3 · 1 a 10 bi,0.035328933094658226
11026162000115,5,4623128580.08,F3 GESTAO DE INVESTIMENTOS LTDA,11026162000115,F3 GESTAO DE INVESTIMENTOS LTDA,--,SÃO PAULO,SP,PRIVADO,2010-02-24,www.f3capital.com.br,F3 GESTAO DE INVESTIMENTOS LTDA,F3 · 1 a 10 bi,0.03484710227026054
09551766000139,67,4592173811.25,DAHLIA CAPITAL GESTÃO DE RECURSOS LTDA.,09551766000139,DAHLIA CAPITAL GESTÃO DE RECURSOS LTDA.,--,SÃO PAULO,SP,PRIVADO,2008-11-11,www.dahliacapital.com.br,DAHLIA CAPITAL GESTÃO DE RECURSOS LTDA.,F3 · 1 a 10 bi,0.03461377888838033
30085578000159,40,4514280211.59,NEO MULTIMERCADO GESTÃO DE RECURSOS LTDA,30085578000159,NEO MULTIMERCADO GESTÃO DE RECURSOS LTDA,NEO MULTIMERCADO,SÃO PAULO,SP,PRIVADO,2018-07-10,www.neo.com.br,NEO MULTIMERCADO,F3 · 1 a 10 bi,0.03402665132172637
42160192000143,8,4410603373.58,FUNDACAO CHESF DE ASSISTENCIA E SEGURIDADE SOCIAL - FACHESF,,,,,,,,,FUNDACAO CHESF DE ASSISTENCIA E SEGURIDADE SOCIAL - FACHESF,F3 · 1 a 10 bi,0.03324518108688182
17054901000169,13,4403091679.76,PÁTRIA VBI SECURITIES LTDA.,17054901000169,PÁTRIA VBI SECURITIES LTDA.,PÁTRIA VBI SECURITIES LTDA.,SÃO PAULO,SP,PRIVADO,2013-03-07,https://realestate.patria.com/,PÁTRIA VBI SECURITIES LTDA.,F3 · 1 a 10 bi,0.03318856125504407
13194316000103,11,4378976099.37,TG CORE ASSET LTDA,13194316000103,TG CORE ASSET LTDA,TG CORE ASSET,SÃO PAULO,SP,PRIVADO,2013-07-11,www.tgcore.com.br,TG CORE ASSET,F3 · 1 a 10 bi,0.03300678865633722
14841289000186,2,4284015015.9,NORTHWEST GESTÃO DE FUNDOS E INVESTIMENTOS LTDA.,14841289000186,NORTHWEST GESTÃO DE FUNDOS E INVESTIMENTOS LTDA.,NORTHWEST GESTÃO DE FUNDOS E INVESTIMENTOS LTDA.,SÃO PAULO,SP,PRIVADO,2018-07-23,www.nwgestao.com,NORTHWEST GESTÃO DE FUNDOS E INVESTIMENTOS LTDA.,F3 · 1 a 10 bi,0.032291013931482704
32319907000104,28,4236810176.95,INVESTIDOR PROFISSIONAL GESTÃO DE RECURSOS LTDA,32319907000104,INVESTIDOR PROFISSIONAL GESTÃO DE RECURSOS LTDA,INVESTIDOR PROFISSIONAL GESTÃO DE RECURSOS LTDA,RIO DE JANEIRO,RJ,PRIVADO,1992-02-28,www.ip-capitalpartners.com,INVESTIDOR PROFISSIONAL GESTÃO DE RECURSOS LTDA,F3 · 1 a 10 bi,0.03193520469493463
07341777000169,53,4195906942.19,VINLAND CAPITAL MANAGEMENT GESTORA DE RECURSOS LTDA.,07341777000169,VINLAND CAPITAL MANAGEMENT GESTORA DE RECURSOS LTDA.,VINLAND CAPITAL MANAGEMENT GESTORA DE RECURSOS,SÃO PAULO,SP,PRIVADO,2005-07-18,www.vinlandcap.com,VINLAND CAPITAL MANAGEMENT GESTORA DE RECURSOS,F3 · 1 a 10 bi,0.03162689416881002
00997185000150,2,4170027185.97,BANCO B3 S.A.,00997185000150,BANCO B3 S.A.,BANCO B3 S.A.,SÃO PAULO,SP,PRIVADO,2006-10-26,https://www.bancob3.com.br/,BANCO B3 S.A.,F3 · 1 a 10 bi,0.03143182399152498
00533944000124,9,4133769489.29,TEMPO CAPITAL GESTAO DE RECURSOS LTDA,00533944000124,TEMPO CAPITAL GESTAO DE RECURSOS LTDA,TEMPO CAPITAL,RIO DE JANEIRO,RJ,PRIVADO,1995-04-26,www.tempocapital.com.br,TEMPO CAPITAL,F3 · 1 a 10 bi,0.03115852948058793
01861016000151,34,4122569704.5,FAR FATOR ADMINISTRAÇÃO DE RECURSOS LTDA,01861016000151,FAR FATOR ADMINISTRAÇÃO DE RECURSOS LTDA,FATOR ADM REC - FAR,SÃO PAULO,SP,,1997-07-18,www.fator.com.br,FATOR ADM REC - FAR,F3 · 1 a 10 bi,0.0310741104471949
11918575000104,23,4079188761.67,IBIUNA MACRO GESTÃO DE RECURSOS LTDA.,11918575000104,IBIUNA MACRO GESTÃO DE RECURSOS LTDA.,IBIUNA MACRO GESTÃO DE RECURSOS LTDA.,SÃO PAULO,SP,PRIVADO,2010-07-28,www.ibiunainvest.com.br,IBIUNA MACRO GESTÃO DE RECURSOS LTDA.,F3 · 1 a 10 bi,0.030747124051469094
28620199000170,14,4067597909.78,EB CAPITAL GESTÃO DE RECURSOS LTDA.,28620199000170,EB CAPITAL GESTÃO DE RECURSOS LTDA.,-----,SÃO PAULO,SP,PRIVADO,2019-12-20,www.ebcapital.com.br,EB CAPITAL GESTÃO DE RECURSOS LTDA.,F3 · 1 a 10 bi,0.030659757326920133
31982447000137,10,4051701828.79,VINCI CG GESTORA DE RECURSOS LTDA,31982447000137,VINCI CG GESTORA DE RECURSOS LTDA,-----,SÃO PAULO,SP,PRIVADO,2019-10-24,https://www.vincicompass.com/,VINCI CG GESTORA DE RECURSOS LTDA,F3 · 1 a 10 bi,0.0305399396860391
07981934000109,22,4042739410.97,RB ASSET MANAGEMENT LTDA,07981934000109,RB ASSET MANAGEMENT LTDA,RB ASSET MANAGEMENT,SÃO PAULO,SP,PRIVADO,2006-08-01,https://www.rbasset.com/,RB ASSET MANAGEMENT,F3 · 1 a 10 bi,0.03047238493713853
09500375000195,48,3994777402.2999997,LUMINA CAPITAL MANAGEMENT LTDA.,09500375000195,LUMINA CAPITAL MANAGEMENT LTDA.,LUMINA,SÃO PAULO,SP,PRIVADO,2008-08-22,www.luminacm.com,LUMINA,F3 · 1 a 10 bi,0.0301108684895078
34835557000164,8,3992554004.2400002,CRESCERA ASSET MANAGEMENT LTDA.,34835557000164,CRESCERA ASSET MANAGEMENT LTDA.,CRESCERA ASSET MANAGEMENT LTDA.,RIO DE JANEIRO,RJ,PRIVADO,2020-03-05,www.crescera.com,CRESCERA ASSET MANAGEMENT LTDA.,F3 · 1 a 10 bi,0.030094109496492088
26737584000176,35,3976014100.07,AMW ASSET MANAGEMENT LTDA,26737584000176,AMW ASSET MANAGEMENT LTDA,AMW ASSET MANAGEMENT,PORTO ALEGRE,RS,PRIVADO,2017-07-25,https://www.amwasset.com.br/,AMW ASSET MANAGEMENT,F3 · 1 a 10 bi,0.02996943900070797
16954358000193,24,3950956738.77,VINCI SPS GESTÃO DE RECURSOS LTDA,16954358000193,VINCI SPS GESTÃO DE RECURSOS LTDA,VINCI SPS,SÃO PAULO,SP,PRIVADO,2013-01-17,www.vincipartners.com,VINCI SPS,F3 · 1 a 10 bi,0.029780567673268303
48892980000100,20,3947383493.58,KUMB INVEST S.A.,48892980000100,KUMB INVEST S.A.,KUMB INVEST S.A.,SÃO PAULO,SP,PRIVADO,2025-01-20,temporariamente sem web site,KUMB INVEST S.A.,F3 · 1 a 10 bi,0.029753634128501853
07213252000148,37,3922500271.45,U.V. GESTORA DE ATIVOS FINANCEIROS LTDA,07213252000148,U.V. GESTORA DE ATIVOS FINANCEIROS LTDA,U.V. GESTORA DE ATIVOS FINANCEIROS LTDA,SÃO PAULO,SP,PRIVADO,2005-03-28,www.uvgestora.com.br,U.V. GESTORA DE ATIVOS FINANCEIROS LTDA,F3 · 1 a 10 bi,0.02956607538524866
04232804000177,33,3883062084.11,PERFIN INFRA ADMINISTRAÇÃO DE RECURSOS,04232804000177,PERFIN INFRA ADMINISTRAÇÃO DE RECURSOS,PEFIN INVESTIMENTOS E GESTAO,SÃO PAULO,SP,PRIVADO,2004-02-04,http://www.perfin.com.br/,PEFIN INVESTIMENTOS E GESTAO,F3 · 1 a 10 bi,0.029268807739803483
02295841000107,12,3873102046.14,SECURITY ADM. DE RECURSOS LTDA,02295841000107,SECURITY ADM. DE RECURSOS LTDA,SECURITY ADMINISTRADORA DE RECURSOS LTDA,RIO DE JANEIRO,RJ,,1998-01-16,securityasset.com.br,SECURITY ADMINISTRADORA DE RECURSOS LTDA,F3 · 1 a 10 bi,0.029193733370630248
32774786000190,17,3861830642.99,MAR ASSET MANAGEMENT GESTORA DE RECURSOS LTDA.,32774786000190,MAR ASSET MANAGEMENT GESTORA DE RECURSOS LTDA.,-----,RIO DE JANEIRO,RJ,PRIVADO,2019-07-11,www.marasset.com.br,MAR ASSET MANAGEMENT GESTORA DE RECURSOS LTDA.,F3 · 1 a 10 bi,0.0291087745096568
08752088000100,35,3851574645.64,BC GESTÃO DE RECURSOS LTDA,08752088000100,BC GESTÃO DE RECURSOS LTDA,BC GESTÃO DE RECURSOS LTDA,SÃO PAULO,SP,PRIVADO,2008-04-30,www.brasilcapital.com,BC GESTÃO DE RECURSOS LTDA,F3 · 1 a 10 bi,0.029031469329333915
10757908000106,22,3805902522.72,Berkana Investimentos e Gestao de Recursos Ltda.,10757908000106,Berkana Investimentos e Gestao de Recursos Ltda.,--,SÃO PAULO,SP,PRIVADO,2009-10-13,http://berkanapatrimonio.com.br/,Berkana Investimentos e Gestao de Recursos Ltda.,F3 · 1 a 10 bi,0.02868721302957389
57369679000108,48,3796365720.95,VALORA RENDA FIXA ESTRUTURADOS LTDA.,57369679000108,VALORA RENDA FIXA ESTRUTURADOS LTDA.,VRFE,SÃO PAULO,SP,PRIVADO,2025-01-09,www.valorainvest.com.br,VRFE,F3 · 1 a 10 bi,0.028615328828030737
22792979000110,75,3780325948.76,CARPA GESTORA DE RECURSOS LTDA.,22792979000110,CARPA GESTORA DE RECURSOS LTDA.,CARPA FAMILY OFFICE,SÃO PAULO,SP,PRIVADO,2015-10-28,www.carpafamilyoffice.com,CARPA FAMILY OFFICE,F3 · 1 a 10 bi,0.028494428106319265
17905206000163,36,3681209493.94,ADAMCAPITAL GESTÃO DE RECURSOS LTDA.,17905206000163,ADAMCAPITAL GESTÃO DE RECURSOS LTDA.,ADAMCAPITAL GESTÃO DE RECURSOS LTDA.,RIO DE JANEIRO,RJ,PRIVADO,2013-06-21,www.adamcapital.com.br,ADAMCAPITAL GESTÃO DE RECURSOS LTDA.,F3 · 1 a 10 bi,0.027747332026694667
27451028000100,12,3667155880.65,PRISMA CAPITAL LTDA,27451028000100,PRISMA CAPITAL LTDA,-,SÃO PAULO,SP,PRIVADO,2018-02-08,www.prismacapital.com,PRISMA CAPITAL LTDA,F3 · 1 a 10 bi,0.027641402093944483
10917835000164,18,3629929581.4,VINCI EQUITIES GESTORA DE RECURSOS LTDA,10917835000164,VINCI EQUITIES GESTORA DE RECURSOS LTDA,--,SÃO PAULO,SP,PRIVADO,2010-03-29,https://www.vincicompass.com/,VINCI EQUITIES GESTORA DE RECURSOS LTDA,F3 · 1 a 10 bi,0.027360806684442456
03983856000112,43,3596516699.42,4UM GESTÃO DE RECURSOS LTDA.,03983856000112,4UM GESTÃO DE RECURSOS LTDA.,4UM INVESTIMENTOS,CURITIBA,PR,PRIVADO,2019-05-28,www.4um.com.br,4UM INVESTIMENTOS,F3 · 1 a 10 bi,0.027108955130817472
28529686000121,84,3585632596.68,WNT GESTORA DE RECURSOS LTDA,28529686000121,WNT GESTORA DE RECURSOS LTDA,WNT GESTORA,SÃO PAULO,SP,PRIVADO,2017-11-17,www.wntcapital.com,WNT GESTORA,F3 · 1 a 10 bi,0.027026915569353615
03539353000152,2,3577290791.45,HSI GESTORA DE FUNDOS IMOBILIÁRIOS LTDA.,03539353000152,HSI GESTORA DE FUNDOS IMOBILIÁRIOS LTDA.,HSI GESTORA DE FUNDOS IMOBILIÁRIOS LTDA.,SÃO PAULO,SP,PRIVADO,2003-11-05,www.hsinvest.com,HSI GESTORA DE FUNDOS IMOBILIÁRIOS LTDA.,F3 · 1 a 10 bi,0.026964038724175455
59281253000123,15,3558679377.12,BTG PACTUAL SERVIÇOS FINANCEIROS S/A DTVM,59281253000123,BTG PACTUAL SERVIÇOS FINANCEIROS S/A DTVM,BTG PACTUAL SERVIÇOS FINANCEIROS S/A DTVM,RIO DE JANEIRO,RJ,PRIVADO,2006-03-20,www.btgpactual.com,BTG PACTUAL SERVIÇOS FINANCEIROS S/A DTVM,F3 · 1 a 10 bi,0.026823754099312074
30193705000133,58,3557955393.15,ZERO CINCO UM CAPITAL GESTÃO DE RECURSOS LTDA,30193705000133,ZERO CINCO UM CAPITAL GESTÃO DE RECURSOS LTDA,051 CAPITAL,RIO DE JANEIRO,RJ,PRIVADO,2018-07-16,www.051capital.com,051 CAPITAL,F3 · 1 a 10 bi,0.026818297027762446
28925400000127,32,3557440368.79,TRÍGONO CAPITAL LTDA,28925400000127,TRÍGONO CAPITAL LTDA,TRÍGONO CAPITAL,SÃO PAULO,SP,PRIVADO,2018-02-08,www.trigonocapital.com,TRÍGONO CAPITAL,F3 · 1 a 10 bi,0.02681441500150388
07110214000160,6,3531323337.95,FUNDAÇÃO ATLÂNTICO DE SEGURIDADE SOCIAL,,,,,,,,,FUNDAÇÃO ATLÂNTICO DE SEGURIDADE SOCIAL,F3 · 1 a 10 bi,0.02661755635288259
37414193000137,31,3495679271.9,GUARDIAN GESTORA LTDA.,37414193000137,GUARDIAN GESTORA LTDA.,-----,SÃO PAULO,SP,PRIVADO,2021-06-21,www.guardian-asset.com,GUARDIAN GESTORA LTDA.,F3 · 1 a 10 bi,0.02634888711873579
92885581000104,35,3488492900.12,GERVAL INVESTIMENTOS LTDA.,92885581000104,GERVAL INVESTIMENTOS LTDA.,GERVAL,PORTO ALEGRE,RS,PRIVADO,1990-01-02,www.gerval.com.br,GERVAL,F3 · 1 a 10 bi,0.026294719420816074
18167777000100,39,3485068852.15,ACURA GESTORA DE RECURSOS LTDA,18167777000100,ACURA GESTORA DE RECURSOS LTDA,ACURA CAPITAL,SÃO PAULO,SP,PRIVADO,2013-07-22,https://www.acuracapital.com.br,ACURA CAPITAL,F3 · 1 a 10 bi,0.026268910458828086
20675481000142,94,3481314933.7999997,BLESS CAPITAL GESTORA DE RECURSOS LTDA.,20675481000142,BLESS CAPITAL GESTORA DE RECURSOS LTDA.,BLESS CAPITAL,SÃO PAULO,SP,PRIVADO,2017-10-09,https://blesscapital.com.br/,BLESS CAPITAL,F3 · 1 a 10 bi,0.026240615079543093
04332281000130,2,3468832969.76,GOLDMAN SACHS DO BRASIL BANCO MULTIPLO S.A.,,,,,,,,,GOLDMAN SACHS DO BRASIL BANCO MULTIPLO S.A.,F3 · 1 a 10 bi,0.02614653154500552
32706879000188,96,3439688321.72,GALAPAGOS CAPITAL INVESTIMENTOS E PARTICIPAÇÕES LTDA.,32706879000188,GALAPAGOS CAPITAL INVESTIMENTOS E PARTICIPAÇÕES LTDA.,GALAPAGOS CAPITAL,SÃO PAULO,SP,PRIVADO,2019-10-11,www.galapagoscapital.com,GALAPAGOS CAPITAL,F3 · 1 a 10 bi,0.025926852054528736
43675872000162,13,3402996971.36,ALAMEDA CAPITAL GESTORA DE INVESTIMENTOS LTDA.,43675872000162,ALAMEDA CAPITAL GESTORA DE INVESTIMENTOS LTDA.,ALAMEDA CAPITAL,MARINGÁ,PR,PRIVADO,2022-01-07,www.alamedacapital.com.br,ALAMEDA CAPITAL,F3 · 1 a 10 bi,0.02565028885359636
24515907000151,34,3387330558.61,CARMEL GESTORA DE ATIVOS LTDA,24515907000151,CARMEL GESTORA DE ATIVOS LTDA,CARMEL GESTORA DE ATIVOS LTDA,SÃO PAULO,SP,PRIVADO,2016-12-16,www.carmelcapital.com.br,CARMEL GESTORA DE ATIVOS LTDA,F3 · 1 a 10 bi,0.025532202350517116
14869060000150,6,3381819388.25,PIMCO LATIN AMERICA ADMINISTRADORA DE CARTEIRAS LTDA,14869060000150,PIMCO LATIN AMERICA ADMINISTRADORA DE CARTEIRAS LTDA,--,SÃO PAULO,SP,PRIVADO,2012-03-16,www.pimco.com.br,PIMCO LATIN AMERICA ADMINISTRADORA DE CARTEIRAS LTDA,F3 · 1 a 10 bi,0.025490661581352433
42312440000124,15,3360336741.5,HSI GESTORA DE REAL ESTATE PRIVATE EQUITY LTDA.,42312440000124,HSI GESTORA DE REAL ESTATE PRIVATE EQUITY LTDA.,-----,SÃO PAULO,SP,PRIVADO,2022-03-14,www.hsinvest.com,HSI GESTORA DE REAL ESTATE PRIVATE EQUITY LTDA.,F3 · 1 a 10 bi,0.02532873487406622
36445381000160,3,3346489579.3199997,XP PE GESTÃO DE RECURSOS LTDA.,36445381000160,XP PE GESTÃO DE RECURSOS LTDA.,XP PE GESTÃO DE RECURSOS,SÃO PAULO,SP,PRIVADO,2020-07-09,www.xpasset.com.br,XP PE GESTÃO DE RECURSOS,F3 · 1 a 10 bi,0.025224361078641525
03987891000100,39,3326183094.81,PRINCIPAL ASSET MANAGEMENT LTDA.,03987891000100,PRINCIPAL ASSET MANAGEMENT LTDA.,--,SÃO PAULO,SP,PRIVADO,2007-07-05,www.principalam.com.br,PRINCIPAL ASSET MANAGEMENT LTDA.,F3 · 1 a 10 bi,0.025071299763081662
09385748000124,10,3295185065.67,QUATRINVEST ADMINISTRADORA DE RECURSOS LTDA,09385748000124,QUATRINVEST ADMINISTRADORA DE RECURSOS LTDA,--,SÃO PAULO,SP,PRIVADO,2008-06-06,www.quatrinvest.com.br,QUATRINVEST ADMINISTRADORA DE RECURSOS LTDA,F3 · 1 a 10 bi,0.02483765030408275
27690986000125,32,3283814323.87,ARC CAPITAL LTDA.,27690986000125,ARC CAPITAL LTDA.,ARC CAPITAL,SÃO PAULO,SP,PRIVADO,2017-08-24,https://www.arccapital.com.br/,ARC CAPITAL,F3 · 1 a 10 bi,0.024751942672220507
32582247000150,37,3265077635.85,FIDD ADMINISTRAÇÃO DE RECURSOS LTDA,32582247000150,FIDD ADMINISTRAÇÃO DE RECURSOS LTDA,FIDD,SÃO PAULO,SP,PRIVADO,2019-08-08,www.fiddgroup.com.br,FIDD,F3 · 1 a 10 bi,0.024610713789586312
23964292000188,5,3233315349.1299996,NAMAN CAPITAL LTDA.,23964292000188,NAMAN CAPITAL LTDA.,NAMAN CAPITAL LTDA.,SÃO PAULO,SP,PRIVADO,2016-09-12,namancapital.com.br,NAMAN CAPITAL LTDA.,F3 · 1 a 10 bi,0.024371303694345127
14142853000172,18,3215353609.47,VOKIN ADMINISTRAÇÃO DE RECURSOS LTDA,14142853000172,VOKIN ADMINISTRAÇÃO DE RECURSOS LTDA,VOKIN INVESTIMENTOS,PORTO ALEGRE,RS,PRIVADO,2011-10-21,www.vokin.com.br,VOKIN INVESTIMENTOS,F3 · 1 a 10 bi,0.024235916030333204
07170960000149,33,3201850445.6,JIVE HIGH YIELD GESTÃO DE RECURSOS LTDA.,07170960000149,JIVE HIGH YIELD GESTÃO DE RECURSOS LTDA.,JIVE HIGH YIELD GESTÃO DE RECURSOS LTDA.,SÃO PAULO,SP,PRIVADO,2005-02-17,www.jivemaua.com.br,JIVE HIGH YIELD GESTÃO DE RECURSOS LTDA.,F3 · 1 a 10 bi,0.02413413514230481
09428261000181,11,3200173148.51,O3 GESTÃO DE RECURSOS LTDA,09428261000181,O3 GESTÃO DE RECURSOS LTDA,--,SÃO PAULO,SP,PRIVADO,2008-10-03,http://o3capital.com.br,O3 GESTÃO DE RECURSOS LTDA,F3 · 1 a 10 bi,0.024121492417314493
35950923000199,14,3192413099.17,ANGÁ INVESTIMENTOS LTDA,35950923000199,ANGÁ INVESTIMENTOS LTDA,ANGÁ INVESTIMENTOS LTDA.,SÃO PAULO,SP,PRIVADO,2020-07-07,www.angainvestimentos.com.br,ANGÁ INVESTIMENTOS LTDA.,F3 · 1 a 10 bi,0.02406300059120816
11159192000108,47,3166041435.96,BR PARTNERS GESTÃO DE RECURSOS LTDA,11159192000108,BR PARTNERS GESTÃO DE RECURSOS LTDA,BR PARTNERS GESTÃO DE RECURSOS,SÃO PAULO,SP,PRIVADO,2010-12-20,www.brap.com.br,BR PARTNERS GESTÃO DE RECURSOS,F3 · 1 a 10 bi,0.02386422263619402
45201272000198,30,3140196641.97,AMERICA P.E. ADMINISTRAÇÃO DE RECURSOS LTDA,45201272000198,AMERICA P.E. ADMINISTRAÇÃO DE RECURSOS LTDA,AMÉRICA PRIVATE EQUITY,SÃO PAULO,SP,PRIVADO,2022-05-05,www.americape.com.br,AMÉRICA PRIVATE EQUITY,F3 · 1 a 10 bi,0.023669415988763987
23890968000136,71,3106191253.33,TRUXT INVESTIMENTOS LTDA.,23890968000136,TRUXT INVESTIMENTOS LTDA.,TRUXT INVESTIMENTOS LTDA.,RIO DE JANEIRO,RJ,PRIVADO,2017-01-05,www.truxt.com.br,TRUXT INVESTIMENTOS LTDA.,F3 · 1 a 10 bi,0.023413098381509047
58768284000140,3,3095554751.36,PORTO SEGURO VIDA E PREVIDÊNCIA S/A,,,,,,,,,PORTO SEGURO VIDA E PREVIDÊNCIA S/A,F3 · 1 a 10 bi,0.023332925125341467
14229647000102,14,3094307127.8,NUCLEO CAPITAL LTDA,14229647000102,NUCLEO CAPITAL LTDA,NUCLEO CAPITAL,SÃO PAULO,SP,PRIVADO,2011-12-14,www.nucleocapital.com.br,NUCLEO CAPITAL,F3 · 1 a 10 bi,0.023323521089732888
06195084000142,35,3076197065.65,EMPIRICUS ASSET MANAGEMENT  LTDA.,06195084000142,EMPIRICUS ASSET MANAGEMENT  LTDA.,EMPIRICUS ASSET MANAGEMENT LTDA.,SÃO PAULO,SP,PRIVADO,2005-08-11,https://investimentos.empiricus.com.br/,EMPIRICUS ASSET MANAGEMENT LTDA.,F3 · 1 a 10 bi,0.02318701543627107
19807499000171,20,3034861034.18,IRON CAPITAL GESTÃO DE RECURSOS LTDA.,19807499000171,IRON CAPITAL GESTÃO DE RECURSOS LTDA.,IRON CAPITAL GESTÃO DE RECURSOS LTDA.,SÃO PAULO,SP,PRIVADO,2014-06-25,www.ironcapital.com.br,IRON CAPITAL GESTÃO DE RECURSOS LTDA.,F3 · 1 a 10 bi,0.022875442679612664
05825277000177,3,3030583324.5299997,SPN GESTÃO DE INVESTIMENTOS LTDA,05825277000177,SPN GESTÃO DE INVESTIMENTOS LTDA,SPN GESTÃO DE INVESTIMENTOS LTDA,SÃO PAULO,SP,PRIVADO,2014-07-23,http://spninvestimentos.com,SPN GESTÃO DE INVESTIMENTOS LTDA,F3 · 1 a 10 bi,0.022843199192745713
46189909000130,15,2941243743.57,SCALARE CAPITAL LTDA.,46189909000130,SCALARE CAPITAL LTDA.,SCALARE CAPITAL,SÃO PAULO,SP,PRIVADO,2022-08-08,www.scalarecapital.com.br,SCALARE CAPITAL,F3 · 1 a 10 bi,0.02216979687209439
45999585000133,24,2937917055.48,TB CAPITAL GESTÃO DE RECURSOS LTDA.,45999585000133,TB CAPITAL GESTÃO DE RECURSOS LTDA.,TB CAPITAL,RIO DE JANEIRO,RJ,PRIVADO,2022-08-11,www.tbcapital.com.br,TB CAPITAL,F3 · 1 a 10 bi,0.022144721765900502
27028424000110,13,2907596901.77,IRIDIUM GESTÃO DE RECURSOS LTDA.,27028424000110,IRIDIUM GESTÃO DE RECURSOS LTDA.,IRIDIUM GESTÃO DE RECURSOS,SÃO PAULO,SP,PRIVADO,2017-07-11,www.iridiumgestao.com.br,IRIDIUM GESTÃO DE RECURSOS,F3 · 1 a 10 bi,0.021916181832632175
33987793000133,2,2896361275.76,BANCO DE INVESTIMENTOS UBS (BRASIL) S.A.,,,,,,,,,BANCO DE INVESTIMENTOS UBS (BRASIL) S.A.,F3 · 1 a 10 bi,0.02183149264394556
43739164000148,12,2862195119.03,GRÃO GESTÃO DE RECURSOS LTDA.,43739164000148,GRÃO GESTÃO DE RECURSOS LTDA.,-----,SÃO PAULO,SP,PRIVADO,2022-01-05,www.grao.com.br,GRÃO GESTÃO DE RECURSOS LTDA.,F3 · 1 a 10 bi,0.021573963237802272
27133825000130,27,2858032822.11,NAVI CAPITAL ADMINISTRADORA E GESTORA DE RECURSOS FINANCEIROS LTDA.,27133825000130,NAVI CAPITAL ADMINISTRADORA E GESTORA DE RECURSOS FINANCEIROS LTDA.,NAVI CAPITAL,RIO DE JANEIRO,RJ,PRIVADO,2017-10-26,www.navi.com.br,NAVI CAPITAL,F3 · 1 a 10 bi,0.02154258968114296
17415310000170,3,2781918224.56,BRESCO INVESTIMENTOS E GESTÃO LTDA,17415310000170,BRESCO INVESTIMENTOS E GESTÃO LTDA,BRESCO GESTÃO,SÃO PAULO,SP,PRIVADO,2013-11-22,www.bresco.com.br,BRESCO GESTÃO,F3 · 1 a 10 bi,0.0209688714470205
08157028000149,33,2780314416.9700003,FRAM CAPITAL GESTÃO DE ATIVOS LTDA.,08157028000149,FRAM CAPITAL GESTÃO DE ATIVOS LTDA.,FRAM CAPITAL GESTÃO DE ATIVOS LTDA.,SÃO PAULO,SP,PRIVADO,2006-08-24,https://www.framcapital.com/,FRAM CAPITAL GESTÃO DE ATIVOS LTDA.,F3 · 1 a 10 bi,0.02095678265343787
17723993000122,12,2768875439.24,CHARLES RIVER ADMINISTRADORA DE RECURSOS FINANCEIROS LTDA.,17723993000122,CHARLES RIVER ADMINISTRADORA DE RECURSOS FINANCEIROS LTDA.,CHARLES RIVER ADMINISTRADORA DE RECURSOS FINANCEIROS LTDA.,RIO DE JANEIRO,RJ,PRIVADO,2013-07-31,www.charlesriver.com.br,CHARLES RIVER ADMINISTRADORA DE RECURSOS FINANCEIROS LTDA.,F3 · 1 a 10 bi,0.020870560689259306
32288914000196,68,2753332450.01,EUQUEROINVESTIR GESTÃO DE RECURSOS LTDA,32288914000196,EUQUEROINVESTIR GESTÃO DE RECURSOS LTDA,EUQUEROINVESTIR GESTÃO DE RECURSOS LTDA,SÃO PAULO,SP,PRIVADO,2019-06-26,https://www.eqiasset.com.br/,EUQUEROINVESTIR GESTÃO DE RECURSOS LTDA,F3 · 1 a 10 bi,0.020753404498186207
40297139000163,22,2752901545.78,H2 KAPITAL S.A.,40297139000163,H2 KAPITAL S.A.,H2 CAPITAL,SÃO PAULO,SP,PRIVADO,2021-06-09,www.h2kapital.com.br,H2 CAPITAL,F3 · 1 a 10 bi,0.020750156532331178
44870662000198,61,2707621074.68,KANASTRA ADMINISTRAÇÃO DE RECURSOS LTDA,44870662000198,KANASTRA ADMINISTRAÇÃO DE RECURSOS LTDA,KANASTRA ADMINISTRAÇÃO DE RECURSOS,UBERLÂNDIA,MG,PRIVADO,2022-04-08,www.kanastra.com.br,KANASTRA ADMINISTRAÇÃO DE RECURSOS,F3 · 1 a 10 bi,0.02040885233108831
06182127000155,46,2642826866.88,CONSTELLATION INVESTIMENTOS E PARTICIPAÇÕES LTDA,06182127000155,CONSTELLATION INVESTIMENTOS E PARTICIPAÇÕES LTDA,CONSTELLATION INVESTIMENTOS E PARTICIPAÇÕES LTDA,SÃO PAULO,SP,PRIVADO,2005-02-04,www.constellation.com.br,CONSTELLATION INVESTIMENTOS E PARTICIPAÇÕES LTDA,F3 · 1 a 10 bi,0.01992046219730405
21747959000165,11,2628926815.38,BARZEL PROPERTIES GESTORA DE RECURSOS LTDA.,21747959000165,BARZEL PROPERTIES GESTORA DE RECURSOS LTDA.,BARZEL PROPERTIES,SÃO PAULO,SP,PRIVADO,2020-11-17,www.barzelproperties.com.br,BARZEL PROPERTIES,F3 · 1 a 10 bi,0.01981568974553417
17776271000136,30,2613414165.36,RADAR GESTORA DE RECURSOS LTDA.,17776271000136,RADAR GESTORA DE RECURSOS LTDA.,3G RADAR,RIO DE JANEIRO,RJ,PRIVADO,2013-07-02,www.radarasset.com,3G RADAR,F3 · 1 a 10 bi,0.019698762238032238
38710359000125,12,2609963592.4,MERAKI CAPITAL GESTÃO DE RECURSOS LTDA.,38710359000125,MERAKI CAPITAL GESTÃO DE RECURSOS LTDA.,MERAKI CAPITAL,SÃO PAULO,SP,PRIVADO,2021-01-04,www.merakicapital.com.br,MERAKI CAPITAL,F3 · 1 a 10 bi,0.01967275334237958
26130912000171,1,2608235267.45,JMN GESTÃO DE INVESTIMENTOS LTDA.,26130912000171,JMN GESTÃO DE INVESTIMENTOS LTDA.,JMN,ITAÚNA,MG,PRIVADO,2016-12-05,www.jmninvestimentos.com.br,JMN,F3 · 1 a 10 bi,0.01965972599190778
44476932000180,14,2582594046.88,SVN GESTORA DE RECURSOS LTDA,44476932000180,SVN GESTORA DE RECURSOS LTDA,SVN GESTORA DE RECURSOS LTDA,SÃO PAULO,SP,PRIVADO,2022-02-23,www.svngestao.com.br,SVN GESTORA DE RECURSOS LTDA,F3 · 1 a 10 bi,0.019466453791046428
31636333000135,55,2569308072.11,VERT GESTORA DE RECURSOS FINANCEIROS LTDA.,31636333000135,VERT GESTORA DE RECURSOS FINANCEIROS LTDA.,VERT GESTORA,SÃO PAULO,SP,PRIVADO,2019-07-12,www.vert-capital.com,VERT GESTORA,F3 · 1 a 10 bi,0.019366309978571652
15319547000121,89,2565040663.11,OPPORTUNITY AUSTER WEALTH MANAGEMENT LTDA.,15319547000121,OPPORTUNITY AUSTER WEALTH MANAGEMENT LTDA.,OPPORTUNITY AUSTER WEALTH MANAGEMENT LTDA.,RIO DE JANEIRO,RJ,PRIVADO,2012-06-21,www.opportunityauster.com,OPPORTUNITY AUSTER WEALTH MANAGEMENT LTDA.,F3 · 1 a 10 bi,0.01933414413345699
54882123000122,17,2563334237.87,GUARDIAN CRÉDITO LTDA.,54882123000122,GUARDIAN CRÉDITO LTDA.,GUARDIAN CRÉDITO,SÃO PAULO,SP,PRIVADO,2025-03-05,www.guardian-asset.com,GUARDIAN CRÉDITO,F3 · 1 a 10 bi,0.019321281853331134
10896871000199,27,2550620688.0,SRM Empírica Gestão de Crédito LTDA,10896871000199,SRM Empírica Gestão de Crédito LTDA,SRM Empírica Gestão de Crédito LTDA,SÃO PAULO,SP,PRIVADO,2009-10-27,srmempirica.com,SRM Empírica Gestão de Crédito LTDA,F3 · 1 a 10 bi,0.019225452727044907
15032609000110,15,2544668158.04,STARBOARD ASSET LTDA.,15032609000110,STARBOARD ASSET LTDA.,STARBOARD ASSET,SÃO PAULO,SP,PRIVADO,2013-03-28,https://starboardasset.com.br/,STARBOARD ASSET,F3 · 1 a 10 bi,0.01918058518406186
21180163000173,22,2511194089.1,MAM ASSET MANAGEMENT GESTORA DE RECURSOS LTDA.,21180163000173,MAM ASSET MANAGEMENT GESTORA DE RECURSOS LTDA.,MAM ASSET MANAGEMENT,SÃO PAULO,SP,PRIVADO,2021-07-02,www.assetmam.com.br,MAM ASSET MANAGEMENT,F3 · 1 a 10 bi,0.01892827243014452
27927837000137,6,2501530429.6,LIGHTROCK GESTORA DE RECURSOS LTDA.,27927837000137,LIGHTROCK GESTORA DE RECURSOS LTDA.,LIGHTROCK,SÃO PAULO,SP,PRIVADO,2021-08-10,www.lightrock.com,LIGHTROCK,F3 · 1 a 10 bi,0.01885543203103634
17480662000109,8,2491258653.87,FACT INVESTMENTS GESTAO DE RECURSOS LTDA,17480662000109,FACT INVESTMENTS GESTAO DE RECURSOS LTDA,--,SÃO PAULO,SP,PRIVADO,2013-04-12,www.factinvest.com.br,FACT INVESTMENTS GESTAO DE RECURSOS LTDA,F3 · 1 a 10 bi,0.018778007920250674
31230324000140,5,2479074508.8,HECTARE CAPITAL GESTORA DE RECURSOS LTDA.,31230324000140,HECTARE CAPITAL GESTORA DE RECURSOS LTDA.,HECTARE CAPITAL GESTORA DE RECURSOS LTDA.,SÃO PAULO,SP,PRIVADO,2018-09-21,https://www.hectarecapital.com.br/,HECTARE CAPITAL GESTORA DE RECURSOS LTDA.,F3 · 1 a 10 bi,0.018686169213631223
50544038000101,26,2470829468.63,AZ QUEST INFRA LTDA.,50544038000101,AZ QUEST INFRA LTDA.,AZ QUEST INFRA,SÃO PAULO,SP,PRIVADO,2023-08-23,www.azquest.com.br,AZ QUEST INFRA,F3 · 1 a 10 bi,0.0186240217407566
13362610000187,4,2449812700.98,TRX GESTORA DE RECURSOS LTDA,13362610000187,TRX GESTORA DE RECURSOS LTDA,--,SÃO PAULO,SP,PRIVADO,2011-08-04,www.trx.com.br,TRX GESTORA DE RECURSOS LTDA,F3 · 1 a 10 bi,0.018465606624455167
12461742000101,24,2433623631.35,LATACHE GESTÃO DE RECURSOS LTDA,12461742000101,LATACHE GESTÃO DE RECURSOS LTDA,LATACHE CAPITAL,SÃO PAULO,SP,PRIVADO,2011-04-20,www.latachecapital.com,LATACHE CAPITAL,F3 · 1 a 10 bi,0.018343580564551116
20857258000116,26,2428709580.58,VISTA CAPITAL GESTORA DE RECURSOS LTDA,20857258000116,VISTA CAPITAL GESTORA DE RECURSOS LTDA,VISTA CAPITAL GESTORA DE RECURSOS LTDA,RIO DE JANEIRO,RJ,PRIVADO,2014-09-08,www.vistacapital.com.br,VISTA CAPITAL GESTORA DE RECURSOS LTDA,F3 · 1 a 10 bi,0.018306540619246265
03864607000108,34,2413107640.8,RIO BRAVO INVESTIMENTOS LTDA,03864607000108,RIO BRAVO INVESTIMENTOS LTDA,RIO BRAVO INVESTIMENTOS LTDA,SÃO PAULO,SP,PRIVADO,2000-07-27,http://riobravo.com.br,RIO BRAVO INVESTIMENTOS LTDA,F3 · 1 a 10 bi,0.018188940084952088
02888152000106,20,2363949495.34,BRZ INVESTIMENTOS LTDA,02888152000106,BRZ INVESTIMENTOS LTDA,BRZ INVESTIMENTOS LTDA,SÃO PAULO,SP,PRIVADO,2003-11-11,www.brzinvestimentos.com.br,BRZ INVESTIMENTOS LTDA,F3 · 1 a 10 bi,0.017818407686255245
34176302000137,12,2358292344.04,ARMOR GESTORA DE RECURSOS LTDA.,34176302000137,ARMOR GESTORA DE RECURSOS LTDA.,-----,SÃO PAULO,SP,PRIVADO,2020-01-24,www.armorcapital.com.br,ARMOR GESTORA DE RECURSOS LTDA.,F3 · 1 a 10 bi,0.017775766577210854
16804280000120,47,2341953596.6,MILÊNIO CAPITAL GESTÃO DE INVESTIMENTOS LTDA.,16804280000120,MILÊNIO CAPITAL GESTÃO DE INVESTIMENTOS LTDA.,MILÊNIO CAPITAL,SÃO PAULO,SP,PRIVADO,2012-12-21,https://www.milenio.capital/,MILÊNIO CAPITAL,F3 · 1 a 10 bi,0.017652612312053083
11468803000191,54,2315677206.72,PRADA ADMINISTRADORA DE RECURSOS LTDA.,11468803000191,PRADA ADMINISTRADORA DE RECURSOS LTDA.,--,SÃO PAULO,SP,PRIVADO,2010-07-28,www.pradabr.com.br,PRADA ADMINISTRADORA DE RECURSOS LTDA.,F3 · 1 a 10 bi,0.017454552485340287
34268789000188,4,2300898767.15,FUNDAÇÃO ELETROBRÁS DE SEGURIDADE SOCIAL - ELETROS,,,,,,,,,FUNDAÇÃO ELETROBRÁS DE SEGURIDADE SOCIAL - ELETROS,F3 · 1 a 10 bi,0.017343159132079556
39267921000150,4,2277202043.39,MONTE CAPITAL MANAGEMENT GESTORA DE RECURSOS S.A.,39267921000150,MONTE CAPITAL MANAGEMENT GESTORA DE RECURSOS S.A.,-----,SÃO PAULO,SP,PRIVADO,2021-04-08,www.montepartners.com,MONTE CAPITAL MANAGEMENT GESTORA DE RECURSOS S.A.,F3 · 1 a 10 bi,0.017164543689737577
19225510000195,1,2263151862.71,A10 INVESTIMENTOS LTDA.,19225510000195,A10 INVESTIMENTOS LTDA.,A10 INVEST,SÃO PAULO,SP,PRIVADO,2017-04-24,http://www.a10invest.com,A10 INVEST,F3 · 1 a 10 bi,0.017058639630486185
54350539000108,18,2254830071.05,JAZZ CAPITAL LTDA.,54350539000108,JAZZ CAPITAL LTDA.,JAZZ CAPITAL LTDA.,SÃO PAULO,SP,PRIVADO,2024-06-27,www.jazzcapital.com.br,JAZZ CAPITAL LTDA.,F3 · 1 a 10 bi,0.016995913638763325
19907396000183,4,2248237502.75,INVISTA GESTORA DE RECURSOS LTDA.,19907396000183,INVISTA GESTORA DE RECURSOS LTDA.,INVISTA GESTORA DE RECURSOS LTDA.,SÃO PAULO,SP,PRIVADO,2016-09-23,https://invista-asset.com.br/,INVISTA GESTORA DE RECURSOS LTDA.,F3 · 1 a 10 bi,0.016946221769330222
17021922000188,27,2246516507.64,GIANT STEPS CAPITAL INVESTIMENTOS,17021922000188,GIANT STEPS CAPITAL INVESTIMENTOS,GIANT STEPS CAPITAL,SÃO PAULO,SP,PRIVADO,2013-02-04,www.gscap.com.br,GIANT STEPS CAPITAL,F3 · 1 a 10 bi,0.016933249667956448
52230344000190,21,2245574945.68,NORONHA TRUST LTDA.,52230344000190,NORONHA TRUST LTDA.,NORONHA TRUST,SÃO PAULO,SP,PRIVADO,2024-02-26,https://noronhatrust.com/,NORONHA TRUST,F3 · 1 a 10 bi,0.01692615258957206
09127495000199,10,2206902705.73,PROTEUS INVESTIMENTOS LTDA,09127495000199,PROTEUS INVESTIMENTOS LTDA,--,SÃO PAULO,SP,PRIVADO,2008-07-04,www.proteusinvestimentos.com,PROTEUS INVESTIMENTOS LTDA,F3 · 1 a 10 bi,0.01663465831741094
04264390000168,10,2182328446.06,LACAN INVESTIMENTOS E PARTICIPACOES LTDA,04264390000168,LACAN INVESTIMENTOS E PARTICIPACOES LTDA,LACAN INVESTIMENTOS E PARTICIPACOES LTDA,SÃO PAULO,SP,PRIVADO,2005-03-02,www.vincipartners.com,LACAN INVESTIMENTOS E PARTICIPACOES LTDA,F3 · 1 a 10 bi,0.016449428396783986
44077014000189,15,2180875922.15,BR-CAPITAL DTVM S.A.,44077014000189,BR-CAPITAL DTVM S.A.,BR-CAPITAL DTVM S.A.,SÃO PAULO,SP,PRIVADO,1992-05-26,www.brcapital.com.br,BR-CAPITAL DTVM S.A.,F3 · 1 a 10 bi,0.01643847991279419
18994332000102,20,2168047287.03,CITRINO GESTÃO DE RECURSOS LTDA,18994332000102,CITRINO GESTÃO DE RECURSOS LTDA,CITRINO GESTÃO DE RECURSOS LTDA,SÃO PAULO,SP,PRIVADO,2014-04-28,https://citrinogestao.com.br/,CITRINO GESTÃO DE RECURSOS LTDA,F3 · 1 a 10 bi,0.016341783324699998
20043909000134,45,2162879410.9900002,FARMTECH GESTÃO DE RECURSOS LTDA.,20043909000134,FARMTECH GESTÃO DE RECURSOS LTDA.,FARMTECH GESTÃO,SÃO PAULO,SP,PRIVADO,2014-08-13,https://farmtech.com.br/farmtech-gestao,FARMTECH GESTÃO,F3 · 1 a 10 bi,0.016302830156565792
23455855000102,13,2161596195.97,LASS CAPITAL GESTÃO DE RECURSOS LTDA,23455855000102,LASS CAPITAL GESTÃO DE RECURSOS LTDA,LASS LEGAL CAPITAL,SÃO PAULO,SP,PRIVADO,2022-07-25,www.lass.capital,LASS LEGAL CAPITAL,F3 · 1 a 10 bi,0.016293157848244245
47138945000138,17,2136364942.05,RIZA ALLOCATION GESTORA DE RECURSOS LTDA,47138945000138,RIZA ALLOCATION GESTORA DE RECURSOS LTDA,RIZA ALLOCATION,SÃO PAULO,SP,PRIVADO,2023-01-03,www.rizaasset.com,RIZA ALLOCATION,F3 · 1 a 10 bi,0.016102975795003163
61470319000175,10,2099232879.9199998,Altavista Capital Ltda.,61470319000175,Altavista Capital Ltda.,Altavista Capital,SÃO PAULO,SP,PRIVADO,2025-11-21,www.altavistacapital.com.br,Altavista Capital,F3 · 1 a 10 bi,0.015823090703308958
03522334000113,16,2097953078.9,VENTOR INVESTIMENTOS LTDA.,03522334000113,VENTOR INVESTIMENTOS LTDA.,VENTOR INVESTIMENTOS LTDA.,RIO DE JANEIRO,RJ,PRIVADO,2006-04-03,http://www.ventorinvestimentos.com.br,VENTOR INVESTIMENTOS LTDA.,F3 · 1 a 10 bi,0.015813444128212242
07063675000129,5,2085500956.71,2B CAPITAL S.A.,07063675000129,2B CAPITAL S.A.,2B CAPITAL S.A.,SÃO PAULO,SP,PRIVADO,2005-07-15,www.2bcapital.com.br,2B CAPITAL S.A.,F3 · 1 a 10 bi,0.015719585528365727
14205023000147,35,2053248754.07,HIX INVESTIMENTOS LTDA,14205023000147,HIX INVESTIMENTOS LTDA,--,SÃO PAULO,SP,PRIVADO,2012-03-16,www.hixcapital.com.br,HIX INVESTIMENTOS LTDA,F3 · 1 a 10 bi,0.015476482663202113
53184854000131,16,2042909745.8,PRISMA PRIVATE EQUITY LTDA.,53184854000131,PRISMA PRIVATE EQUITY LTDA.,-----,SÃO PAULO,SP,PRIVADO,2024-08-29,www.prismacapital.com,PRISMA PRIVATE EQUITY LTDA.,F3 · 1 a 10 bi,0.015398551783210986
29608120000158,15,2010988685.26,PERSEVERA GESTÃO DE RECURSOS LTDA.,29608120000158,PERSEVERA GESTÃO DE RECURSOS LTDA.,PERSEVERA GESTÃO DE RECURSOS LTDA.,SÃO PAULO,SP,PRIVADO,2018-06-20,www.persevera.com.br,PERSEVERA GESTÃO DE RECURSOS LTDA.,F3 · 1 a 10 bi,0.015157944921008311
49223404000133,13,2004708806.68,IBIUNA PREVIDÊNCIA GESTÃO DE RECURSOS LTDA.,49223404000133,IBIUNA PREVIDÊNCIA GESTÃO DE RECURSOS LTDA.,IBIUNA PREVIDÊNCIA,SÃO PAULO,SP,PRIVADO,2025-04-15,www.ibiunainvest.com.br,IBIUNA PREVIDÊNCIA,F3 · 1 a 10 bi,0.015110609968641857
09456933000162,24,1999583113.0900002,IORQ GESTÃO DE RECURSOS LTDA,09456933000162,IORQ GESTÃO DE RECURSOS LTDA,IORQ GESTÃO DE RECURSOS LTDA.,SÃO PAULO,SP,PRIVADO,2008-06-26,www.iorq.com.br,IORQ GESTÃO DE RECURSOS LTDA.,F3 · 1 a 10 bi,0.015071974753193522
44696473000140,73,1990435210.89,BURITI INVESTIMENTOS GESTORA DE RECURSOS LTDA,44696473000140,BURITI INVESTIMENTOS GESTORA DE RECURSOS LTDA,BURITI INVESTIMENTOS,SÃO PAULO,SP,PRIVADO,2022-07-26,www.buritiinvestimentos.com.br,BURITI INVESTIMENTOS,F3 · 1 a 10 bi,0.015003021904922054
03226533000184,25,1990159270.15,AF INVEST ADMINISTRAÇÃO DE RECURSOS LTDA,03226533000184,AF INVEST ADMINISTRAÇÃO DE RECURSOS LTDA,AF INVEST ADMINISTRAÇÃO DE RECURSOS LTDA,BELO HORIZONTE,MG,PRIVADO,2006-04-18,www.afinvest.com.br,AF INVEST ADMINISTRAÇÃO DE RECURSOS LTDA,F3 · 1 a 10 bi,0.015000941985443123
32764855000185,42,1982142688.92,LIBERTAS ASSET S/A,32764855000185,LIBERTAS ASSET S/A,LIBERTAS ASSET,BELO HORIZONTE,MG,PRIVADO,2019-09-06,www.libertasasset.com.br,LIBERTAS ASSET,F3 · 1 a 10 bi,0.014940516535200761
32003165000103,6,1964310965.47,MULTIPLICA WEALTH MANAGEMENT LTDA.,32003165000103,MULTIPLICA WEALTH MANAGEMENT LTDA.,MULTIPLICA WEALTH,SÃO PAULO,SP,PRIVADO,2022-05-19,https://grupomultiplica.com.br/,MULTIPLICA WEALTH,F3 · 1 a 10 bi,0.014806108875981732
15335579000110,10,1960090678.89,COPA GESTAO DE INVESTIMENTOS LTDA,15335579000110,COPA GESTAO DE INVESTIMENTOS LTDA,COPA INVESTIMENTOS,SÃO PAULO,SP,PRIVADO,2012-05-17,www.copainvest.com.br,COPA INVESTIMENTOS,F3 · 1 a 10 bi,0.014774298218865955
14013968000167,5,1958670603.8200002,DG ADMINISTRADORA DE CARTEIRAS DE VALORES MOBILIARIOS LTDA,14013968000167,DG ADMINISTRADORA DE CARTEIRAS DE VALORES MOBILIARIOS LTDA,--,SÃO PAULO,SP,PRIVADO,2011-11-03,www.dggestora.com.br,DG ADMINISTRADORA DE CARTEIRAS DE VALORES MOBILIARIOS LTDA,F3 · 1 a 10 bi,0.014763594319906937
21950366000100,13,1941847436.33,ALIANZA GESTÃO DE RECURSOS LTDA,21950366000100,ALIANZA GESTÃO DE RECURSOS LTDA,ALIANZA INVESTIMENTOS,SÃO PAULO,SP,PRIVADO,2015-10-01,www.alianza.com.br,ALIANZA INVESTIMENTOS,F3 · 1 a 10 bi,0.014636788710268534
53980469000109,27,1938892197.77,JGP Equities Gestão de Recursos Ltda.,53980469000109,JGP Equities Gestão de Recursos Ltda.,,RIO DE JANEIRO,RJ,PRIVADO,2025-05-26,www.jgp.com.br,JGP Equities Gestão de Recursos Ltda.,F3 · 1 a 10 bi,0.014614513426648464
10632282000101,15,1934618924.6,SPX PRIVATE EQUITY GESTÃO DE RECURSOS LTDA.,10632282000101,SPX PRIVATE EQUITY GESTÃO DE RECURSOS LTDA.,--,SÃO PAULO,SP,PRIVADO,2009-07-30,https://www.spxcapital.com/pt/,SPX PRIVATE EQUITY GESTÃO DE RECURSOS LTDA.,F3 · 1 a 10 bi,0.014582303380009187
17839430000102,7,1927648109.18,SEQUOIA FUNDOS DE INVESTIMENTOS LTDA.,17839430000102,SEQUOIA FUNDOS DE INVESTIMENTOS LTDA.,SEQUOIA FUNDOS DE INVESTIMENTOS LTDA.,SÃO PAULO,SP,PRIVADO,2013-07-11,www.sequoiaproperties.com.br,SEQUOIA FUNDOS DE INVESTIMENTOS LTDA.,F3 · 1 a 10 bi,0.014529760450769775
75054940000162,6,1902832606.37,FUNDAÇÃO COPEL DE PREVIDÊNCIA E ASSISTÊNCIA SOCIAL,,,,,,,,,FUNDAÇÃO COPEL DE PREVIDÊNCIA E ASSISTÊNCIA SOCIAL,F3 · 1 a 10 bi,0.014342712145854785
30782926000147,23,1894997785.39,TERA INVESTIMENTOS LTDA.,30782926000147,TERA INVESTIMENTOS LTDA.,TERA INVESTIMENTOS LTDA.,SÃO PAULO,SP,PRIVADO,2019-04-02,teracapital.com.br,TERA INVESTIMENTOS LTDA.,F3 · 1 a 10 bi,0.01428365672413547
39433649000131,10,1885166820.34,SEVEN POUNDS ASSET MANAGEMENT LTDA.,39433649000131,SEVEN POUNDS ASSET MANAGEMENT LTDA.,SEVEN POUNDS ASSET,SÃO PAULO,SP,PRIVADO,2021-07-14,www.sevenpounds.com.br,SEVEN POUNDS ASSET,F3 · 1 a 10 bi,0.014209555249651545
13673855000125,11,1879627202.2900002,OSLO CAPITAL DISTRIBUIDORA DE TÍTULOS E VALORES MOBILIÁRIOS S.A.,13673855000125,OSLO CAPITAL DISTRIBUIDORA DE TÍTULOS E VALORES MOBILIÁRIOS S.A.,OSLO DTVM,SÃO PAULO,SP,PRIVADO,2015-11-06,www.oslodtvm.com,OSLO DTVM,F3 · 1 a 10 bi,0.014167800054358408
10340194000128,16,1877056837.56,CONCÓRDIA GESTÃO DE RECURSOS LTDA,10340194000128,CONCÓRDIA GESTÃO DE RECURSOS LTDA,CONCÓRDIA ASSET,SÃO PAULO,SP,PRIVADO,2012-01-09,http://www.concordiaasset.com.br/,CONCÓRDIA ASSET,F3 · 1 a 10 bi,0.01414842577975914
34877615000112,21,1860778707.44,MONTE BRAVO ASSET MANAGEMENT LTDA.,34877615000112,MONTE BRAVO ASSET MANAGEMENT LTDA.,MONTE BRAVO ASSET MANAGEMENT,SÃO PAULO,SP,PRIVADO,2020-04-14,www.montebravoasset.com.br,MONTE BRAVO ASSET MANAGEMENT,F3 · 1 a 10 bi,0.014025728421198883
10626543000172,12,1857167404.55,CONSTÂNCIA INVESTIMENTOS LTDA.,10626543000172,CONSTÂNCIA INVESTIMENTOS LTDA.,--,SÃO PAULO,SP,PRIVADO,2009-09-24,www.constanciainvest.com.br,CONSTÂNCIA INVESTIMENTOS LTDA.,F3 · 1 a 10 bi,0.013998508014291113
43179785000114,51,1843377090.1,STRATA CAPITAL GESTÃO DE RECURSOS LTDA,43179785000114,STRATA CAPITAL GESTÃO DE RECURSOS LTDA,STRATA CAPITAL GESTÃO DE RECURSOS LTDA,SÃO PAULO,SP,PRIVADO,2021-12-10,http://stratacapital.com.br,STRATA CAPITAL GESTÃO DE RECURSOS LTDA,F3 · 1 a 10 bi,0.013894562711958665
11304223000169,37,1836946283.75,SUNO GESTORA DE RECURSOS LTDA,11304223000169,SUNO GESTORA DE RECURSOS LTDA,SUNO ASSET MANAGEMENT,SÃO PAULO,SP,PRIVADO,2012-01-09,https://www.suno.com.br/asset/,SUNO ASSET MANAGEMENT,F3 · 1 a 10 bi,0.013846090132691832
41917181000100,24,1826036755.18,NORTH SEA GESTORA DE RECURSOS LTDA.,41917181000100,NORTH SEA GESTORA DE RECURSOS LTDA.,NORTH SEA GESTORA DE RECURSOS LTDA.,SÃO PAULO,SP,PRIVADO,2021-12-23,https://nscapital.com.br/,NORTH SEA GESTORA DE RECURSOS LTDA.,F3 · 1 a 10 bi,0.013763858922546137
12209584000199,15,1824250149.31,RIZA AGRONEGÓCIO GESTORA DE RECURSOS LTDA.,12209584000199,RIZA AGRONEGÓCIO GESTORA DE RECURSOS LTDA.,RIZA AGRONEGÓCIO,SÃO PAULO,SP,PRIVADO,2010-12-20,https://www.rizaasset.com/,RIZA AGRONEGÓCIO,F3 · 1 a 10 bi,0.013750392276228578
09664936000191,61,1813015899.93,ANDBANK GESTAO DE PATRIMONIO FINANCEIRO LTDA,09664936000191,ANDBANK GESTAO DE PATRIMONIO FINANCEIRO LTDA,--,SÃO PAULO,SP,PRIVADO,2011-05-17,www.andbank.com.br,ANDBANK GESTAO DE PATRIMONIO FINANCEIRO LTDA,F3 · 1 a 10 bi,0.013665713463971167
28501790000108,6,1804920460.55,SAMESIDE CONSULTORIA E GESTÃO LTDA.,28501790000108,SAMESIDE CONSULTORIA E GESTÃO LTDA.,SAMESIDE GP,PORTO ALEGRE,RS,PRIVADO,2019-04-22,sameside.com.br,SAMESIDE GP,F3 · 1 a 10 bi,0.013604693615807507
14751574000106,15,1798880900.06,VILA RICA CAPITAL GESTORA DE RECURSOS LTDA,14751574000106,VILA RICA CAPITAL GESTORA DE RECURSOS LTDA,--,SÃO PAULO,SP,PRIVADO,2012-04-02,www.vilaricacapital.com.br,VILA RICA CAPITAL GESTORA DE RECURSOS LTDA,F3 · 1 a 10 bi,0.013559170075110568
20710453000119,10,1797008601.19,MONTE BRAVO GESTÃO DE RECURSOS LTDA.,20710453000119,MONTE BRAVO GESTÃO DE RECURSOS LTDA.,MONTE BRAVO GESTÃO,SÃO PAULO,SP,PRIVADO,2014-10-09,www.montebravoasset.com.br,MONTE BRAVO GESTÃO,F3 · 1 a 10 bi,0.013545057512789782
46208664000141,17,1758261017.09,HYPERION ASSET MANAGEMENT LTDA.,46208664000141,HYPERION ASSET MANAGEMENT LTDA.,HYPERION ASSET,SÃO PAULO,SP,PRIVADO,2023-10-23,www.hyperionasset.com,HYPERION ASSET,F3 · 1 a 10 bi,0.01325299532968804
04531065000114,4,1756619175.6499999,PRAVALER S/A,04531065000114,PRAVALER S/A,PRAVALER S/A,SÃO PAULO,SP,PRIVADO,2004-01-14,www.pravaler.com.br,PRAVALER S/A,F3 · 1 a 10 bi,0.013240619853734863
49347835000101,24,1752289254.04,MAUD CAPITAL GESTORA DE ATIVOS LTDA.,49347835000101,MAUD CAPITAL GESTORA DE ATIVOS LTDA.,MAUD CAPITAL,SÃO PAULO,SP,PRIVADO,2024-02-07,www.maud.capital,MAUD CAPITAL,F3 · 1 a 10 bi,0.013207982816163377
02933874000127,36,1751611958.97,RAFTER GESTÃO DE INVESTIMENTOS LTDA,02933874000127,RAFTER GESTÃO DE INVESTIMENTOS LTDA,RAFTER GESTÃO DE INVESTIMENTOS LTDA,SÃO PAULO,SP,PRIVADO,1999-08-31,www.rafterinvestimentos.com.br,RAFTER GESTÃO DE INVESTIMENTOS LTDA,F3 · 1 a 10 bi,0.013202877664930264
52332058000136,25,1748934073.3899999,QI GESTÃO DE RECURSOS LTDA.,52332058000136,QI GESTÃO DE RECURSOS LTDA.,QI GESTÃO DE RECURSOS,SÃO PAULO,SP,PRIVADO,2024-02-06,www.qiasset.com.br,QI GESTÃO DE RECURSOS,F3 · 1 a 10 bi,0.013182692945630785
14841301000152,21,1746640604.04,TARPON GESTORA DE RECURSOS LTDA,14841301000152,TARPON GESTORA DE RECURSOS LTDA,--,SÃO PAULO,SP,PRIVADO,2012-08-17,http://www.tarponinvest.com.br/,TARPON GESTORA DE RECURSOS LTDA,F3 · 1 a 10 bi,0.013165405786165327
37542067000168,8,1738215367.17,BRAVOS GESTÃO DE RECURSOS LTDA.,37542067000168,BRAVOS GESTÃO DE RECURSOS LTDA.,BRAVOS GESTÃO DE RECURSOS,SÃO PAULO,SP,PRIVADO,2021-02-25,www.bravosgestao.com.br,BRAVOS GESTÃO DE RECURSOS,F3 · 1 a 10 bi,0.013101900070117304
09146756000118,29,1718254884.29,JERA CAPITAL GESTAO DE RECURSOS LTDA,09146756000118,JERA CAPITAL GESTAO DE RECURSOS LTDA,JERA CAPITAL GESTAO DE RECURSOS LTDA,SÃO PAULO,SP,PRIVADO,2007-12-21,www.jeracapital.com.br,JERA CAPITAL GESTAO DE RECURSOS LTDA,F3 · 1 a 10 bi,0.012951446762095507
33576954000104,10,1701606562.99,ARTESANAL FINANCEIRO LTDA,33576954000104,ARTESANAL FINANCEIRO LTDA,ARTESANAL FINANCEIRO LTDA,SÃO PAULO,SP,PRIVADO,2019-11-04,artesanalinvestimentos.com.br,ARTESANAL FINANCEIRO LTDA,F3 · 1 a 10 bi,0.012825959065848215
07311643000103,11,1697889124.8500001,JHSF CAPITAL LTDA.,07311643000103,JHSF CAPITAL LTDA.,JHSF CAPITAL,SÃO PAULO,SP,PRIVADO,2007-10-23,http://www.jhsfcapital.com.br/,JHSF CAPITAL,F3 · 1 a 10 bi,0.012797938658281332
15388425000197,28,1682552879.6299999,NOVUS CAPITAL GESTORA DE RECURSOS LTDA.,15388425000197,NOVUS CAPITAL GESTORA DE RECURSOS LTDA.,--,RIO DE JANEIRO,RJ,PRIVADO,2012-08-10,www.novuscapital.com.br,NOVUS CAPITAL GESTORA DE RECURSOS LTDA.,F3 · 1 a 10 bi,0.01268234081228461
29000207000148,2,1675122893.02,MULTIPLIKE GESTÃO DE RECURSOS LTDA.,29000207000148,MULTIPLIKE GESTÃO DE RECURSOS LTDA.,-----,JOINVILLE,SC,PRIVADO,2023-01-19,www.multiplike.com.br,MULTIPLIKE GESTÃO DE RECURSOS LTDA.,F3 · 1 a 10 bi,0.012626336853324666
08792073000175,26,1674005410.05,KADIMA GESTAO DE INVESTIMENTOS LTDA,08792073000175,KADIMA GESTAO DE INVESTIMENTOS LTDA,KADIMA ASSET MANAGEMENT,RIO DE JANEIRO,RJ,PRIVADO,2007-06-26,www.kadimaasset.com.br,KADIMA ASSET MANAGEMENT,F3 · 1 a 10 bi,0.012617913760030517
22899452000190,19,1673917697.8899999,BUTIÁ GESTÃO DE INVESTIMENTOS LTDA.,22899452000190,BUTIÁ GESTÃO DE INVESTIMENTOS LTDA.,BUTIÁ INVESTIMENTOS,NOVA LIMA,MG,PRIVADO,2015-09-30,www.butiainvestimentos.com.br,BUTIÁ INVESTIMENTOS,F3 · 1 a 10 bi,0.012617252624490607
31384260000131,97,1651736905.41,ORIZ ASSET MANAGEMENT LTDA.,31384260000131,ORIZ ASSET MANAGEMENT LTDA.,ORIZ ASSET MANAGEMENT LTDA.,SÃO PAULO,SP,PRIVADO,2019-06-13,www.orizpartners.com.br,ORIZ ASSET MANAGEMENT LTDA.,F3 · 1 a 10 bi,0.012450063602901117
28928618000135,19,1645394766.27,REACH CAPITAL INVESTIMENTOS S.A,28928618000135,REACH CAPITAL INVESTIMENTOS S.A,REACH CAPITAL,SÃO PAULO,SP,PRIVADO,2018-07-16,www.reachcapital.com.br,REACH CAPITAL,F3 · 1 a 10 bi,0.012402259357919469
55080408000102,19,1626092510.91,ANTHARUS GESTORA DE RECURSOS LTDA.,55080408000102,ANTHARUS GESTORA DE RECURSOS LTDA.,ANTHARUS GESTORA DE RECURSOS LTDA.,SÃO PAULO,SP,PRIVADO,2024-12-20,www.antharus.com.br,ANTHARUS GESTORA DE RECURSOS LTDA.,F3 · 1 a 10 bi,0.012256767478356611
12417157000104,25,1623489534.87,PARAMIS BR INVESTIMENTOS LTDA,12417157000104,PARAMIS BR INVESTIMENTOS LTDA,PARAMIS INVESTIMENTOS,RIO DE JANEIRO,RJ,PRIVADO,2012-12-11,https://www.paramis.com.br/,PARAMIS INVESTIMENTOS,F3 · 1 a 10 bi,0.012237147394099437
63178448000110,17,1607140992.82,SZ Capital Ltda.,63178448000110,SZ Capital Ltda.,SZ Capital,SÃO PAULO,SP,PRIVADO,2026-02-04,www.szcapital.com.br,SZ Capital,F3 · 1 a 10 bi,0.0121139193014955
42621928000133,17,1596579016.8,INTRA ASSET MANAGEMENT LTDA.,42621928000133,INTRA ASSET MANAGEMENT LTDA.,INTRA ASSET,SÃO PAULO,SP,PRIVADO,2022-03-08,https://www.intrabank.com.br/asset/,INTRA ASSET,F3 · 1 a 10 bi,0.012034307789038148
41475648000100,19,1580837515.4399998,CAPITÂNIA ALTERNATIVES S/A,41475648000100,CAPITÂNIA ALTERNATIVES S/A,CAPITÂNIA ALTERNATIVES,SÃO PAULO,SP,PRIVADO,2022-05-30,www.capitaniainvestimentos.com.br,CAPITÂNIA ALTERNATIVES,F3 · 1 a 10 bi,0.011915655301165989
06332955000122,18,1573097047.37,STEN GESTÃO PATRIMONIAL LTDA.,06332955000122,STEN GESTÃO PATRIMONIAL LTDA.,STEN GESTÃO PATRIMONIAL,SÃO PAULO,SP,PRIVADO,2009-02-12,https://sten.capital/,STEN GESTÃO PATRIMONIAL,F3 · 1 a 10 bi,0.011857311070028402
30701673000130,9,1561968282.29,ARTESANAL MCMS LTDA,30701673000130,ARTESANAL MCMS LTDA,ARTESANAL MCMS LTDA,SÃO PAULO,SP,PRIVADO,2018-07-16,https://www.artesanalinvestimentos.com.br/,ARTESANAL MCMS LTDA,F3 · 1 a 10 bi,0.011773427351856379
09576295000113,18,1561623602.38,SPRINGS CAPITAL LTDA.,09576295000113,SPRINGS CAPITAL LTDA.,SPRINGS CAPITAL LTDA,SÃO PAULO,SP,PRIVADO,2008-07-04,www.springscapital.com.br,SPRINGS CAPITAL LTDA,F3 · 1 a 10 bi,0.011770829306860176
47917164000141,7,1552589418.66,AXOR ASSET,47917164000141,AXOR ASSET,AXOR ASSET,SÃO PAULO,SP,PRIVADO,2023-01-16,www.axorasset.com.br,AXOR ASSET,F3 · 1 a 10 bi,0.011702733618287805
09555837000171,20,1549414080.5200002,EOS INVESTIMENTOS LTDA.,09555837000171,EOS INVESTIMENTOS LTDA.,--,SÃO PAULO,SP,PRIVADO,2008-06-23,www.eosinvestimentos.com.br,EOS INVESTIMENTOS LTDA.,F3 · 1 a 10 bi,0.011678799321200762
30135282000103,34,1548836939.73,PATRIMONIAL GESTÃO DE RECURSOS LTDA.,30135282000103,PATRIMONIAL GESTÃO DE RECURSOS LTDA.,PATRIMONIAL GESTÃO DE RECURSOS LTDA.,RIO DE JANEIRO,RJ,PRIVADO,2018-09-21,patrimonialgestao.com.br,PATRIMONIAL GESTÃO DE RECURSOS LTDA.,F3 · 1 a 10 bi,0.011674449088715311
18730786000168,20,1542898926.16,MOAT CAPITAL GESTÃO DE RECURSOS LTDA,18730786000168,MOAT CAPITAL GESTÃO DE RECURSOS LTDA,MOAT CAPITAL,SÃO PAULO,SP,PRIVADO,2013-10-16,www.moat.com.br,MOAT CAPITAL,F3 · 1 a 10 bi,0.011629690963871548
25287778000154,12,1542651756.62,TELLUS INVESTIMENTOS E  CONSULTORIA LTDA.,25287778000154,TELLUS INVESTIMENTOS E  CONSULTORIA LTDA.,TELLUS INVESTIMENTOS,SÃO PAULO,SP,PRIVADO,2016-12-16,www.tellus.com.br,TELLUS INVESTIMENTOS,F3 · 1 a 10 bi,0.011627827908996635
17544838000149,5,1540178030.6,TRILHA INVESTIMENTOS LTDA,17544838000149,TRILHA INVESTIMENTOS LTDA,TRILHA INVESTIMENTOS LTDA,SÃO PAULO,SP,PRIVADO,2013-03-28,www.trilhainvestimentos.com.br,TRILHA INVESTIMENTOS LTDA,F3 · 1 a 10 bi,0.011609182054330388
28363263000184,7,1538234751.45,DEVANT ASSET INVESTIMENTOS LTDA,28363263000184,DEVANT ASSET INVESTIMENTOS LTDA,DEVANT ASSET,SÃO PAULO,SP,PRIVADO,2018-06-20,https://www.devantasset.com.br/,DEVANT ASSET,F3 · 1 a 10 bi,0.011594534473994531
17036001000199,23,1532086182.24,LESTE FINANCIAL SERVICES GESTÃO DE RECURSOS LTDA.,17036001000199,LESTE FINANCIAL SERVICES GESTÃO DE RECURSOS LTDA.,-----,RIO DE JANEIRO,RJ,PRIVADO,2018-07-16,www.leste.com,LESTE FINANCIAL SERVICES GESTÃO DE RECURSOS LTDA.,F3 · 1 a 10 bi,0.011548189273690166
37788647000130,37,1531673219.9,INVESTO GESTÃO DE RECURSOS LTDA.,37788647000130,INVESTO GESTÃO DE RECURSOS LTDA.,-----,SÃO PAULO,SP,PRIVADO,2020-11-24,www.investoetf.com,INVESTO GESTÃO DE RECURSOS LTDA.,F3 · 1 a 10 bi,0.011545076545881177
08947719000146,21,1526462549.41,BOGARI GESTÃO DE INVESTIMENTOS LTDA.,08947719000146,BOGARI GESTÃO DE INVESTIMENTOS LTDA.,BOGARI CAPITAL,RIO DE JANEIRO,RJ,PRIVADO,2007-11-23,www.bogaricapital.com.br,BOGARI CAPITAL,F3 · 1 a 10 bi,0.01150580081207528
22778532000197,6,1512661446.07,TAÍBA INVESTIMENTOS LTDA.,22778532000197,TAÍBA INVESTIMENTOS LTDA.,TAÍBA INVESTIMENTOS,SÃO PAULO,SP,PRIVADO,2015-12-21,www.taibainvestimentos.com.br,TAÍBA INVESTIMENTOS,F3 · 1 a 10 bi,0.011401774187852967
00531590000189,4,1498008011.3,Cibrius - Instituto de Previdência Complementar,,,,,,,,,Cibrius - Instituto de Previdência Complementar,F3 · 1 a 10 bi,0.01129132306558893
58346678000100,12,1489898859.84,Ark Gestora de Recursos Ltda.,58346678000100,Ark Gestora de Recursos Ltda.,Arkam,BELO HORIZONTE,MG,PRIVADO,2025-07-02,arkam.capital,Arkam,F3 · 1 a 10 bi,0.011230199861819685
04521606000123,34,1469731994.54,C20 QUADRANTE INVESTIMENTOS LTDA.,04521606000123,C20 QUADRANTE INVESTIMENTOS LTDA.,C20 Quadrante,SÃO PAULO,SP,PRIVADO,2004-03-03,https://cvpar.com.br/,C20 Quadrante,F3 · 1 a 10 bi,0.0110781909342273
51180890000100,2,1461751419.5,AMAGGI CAPITAL LTDA.,51180890000100,AMAGGI CAPITAL LTDA.,AMAGGI CAPITAL,CUIABÁ,MT,PRIVADO,2024-01-30,www.amaggicapital.com.br,AMAGGI CAPITAL,F3 · 1 a 10 bi,0.011018036882749554
38461272000161,2,1442202477.55,NICHE PARTNERS GESTORA DE RECURSOS LTDA.,38461272000161,NICHE PARTNERS GESTORA DE RECURSOS LTDA.,NICHE PARTNERS,SÃO PAULO,SP,PRIVADO,2023-02-13,www.nichepartners.com.br,NICHE PARTNERS,F3 · 1 a 10 bi,0.010870685588575674
08228243000193,11,1426319796.3899999,ALOCC GESTÃO PATRIMONIAL LTDA.,08228243000193,ALOCC GESTÃO PATRIMONIAL LTDA.,--,RIO DE JANEIRO,RJ,PRIVADO,2011-12-23,www.alocc.com.br,ALOCC GESTÃO PATRIMONIAL LTDA.,F3 · 1 a 10 bi,0.010750968949697575
25248367000150,44,1420372973.77,VÊNETO GESTÃO DE RECURSOS LTDA,25248367000150,VÊNETO GESTÃO DE RECURSOS LTDA,VÊNETO FAMILY OFFICE,BELO HORIZONTE,MG,PRIVADO,2017-08-01,www.venetomfo.com.br,VÊNETO FAMILY OFFICE,F3 · 1 a 10 bi,0.010706144426123831
12160857000158,14,1394320142.58,CULTINVEST ASSET MANAGEMENT LTDA,12160857000158,CULTINVEST ASSET MANAGEMENT LTDA,CULTINVEST,SÃO PAULO,SP,PRIVADO,2010-10-08,www.cultinvest.com.br,CULTINVEST,F3 · 1 a 10 bi,0.010509769686122106
06071726000100,6,1378757141.84,ÁGORA GESTAO DE RECURSOS LTDA.,06071726000100,ÁGORA GESTAO DE RECURSOS LTDA.,BRADESCO FAMILY OFFICE (BFO),SÃO PAULO,SP,PRIVADO,2022-05-24,https://www.agorainvestimentos.com.br/investir/bgc/,BRADESCO FAMILY OFFICE (BFO),F3 · 1 a 10 bi,0.010392462657121078
10705874000106,8,1373399293.78,A3 PERFORMANCE GESTAO DE RECURSOS LTDA,10705874000106,A3 PERFORMANCE GESTAO DE RECURSOS LTDA,--,RIO DE JANEIRO,RJ,PRIVADO,2009-07-30,www.a3performance.com.br,A3 PERFORMANCE GESTAO DE RECURSOS LTDA,F3 · 1 a 10 bi,0.010352077563766805
35132740000166,21,1363893936.43,BDR INVESTIMENTOS LTDA.,35132740000166,BDR INVESTIMENTOS LTDA.,BDR ASSET,SÃO PAULO,SP,PRIVADO,2020-06-10,www.bdrasset.com.br,BDR ASSET,F3 · 1 a 10 bi,0.010280430376379884
42462859000162,10,1360151769.85,NEO EQUITIES GESTÃO DE RECURSOS LTDA.,42462859000162,NEO EQUITIES GESTÃO DE RECURSOS LTDA.,NEO EQUITIES,SÃO PAULO,SP,PRIVADO,2021-10-04,www.neo.com.br,NEO EQUITIES,F3 · 1 a 10 bi,0.010252223576749112
08990773000174,6,1359988847.13,POLO CAPITAL INTERNACIONAL GESTÃO DE RECURSOS LTDA,08990773000174,POLO CAPITAL INTERNACIONAL GESTÃO DE RECURSOS LTDA,POLO CAPITAL INTERNACIONAL GESTÃO DE RECURSOS LTDA,RIO DE JANEIRO,RJ,PRIVADO,2007-12-07,www.polocapital.com/,POLO CAPITAL INTERNACIONAL GESTÃO DE RECURSOS LTDA,F3 · 1 a 10 bi,0.010250995537211028
38347420000111,24,1342426107.5400002,BOCAINA CAPITAL GESTORA DE RECURSOS LTDA.,38347420000111,BOCAINA CAPITAL GESTORA DE RECURSOS LTDA.,BOCAINA CAPITAL,SÃO PAULO,SP,PRIVADO,2021-02-11,www.bocainacapital.com,BOCAINA CAPITAL,F3 · 1 a 10 bi,0.010118615359580734
08204817000193,27,1340008762.16,DRYS CAPITAL LTDA,08204817000193,DRYS CAPITAL LTDA,DRYS CAPITAL,SÃO PAULO,SP,PRIVADO,2006-10-06,www.equitas.com.br,DRYS CAPITAL,F3 · 1 a 10 bi,0.010100394477288522
16925467000182,28,1329696337.56,GLOBAL GESTÃO E INVESTIMENTOS LTDA,16925467000182,GLOBAL GESTÃO E INVESTIMENTOS LTDA,GLOBAL ASSET MANAGEMENT,BELO HORIZONTE,MG,PRIVADO,2013-01-17,www.globalasset.com.br,GLOBAL ASSET MANAGEMENT,F3 · 1 a 10 bi,0.010022663973265997
20859417000111,8,1326381760.12,VINCI INFRAESTRUTURA GESTORA DE RECURSOS LTDA.,20859417000111,VINCI INFRAESTRUTURA GESTORA DE RECURSOS LTDA.,VINCI INFRAESTRUTURA,RIO DE JANEIRO,RJ,PRIVADO,2015-07-07,www.vincipartners.com,VINCI INFRAESTRUTURA,F3 · 1 a 10 bi,0.00999768015180534
42617367000107,14,1325395946.78,SPX REAL ESTATE GESTÃO DE RECURSOS LTDA.,42617367000107,SPX REAL ESTATE GESTÃO DE RECURSOS LTDA.,SPX REAL ESTATE,SÃO PAULO,SP,PRIVADO,2022-07-27,www.spxcapital.com,SPX REAL ESTATE,F3 · 1 a 10 bi,0.009990249526054115
40147051000165,23,1320029397.48,RBR PRIVATE EQUITY GESTÃO DE RECURSOS LTDA.,40147051000165,RBR PRIVATE EQUITY GESTÃO DE RECURSOS LTDA.,RBR PRIVATE EQUITY,SÃO PAULO,SP,PRIVADO,2021-05-14,www.rbrasset.com.br/rbrprivateequity,RBR PRIVATE EQUITY,F3 · 1 a 10 bi,0.009949798846594048
11530232000178,4,1300373929.17,APOLO INVESTIMENTOS LTDA,11530232000178,APOLO INVESTIMENTOS LTDA,--,SÃO PAULO,SP,PRIVADO,2010-10-22,www.apoloinvestimentos.com.br,APOLO INVESTIMENTOS LTDA,F3 · 1 a 10 bi,0.009801644603746537
11504852000132,13,1293862329.79,NOVA S.R.M. ADMINISTRAÇÃO DE RECURSOS E FINANÇAS S/A,11504852000132,NOVA S.R.M. ADMINISTRAÇÃO DE RECURSOS E FINANÇAS S/A,--,SÃO PAULO,SP,PRIVADO,2010-07-23,www.srmasset.com.br,NOVA S.R.M. ADMINISTRAÇÃO DE RECURSOS E FINANÇAS S/A,F3 · 1 a 10 bi,0.009752563042287155
14569262000186,9,1284788174.94,VGR GESTÃO DE RECURSOS LTDA.,14569262000186,VGR GESTÃO DE RECURSOS LTDA.,--,VITÓRIA,ES,PRIVADO,2012-02-07,www.valorgestora.com.br,VGR GESTÃO DE RECURSOS LTDA.,F3 · 1 a 10 bi,0.009684166068982843
10790817000164,3,1279196112.34,ZAGROS CAPITAL GESTAO DE RECURSOS S.A,10790817000164,ZAGROS CAPITAL GESTAO DE RECURSOS S.A,ZAGROS CAPITAL,SÃO PAULO,SP,PRIVADO,2009-08-26,www.zagroscapital.com.br,ZAGROS CAPITAL,F3 · 1 a 10 bi,0.00964201556982443
29292940000183,3,1270029712.75,REDPOINT EVENTURES GESTÃO DE RECURSOS LTDA.,29292940000183,REDPOINT EVENTURES GESTÃO DE RECURSOS LTDA.,REDPOINT EVENTURES GESTÃO DE RECURSOS LTDA.,SÃO PAULO,SP,PRIVADO,2018-06-20,www.rpev.com.br,REDPOINT EVENTURES GESTÃO DE RECURSOS LTDA.,F3 · 1 a 10 bi,0.00957292329639316
43020918000105,5,1259183426.28,PERFIN EQUITIES ADMINISTRAÇÃO DE RECURSOS LTDA.,43020918000105,PERFIN EQUITIES ADMINISTRAÇÃO DE RECURSOS LTDA.,PERFIN EQUITIES ADMINISTRAÇÃO DE RECURSOS LTDA.,SÃO PAULO,SP,PRIVADO,2022-05-02,www.perfin.com.br,PERFIN EQUITIES ADMINISTRAÇÃO DE RECURSOS LTDA.,F3 · 1 a 10 bi,0.009491168777277861
36588627000152,6,1243586256.14,ORGANON CAPITAL GESTÃO DE INVESTIMENTOS LTDA.,36588627000152,ORGANON CAPITAL GESTÃO DE INVESTIMENTOS LTDA.,ORGANON CAPITAL,SÃO PAULO,SP,PRIVADO,2020-08-10,www.organoncapital.com.br,ORGANON CAPITAL,F3 · 1 a 10 bi,0.009373604194424356
19005052000189,13,1240386148.46,ATENA CAPITAL GESTÃO DE RECURSOS LTDA.,19005052000189,ATENA CAPITAL GESTÃO DE RECURSOS LTDA.,ATENA CAPITAL,SÃO PAULO,SP,PRIVADO,2013-10-24,www.atenacapital.com.br,ATENA CAPITAL,F3 · 1 a 10 bi,0.009349483195479767
06293756000152,18,1239498453.0,KÍNITRO CAPITAL GESTÃO DE RECURSOS DE TERCEIROS LTDA.,06293756000152,KÍNITRO CAPITAL GESTÃO DE RECURSOS DE TERCEIROS LTDA.,KÍNITRO,RIO DE JANEIRO,RJ,PRIVADO,2005-02-14,https://www.kinitro.com.br,KÍNITRO,F3 · 1 a 10 bi,0.009342792138992011
46382187000136,20,1238346655.6000001,LCP GESTORA DE RECURSOS LTDA,46382187000136,LCP GESTORA DE RECURSOS LTDA,LCP GESTORA DE RECURSOS LTDA.,CURITIBA,PR,PRIVADO,2022-10-27,www.lifecapitalpartners.com.br,LCP GESTORA DE RECURSOS LTDA.,F3 · 1 a 10 bi,0.009334110398673268
38481640000133,20,1231970297.47,ALGARVE CAPITAL GESTÃO DE RECURSOS LTDA.,38481640000133,ALGARVE CAPITAL GESTÃO DE RECURSOS LTDA.,ALGARVE CAPITAL,SÃO PAULO,SP,PRIVADO,2021-06-23,www.algarvecapital.com.br,ALGARVE CAPITAL,F3 · 1 a 10 bi,0.009286048226051611
07793323000129,7,1225157495.77,VISION BRAZIL GESTÃO DE INVESTIMENTOS E PARTICIPAÇÕES LTDA,07793323000129,VISION BRAZIL GESTÃO DE INVESTIMENTOS E PARTICIPAÇÕES LTDA,VISION BRAZIL INVESTMENTS,SÃO PAULO,SP,PRIVADO,2006-09-14,visionbrazil.com,VISION BRAZIL INVESTMENTS,F3 · 1 a 10 bi,0.009234696334475453
12263316000155,7,1217339619.84,NOVA MILANO INVESTIMENTOS LTDA,12263316000155,NOVA MILANO INVESTIMENTOS LTDA,--,FARROUPILHA,RS,PRIVADO,2011-02-01,www.nmcapital.com.br,NOVA MILANO INVESTIMENTOS LTDA,F3 · 1 a 10 bi,0.009175768637062329
33267993000111,4,1211286606.43,DELTA ENERGIA ADMINISTRAÇÃO DE RECURSOS LTDA.,33267993000111,DELTA ENERGIA ADMINISTRAÇÃO DE RECURSOS LTDA.,-----,SÃO PAULO,SP,PRIVADO,2019-10-16,www.deltaear.com.br,DELTA ENERGIA ADMINISTRAÇÃO DE RECURSOS LTDA.,F3 · 1 a 10 bi,0.009130143694193472
44259453000102,5,1207547756.08,MAKENA GESTORA DE RECURSOS LTDA.,44259453000102,MAKENA GESTORA DE RECURSOS LTDA.,-----,SÃO PAULO,SP,PRIVADO,2022-06-21,www.makenagestora.com.br,MAKENA GESTORA DE RECURSOS LTDA.,F3 · 1 a 10 bi,0.00910196189084043
20052540000126,6,1201544609.53,VINCI GGN GESTÃO DE RECURSOS LTDA.,20052540000126,VINCI GGN GESTÃO DE RECURSOS LTDA.,VINCI GGN,RECIFE,PE,PRIVADO,2015-07-07,www.vincipartners.com,VINCI GGN,F3 · 1 a 10 bi,0.009056712822347596
13601663000103,13,1196867439.51,V2 INVESTIMENTOS LTDA,13601663000103,V2 INVESTIMENTOS LTDA,V2 INVESTIMENTOS,SÃO PAULO,SP,PRIVADO,2011-08-16,https://www.v2investimentos.com.br/,V2 INVESTIMENTOS,F3 · 1 a 10 bi,0.009021458379560822
31818879000107,6,1193553032.0,URCA GESTÃO DE RECURSOS LTDA.,31818879000107,URCA GESTÃO DE RECURSOS LTDA.,URCA CAPITAL PARTNERS,SÃO PAULO,SP,PRIVADO,2019-08-13,www.urcacp.com.br,URCA CAPITAL PARTNERS,F3 · 1 a 10 bi,0.008996475838957485
18356470000158,8,1187046786.04,INVISTA REAL ESTATE LTDA.,18356470000158,INVISTA REAL ESTATE LTDA.,INVISTA REAL ESTATE,SÃO PAULO,SP,PRIVADO,2017-01-13,www.invista.me,INVISTA REAL ESTATE,F3 · 1 a 10 bi,0.008947434629214697
26454342000175,35,1174102506.57,LIFETIME GESTORA DE RECURSOS LTDA.,26454342000175,LIFETIME GESTORA DE RECURSOS LTDA.,LIFETIME,SÃO PAULO,SP,PRIVADO,2017-07-25,https://www.lifetimeasset.com.br/home,LIFETIME,F3 · 1 a 10 bi,0.008849866365063557
20403524000130,2,1168059319.0,PARCITAS MACRO GESTÃO DE INVESTIMENTOS LTDA,20403524000130,PARCITAS MACRO GESTÃO DE INVESTIMENTOS LTDA,PARCITAS INVESTIMENTOS,SÃO PAULO,SP,PRIVADO,2014-07-29,www.parcitas.com.br,PARCITAS INVESTIMENTOS,F3 · 1 a 10 bi,0.00880431548503882
00532804000131,2,1161356029.34,CERES - FUNDAÇÃO DE PREVIDÊNCIA,,,,,,,,,CERES - FUNDAÇÃO DE PREVIDÊNCIA,F3 · 1 a 10 bi,0.008753789046874048
35704148000191,36,1149477941.73,BRAVE GESTORA DE RECURSOS LTDA.,35704148000191,BRAVE GESTORA DE RECURSOS LTDA.,-----,SÃO PAULO,SP,PRIVADO,2020-06-18,www.braveasset.com.br,BRAVE GESTORA DE RECURSOS LTDA.,F3 · 1 a 10 bi,0.008664257266273298
05794902000160,28,1140480555.46,GALAPAGOS MULTI FAMILY OFFICE LTDA,05794902000160,GALAPAGOS MULTI FAMILY OFFICE LTDA,--,SÃO PAULO,SP,PRIVADO,2007-11-28,https://galapagoscapital.com/,GALAPAGOS MULTI FAMILY OFFICE LTDA,F3 · 1 a 10 bi,0.008596438940634103
01294929000133,11,1132007594.0,FINACAP INVESTIMENTOS LTDA,01294929000133,FINACAP INVESTIMENTOS LTDA,FINACAP,RECIFE,PE,PRIVADO,1997-03-24,www.finacap.com.br,FINACAP,F3 · 1 a 10 bi,0.008532573497695572
39526263000174,56,1128876154.08,PATAGÔNIA CAPITAL GESTORA DE RECURSOS LTDA.,39526263000174,PATAGÔNIA CAPITAL GESTORA DE RECURSOS LTDA.,PATAGÔNIA CAPITAL,RIBEIRÃO PRETO,SP,PRIVADO,2021-08-17,www.patagoniacapital.com.br,PATAGÔNIA CAPITAL,F3 · 1 a 10 bi,0.0085089700860112
13143849000166,12,1127402834.55,BAHIA AM RENDA VARIÁVEL LTDA,13143849000166,BAHIA AM RENDA VARIÁVEL LTDA,BAHIA AM RENDA VARIÁVEL LTDA,RIO DE JANEIRO,RJ,PRIVADO,2011-06-16,www.bahiaasset.com.br,BAHIA AM RENDA VARIÁVEL LTDA,F3 · 1 a 10 bi,0.00849786485381846
11959069000163,26,1120263722.6200001,UJAY CAPITAL INVESTIMENTOS LTDA,11959069000163,UJAY CAPITAL INVESTIMENTOS LTDA,UJAY,SÃO PAULO,SP,PRIVADO,2010-12-03,http://ujaycapital.com/,UJAY,F3 · 1 a 10 bi,0.008444053379784303
14744231000114,2,1120068740.04,BREI - BRAZILIAN REAL ESTATE INVESTMENTS LTDA,14744231000114,BREI - BRAZILIAN REAL ESTATE INVESTMENTS LTDA,BREI - BRAZILIAN REAL ESTATE INVESTMENTS LTDA,SÃO PAULO,SP,PRIVADO,2014-03-28,brei.com.br,BREI - BRAZILIAN REAL ESTATE INVESTMENTS LTDA,F3 · 1 a 10 bi,0.00844258368717496
54641866000100,5,1110458619.47,B.OND CAPITAL LTDA.,54641866000100,B.OND CAPITAL LTDA.,B.OND CAPITAL LTDA.,SÃO PAULO,SP,PRIVADO,2024-08-09,www.b-ondcapital.com/,B.OND CAPITAL LTDA.,F3 · 1 a 10 bi,0.008370146840885358
18966381000123,8,1108039146.97,DNA CAPITAL CONSULTORIA LTDA,18966381000123,DNA CAPITAL CONSULTORIA LTDA,DNA CAPITAL,SÃO PAULO,SP,PRIVADO,2016-01-08,www.dnacapital.com,DNA CAPITAL,F3 · 1 a 10 bi,0.008351909925301642
10240925000163,24,1103665666.97,LEBLON EQUITIES GESTAO DE RECURSOS LTDA,10240925000163,LEBLON EQUITIES GESTAO DE RECURSOS LTDA,--,RIO DE JANEIRO,RJ,PRIVADO,2008-09-09,www.leblonequities.com.br,LEBLON EQUITIES GESTAO DE RECURSOS LTDA,F3 · 1 a 10 bi,0.008318944563815999
38267850000123,13,1097295630.42,PRISMA CLAIMS LTDA.,38267850000123,PRISMA CLAIMS LTDA.,PRISMA CLAIMS LTDA.,SÃO PAULO,SP,PRIVADO,2021-02-19,www.prismacapital.com,PRISMA CLAIMS LTDA.,F3 · 1 a 10 bi,0.008270930040473605
05599583000132,3,1094007473.08,INFRA ASSET MANAGEMENT LTDA,05599583000132,INFRA ASSET MANAGEMENT LTDA,INFRA ASSET MANAGEMENT,SÃO PAULO,SP,PRIVADO,2007-01-18,www.infraasset.com,INFRA ASSET MANAGEMENT,F3 · 1 a 10 bi,0.008246145362063102
38318963000100,22,1082832770.76,CARBYNE INVESTIMENTOS,38318963000100,BRM CARBYNE GESTÃO DE RECURSOS LTDA.,CARBYNE INVESTIMENTOS,VITÓRIA,ES,PRIVADO,2021-06-11,www.carbyneinvestimentos.com,CARBYNE INVESTIMENTOS,F3 · 1 a 10 bi,0.008161915389255809
16712461000127,4,1075431087.8899999,GEF BRASIL INVESTIMENTOS LTDA,16712461000127,GEF BRASIL INVESTIMENTOS LTDA,--,SÃO PAULO,SP,PRIVADO,2012-12-14,https://www.gefcapital.com,GEF BRASIL INVESTIMENTOS LTDA,F3 · 1 a 10 bi,0.00810612477139277
16987291000193,34,1074036778.83,AZ GUIDANCE GESTÃO DE PATRIMÔNIO LTDA.,16987291000193,AZ GUIDANCE GESTÃO DE PATRIMÔNIO LTDA.,AZ GUIDANCE,RIO DE JANEIRO,RJ,PRIVADO,2013-02-07,www.guidance.com.br,AZ GUIDANCE,F3 · 1 a 10 bi,0.008095615085242244
35541359000150,41,1072488394.49,INTRA BLACK INVESTIMENTOS GESTÃO DE RECURSOS LTDA,35541359000150,INTRA BLACK INVESTIMENTOS GESTÃO DE RECURSOS LTDA,INTRA BLACK INVESTIMENTOS GESTÃO DE RECURSOS,SÃO PAULO,SP,PRIVADO,2021-12-01,www.intrainvestimentos.com.br,INTRA BLACK INVESTIMENTOS GESTÃO DE RECURSOS,F3 · 1 a 10 bi,0.008083944047650485
36633625000138,18,1065159771.72,NORTE ASSET MANAGEMENT GESTÃO DE RECURSOS S.A.,36633625000138,NORTE ASSET MANAGEMENT GESTÃO DE RECURSOS S.A.,-----,SÃO PAULO,SP,PRIVADO,2020-12-08,www.norteasset.com.br,NORTE ASSET MANAGEMENT GESTÃO DE RECURSOS S.A.,F3 · 1 a 10 bi,0.008028704124567505
21610424000148,8,1055960051.41,HEDGE ALTERNATIVE INVESTMENTS LTDA,21610424000148,HEDGE ALTERNATIVE INVESTMENTS LTDA,HEDGE INVESTMENTS,SÃO PAULO,SP,PRIVADO,2015-06-05,www.hedgeinvest.com.br,HEDGE INVESTMENTS,F3 · 1 a 10 bi,0.007959360694258929
11459648000147,4,1053687896.32,LUXOR INVESTIMENTOS LTDA,11459648000147,LUXOR INVESTIMENTOS LTDA,--,RIO DE JANEIRO,RJ,PRIVADO,2013-03-20,luxor.com.br,LUXOR INVESTIMENTOS LTDA,F3 · 1 a 10 bi,0.007942234192275773
13971519000169,39,1050455293.3,RENOVA GESTORA DE RECURSOS LTDA,13971519000169,RENOVA GESTORA DE RECURSOS LTDA,--,SÃO JOSÉ,SC,PRIVADO,2011-11-01,www.renovagestora.com.br,RENOVA GESTORA DE RECURSOS LTDA,F3 · 1 a 10 bi,0.00791786825780394
32832649000165,6,1021574332.6,QR ASSET GESTORA DE RECURSOS LTDA.,32832649000165,QR ASSET GESTORA DE RECURSOS LTDA.,QR ASSET,RIO DE JANEIRO,RJ,PRIVADO,2019-12-11,www.qrasset.com.br,QR ASSET,F3 · 1 a 10 bi,0.00770017632608638
10467534000186,11,1020597425.36,GERIBÁ INVESTIMENTOS LTDA,10467534000186,GERIBÁ INVESTIMENTOS LTDA,--,SÃO PAULO,SP,PRIVADO,2009-06-24,http://geribainvest.com.br/,GERIBÁ INVESTIMENTOS LTDA,F3 · 1 a 10 bi,0.00769281283058519
33459988000100,8,1013562123.22,CARTOR CAPITAL GESTÃO DE RECURSOS LTDA.,33459988000100,CARTOR CAPITAL GESTÃO DE RECURSOS LTDA.,CARTOR CAPITAL,BELO HORIZONTE,MG,PRIVADO,2019-11-04,www.cartor.com.br,CARTOR CAPITAL,F3 · 1 a 10 bi,0.007639783828919284
07396813000191,2,1013140346.37,MATTERHORN INFRAESTRUTURA GESTÃO DE INVESTIMENTOS LTDA.,07396813000191,MATTERHORN INFRAESTRUTURA GESTÃO DE INVESTIMENTOS LTDA.,MATTERHORN GESTÃO DE INVESTIMENTOS LTDA.,SÃO PAULO,SP,PRIVADO,2005-10-18,www.angrapartners.com.br,MATTERHORN GESTÃO DE INVESTIMENTOS LTDA.,F3 · 1 a 10 bi,0.007636604661225245
11013757000136,13,1011800170.5799999,TRIUS CAPITAL GESTÃO DE INVESTIMENTOS E CONSULTORIA LTDA,11013757000136,TRIUS CAPITAL GESTÃO DE INVESTIMENTOS E CONSULTORIA LTDA,TRIUS CAPITAL,SÃO PAULO,SP,PRIVADO,2009-10-27,www.triuscapital.com,TRIUS CAPITAL,F3 · 1 a 10 bi,0.0076265030077658355
52906220000182,16,1007241493.4399999,NIKOS GESTAO DE RECURSOS LTDA.,52906220000182,NIKOS GESTAO DE RECURSOS LTDA.,NIKOS GESTAO,RIO DE JANEIRO,RJ,PRIVADO,2024-02-14,https://www.nikosgestao.com.br/,NIKOS GESTAO,F3 · 1 a 10 bi,0.007592141711997607
07218853000143,2,999402441.51,BRASIF GESTÃO INTERNACIONAL LTDA,07218853000143,BRASIF GESTÃO INTERNACIONAL LTDA,---,SÃO PAULO,SP,PRIVADO,2012-09-14,www.brasif.com.br/bgi,BRASIF GESTÃO INTERNACIONAL LTDA,F4 · 100 mi a 1 bi,0.007533054399245024
14121173000172,10,997424071.17,BUILDERS VC GESTORA DE RECURSOS LTDA,14121173000172,BUILDERS VC GESTORA DE RECURSOS LTDA,--,SÃO PAULO,SP,PRIVADO,2012-07-20,www.g5partners.com,BUILDERS VC GESTORA DE RECURSOS LTDA,F4 · 100 mi a 1 bi,0.007518142317010608
51744631000156,15,994587248.15,MAGNUS CAPITAL GESTORA DE RECURSOS LTDA.,51744631000156,MAGNUS CAPITAL GESTORA DE RECURSOS LTDA.,MAGNUS CAPITAL,RIO DE JANEIRO,RJ,PRIVADO,2023-10-17,www.magnuscapital.com.br,MAGNUS CAPITAL,F4 · 100 mi a 1 bi,0.007496759597454308
16492426000140,24,993340081.42,CVPAR INVESTIMENTOS LTDA,16492426000140,CVPAR INVESTIMENTOS LTDA,CVPAR INVESTIMENTOS,SÃO PAULO,SP,PRIVADO,2012-10-02,www.cvparinvestimentos.com.br,CVPAR INVESTIMENTOS,F4 · 100 mi a 1 bi,0.0074873590052285935
29247309000162,9,970965988.73,SOMMA MULTI-FAMILY OFFICE S.A.,29247309000162,SOMMA MULTI-FAMILY OFFICE S.A.,SOMMA MULTI-FAMILY OFFICE,FLORIANÓPOLIS,SC,PRIVADO,2018-06-20,https://www.sommainvestimentos.com.br/familias/,SOMMA MULTI-FAMILY OFFICE,F4 · 100 mi a 1 bi,0.007318712971992108
51004798000180,6,961227280.45,ÉTRE-DAVOS GESTORA DE RECURSOS LTDA.,51004798000180,ÉTRE-DAVOS GESTORA DE RECURSOS LTDA.,-----,SÃO PAULO,SP,PRIVADO,2023-10-17,www.etre-davos.co,ÉTRE-DAVOS GESTORA DE RECURSOS LTDA.,F4 · 100 mi a 1 bi,0.007245306888311969
03829051000119,26,960769666.17,AZIMUT BRASIL WEALTH MANAGEMENT LTDA,03829051000119,AZIMUT BRASIL WEALTH MANAGEMENT LTDA,AZIMUT BRASIL WEALTH MANAGEMENT,SÃO PAULO,SP,PRIVADO,2000-06-26,www.azimutwealth.com.br,AZIMUT BRASIL WEALTH MANAGEMENT,F4 · 100 mi a 1 bi,0.007241857593891693
30034266000116,18,957339331.22,SETTA GESTÃO E GOVERNANÇA PATRIMONIAL LTDA.,30034266000116,SETTA GESTÃO E GOVERNANÇA PATRIMONIAL LTDA.,SETTA GESTÃO E GOVERNANÇA PATRIMONIAL LTDA.,RIO DE JANEIRO,RJ,PRIVADO,2018-07-16,https://www.settaggp.com/,SETTA GESTÃO E GOVERNANÇA PATRIMONIAL LTDA.,F4 · 100 mi a 1 bi,0.007216001243423969
50543106000100,50,948941223.42,MENESTYS GESTORA DE RECURSOS LTDA,50543106000100,MENESTYS GESTORA DE RECURSOS LTDA,MENESTYS GESTORA DE RECURSOS LTDA,SÃO PAULO,SP,PRIVADO,2023-12-27,https://menestysasset.com.br/,MENESTYS GESTORA DE RECURSOS LTDA,F4 · 100 mi a 1 bi,0.007152700014328972
36196900000101,22,935117378.5400001,OPEA GESTORA DE RECURSOS LTDA.,36196900000101,OPEA GESTORA DE RECURSOS LTDA.,OPEA GESTORA DE RECURSOS LTDA.,SÃO PAULO,SP,PRIVADO,2021-12-08,www.opea.com.br/gestora,OPEA GESTORA DE RECURSOS LTDA.,F4 · 100 mi a 1 bi,0.007048501974417818
40147132000165,17,932923895.66,OBY CAPITAL GESTORA DE RECURSOS LTDA.,40147132000165,OBY CAPITAL GESTORA DE RECURSOS LTDA.,OBY CAPITAL,SÃO PAULO,SP,PRIVADO,2021-04-12,www.obycapital.com.br,OBY CAPITAL,F4 · 100 mi a 1 bi,0.007031968468822326
26264881000141,4,928530992.03,IG4 CAPITAL INVESTIMENTOS LTDA.,26264881000141,IG4 CAPITAL INVESTIMENTOS LTDA.,IG4 CAPITAL,SÃO PAULO,SP,PRIVADO,2017-03-30,http://www.ig4capital.com/,IG4 CAPITAL,F4 · 100 mi a 1 bi,0.006998856700588668
04046576000140,5,922351544.75,MAPFRE PREVIDÊNCIA S.A.,,,,,,,,,MAPFRE PREVIDÊNCIA S.A.,F4 · 100 mi a 1 bi,0.006952278755024343
18167206000176,15,913505807.09,STRATEGIC PORTFOLIO ADVISORS - GESTORA DE RECURSOS LTDA,18167206000176,STRATEGIC PORTFOLIO ADVISORS - GESTORA DE RECURSOS LTDA,STRATEGIC PORTFOLIO ADVISORS - GESTORA DE RECURSOS LTDA,SÃO PAULO,SP,PRIVADO,2013-09-02,www.spainvest.com.br,STRATEGIC PORTFOLIO ADVISORS - GESTORA DE RECURSOS LTDA,F4 · 100 mi a 1 bi,0.00688560348965922
42221617000187,88,913425385.62,ASSET WEALTH MANAGEMENT LTDA,42221617000187,ASSET WEALTH MANAGEMENT LTDA,ASSET WEALTH MANAGEMENT,ARARAQUARA,SP,PRIVADO,2021-12-08,https://assetbank.com.br/management,ASSET WEALTH MANAGEMENT,F4 · 100 mi a 1 bi,0.006884997308121919
08486313000103,16,906817273.24,KONDOR ADMINISTRADORA E GESTORA DE RECURSOS FINANCEIROS LTDA.,08486313000103,KONDOR ADMINISTRADORA E GESTORA DE RECURSOS FINANCEIROS LTDA.,--,SÃO PAULO,SP,PRIVADO,2006-12-29,www.kondorinvest.com.br,KONDOR ADMINISTRADORA E GESTORA DE RECURSOS FINANCEIROS LTDA.,F4 · 100 mi a 1 bi,0.006835188274276001
61197121000160,1,897683144.06,Ice Asset Management Brazil Ltda.,61197121000160,Ice Asset Management Brazil Ltda.,Ice Asset Management Brazil Ltda.,SÃO PAULO,SP,PRIVADO,2025-11-04,www.iceassetmanagement.com,Ice Asset Management Brazil Ltda.,F4 · 100 mi a 1 bi,0.006766339240948937
34076827000109,22,893524281.8199999,LEGEND WM GESTÃO DE RECURSOS LTDA.,34076827000109,LEGEND WM GESTÃO DE RECURSOS LTDA.,-----,SÃO PAULO,SP,PRIVADO,2020-04-23,legendwm.com.br,LEGEND WM GESTÃO DE RECURSOS LTDA.,F4 · 100 mi a 1 bi,0.00673499157339116
11888689000159,12,893198472.72,STK CAPITAL GESTORA DE RECURSOS LTDA.,11888689000159,STK CAPITAL GESTORA DE RECURSOS LTDA.,--,RIO DE JANEIRO,RJ,PRIVADO,2010-08-11,www.stkcapital.com.br,STK CAPITAL GESTORA DE RECURSOS LTDA.,F4 · 100 mi a 1 bi,0.006732535768229867
55704616000135,2,889953739.81,ARTESANAL IMOBILIÁRIO LTDA.,55704616000135,ARTESANAL IMOBILIÁRIO LTDA.,-----,SÃO PAULO,SP,PRIVADO,2024-12-20,www.artesanalinvestimentos.com.br,ARTESANAL IMOBILIÁRIO LTDA.,F4 · 100 mi a 1 bi,0.006708078404002179
11081121000121,5,885852754.79,FINHEALTH GESTAO DE RECURSOS LTDA,11081121000121,FINHEALTH GESTAO DE RECURSOS LTDA,--,SÃO PAULO,SP,PRIVADO,2010-11-08,www.finhealth.com.br,FINHEALTH GESTAO DE RECURSOS LTDA,F4 · 100 mi a 1 bi,0.006677166989377784
04980745000115,19,884241623.0600001,TÁVOLA CAPITAL GESTÃO DE RECURSOS LTDA.,04980745000115,TÁVOLA CAPITAL GESTÃO DE RECURSOS LTDA.,TÁVOLA CAPITAL,RIO DE JANEIRO,RJ,PRIVADO,2002-05-23,www.tavolacapital.com.br,TÁVOLA CAPITAL,F4 · 100 mi a 1 bi,0.00666502298966121
16995968000135,21,883740181.69,GENESIS CAPITAL GESTORA DE RECURSOS LTDA.,16995968000135,GENESIS CAPITAL GESTORA DE RECURSOS LTDA.,GENESIS CAPITAL,SÃO PAULO,SP,PRIVADO,2013-01-10,www.genesiscapital.com.br,GENESIS CAPITAL,F4 · 100 mi a 1 bi,0.0066612433459848006
37947185000156,22,881222430.0699999,ENCORE GESTÃO DE RECURSOS LTDA.,37947185000156,ENCORE GESTÃO DE RECURSOS LTDA.,ENCORE ASSET MANAGEMENT,SÃO PAULO,SP,PRIVADO,2020-11-11,www.encore.am,ENCORE ASSET MANAGEMENT,F4 · 100 mi a 1 bi,0.006642265645781676
09311153000124,15,878617170.5600001,RIO DAS PEDRAS ADMINISTRAÇÃO E PARTICIPAÇÕES LTDA,09311153000124,RIO DAS PEDRAS ADMINISTRAÇÃO E PARTICIPAÇÕES LTDA,--,PIRACICABA,SP,PRIVADO,2009-06-15,www.rdpinvestimentos.com.br,RIO DAS PEDRAS ADMINISTRAÇÃO E PARTICIPAÇÕES LTDA,F4 · 100 mi a 1 bi,0.006622628349735723
23313334000110,29,870089655.23,OIKOS GESTÃO DE RECURSOS LTDA.,23313334000110,OIKOS GESTÃO DE RECURSOS LTDA.,OIKOS CAPITAL,SÃO PAULO,SP,PRIVADO,2016-08-17,www.oikoswm.com,OIKOS CAPITAL,F4 · 100 mi a 1 bi,0.006558351703808954
67030395000146,27,867162250.88,TRUSTEE DISTRIBUIDORA DE TITULOS E VALORES MOBILIARIOS LTDA.,67030395000146,TRUSTEE DISTRIBUIDORA DE TITULOS E VALORES MOBILIARIOS LTDA.,TRUSTEE DTVM LTDA,SÃO PAULO,SP,PRIVADO,2012-11-16,www.trusteedtvm.com.br,TRUSTEE DTVM LTDA,F4 · 100 mi a 1 bi,0.006536286222175933
52720110000121,6,861728783.26,STRIX CAPITAL GESTÃO DE PATRIMÔNIO LTDA.,52720110000121,STRIX CAPITAL GESTÃO DE PATRIMÔNIO LTDA.,STRIX CAPITAL,SÃO PAULO,SP,PRIVADO,2024-02-01,www.strixcapital.com.br,STRIX CAPITAL,F4 · 100 mi a 1 bi,0.0064953311419620454
27257763000179,16,856754498.6,AUSTER CAPITAL GESTÃO DE RECURSOS LTDA.,27257763000179,AUSTER CAPITAL GESTÃO DE RECURSOS LTDA.,AUSTER CAPITAL,RIO DE JANEIRO,RJ,PRIVADO,2018-07-16,www.austercap.com,AUSTER CAPITAL,F4 · 100 mi a 1 bi,0.006457837180185753
14555360000164,6,847196360.86,CANUMA CAPITAL LTDA.,14555360000164,CANUMA CAPITAL LTDA.,--,SÃO PAULO,SP,PRIVADO,2012-10-02,www.canumacapital.com.br,CANUMA CAPITAL LTDA.,F4 · 100 mi a 1 bi,0.006385792157519899
52213100000108,12,838637844.86,EXA CAPITAL ASSET LTDA.,52213100000108,EXA CAPITAL ASSET LTDA.,EXA CAPITAL ASSET,SÃO PAULO,SP,PRIVADO,2023-12-15,https://exacapital.com.br/,EXA CAPITAL ASSET,F4 · 100 mi a 1 bi,0.006321281842228495
13017937000111,5,836749362.9,BARAUNA GESTORA DE RECURSOS LTDA,13017937000111,BARAUNA GESTORA DE RECURSOS LTDA,BARAÚNA INVESTIMENTOS,SÃO PAULO,SP,PRIVADO,2011-07-18,www.baraunainvest.com.br,BARAÚNA INVESTIMENTOS,F4 · 100 mi a 1 bi,0.006307047298919617
59943396000153,3,835793716.6,EB Climate Participações Ltda.,59943396000153,EB Climate Participações Ltda.,-----,SÃO PAULO,SP,PRIVADO,2025-12-29,www.ebcapital.com.br,EB Climate Participações Ltda.,F4 · 100 mi a 1 bi,0.006299844058998109
14359791000155,20,834312278.83,INDIE CAPITAL INVESTIMENTOS LTDA.,14359791000155,INDIE CAPITAL INVESTIMENTOS LTDA.,INDIE CAPITAL,SÃO PAULO,SP,PRIVADO,2011-11-23,www.indiecapital.com.br,INDIE CAPITAL,F4 · 100 mi a 1 bi,0.006288677635096197
39938506000181,24,833555407.86,MERCURY GESTÃO DE RECURSOS LTDA.,39938506000181,MERCURY GESTÃO DE RECURSOS LTDA.,-----,SÃO PAULO,SP,PRIVADO,2021-06-28,www.mercurygestao.com.br,MERCURY GESTÃO DE RECURSOS LTDA.,F4 · 100 mi a 1 bi,0.006282972675859151
18596891000156,8,817161433.6700001,CY.CAPITAL GESTORA DE RECURSOS LTDA.,18596891000156,CY.CAPITAL GESTORA DE RECURSOS LTDA.,CY.CAPITAL,SÃO PAULO,SP,PRIVADO,2022-06-06,https://cy.capital,CY.CAPITAL,F4 · 100 mi a 1 bi,0.00615940213584076
07852196000191,5,813510646.1,KOBOLD GESTORA DE FUNDOS LTDA,07852196000191,KOBOLD GESTORA DE FUNDOS LTDA,KOBOLD GESTORA DE FUNDOS,SÃO PAULO,SP,PRIVADO,2013-07-11,http://www.kobold.com.br,KOBOLD GESTORA DE FUNDOS,F4 · 100 mi a 1 bi,0.0061318841108463995
23782291000112,4,812711941.5400001,RCB PORTFÓLIOS LTDA.,23782291000112,RCB PORTFÓLIOS LTDA.,RCB PORTFÓLIOS,SÃO PAULO,SP,PRIVADO,2018-03-27,https://www.rcbinv.com.br/home,RCB PORTFÓLIOS,F4 · 100 mi a 1 bi,0.006125863828476153
30949716000109,2,811030965.3800001,CAPITÂNIA HBC CONSULTORIA E GESTÃO S.A.,30949716000109,CAPITÂNIA HBC CONSULTORIA E GESTÃO S.A.,CAPITÂNIA HBC CONSULTORIA E GESTÃO S.A.,SÃO PAULO,SP,PRIVADO,2025-02-18,www.capitaniainvestimentos.com.br,CAPITÂNIA HBC CONSULTORIA E GESTÃO S.A.,F4 · 100 mi a 1 bi,0.0061131933722803665
29996127000194,28,803186130.54,SONATA GESTORA DE RECURSOS LTDA,29996127000194,SONATA GESTORA DE RECURSOS LTDA,SONATA,SÃO PAULO,SP,PRIVADO,2018-06-20,www.sonatainvest.com.br,SONATA,F4 · 100 mi a 1 bi,0.006054062470505176
43353050000165,21,802877892.15,MANTARO CAPITAL LTDA,43353050000165,MANTARO CAPITAL LTDA,-----,RIO DE JANEIRO,RJ,PRIVADO,2022-06-08,www.mantarocapital.com.br,MANTARO CAPITAL LTDA,F4 · 100 mi a 1 bi,0.006051739105598945
10807094000169,17,793767283.66,GHT4 WEALTH MANAGEMENT LTDA.,10807094000169,GHT4 WEALTH MANAGEMENT LTDA.,GHT4 WEALTH,SÃO PAULO,SP,PRIVADO,2015-12-24,https://ght4.com/,GHT4 WEALTH,F4 · 100 mi a 1 bi,0.0059830673608494535
24503059000160,9,781110628.23,CIX CAPITAL GESTÃO DE ATIVOS LTDA.,24503059000160,CIX CAPITAL GESTÃO DE ATIVOS LTDA.,CIX CAPITAL GESTÃO DE ATIVOS LTDA.,SÃO PAULO,SP,PRIVADO,2016-12-12,http://www.cixcapital.com.br/,CIX CAPITAL GESTÃO DE ATIVOS LTDA.,F4 · 100 mi a 1 bi,0.005887667079734835
08882311000133,6,778955175.52,ARKA ASSET MANAGEMENT LTDA,08882311000133,ARKA ASSET MANAGEMENT LTDA,--,RIO DE JANEIRO,RJ,PRIVADO,2007-08-27,www.arenainvestimentos.com.br,ARKA ASSET MANAGEMENT LTDA,F4 · 100 mi a 1 bi,0.005871420228771676
42379993000102,4,777353999.0300001,SOD CAPITAL LTDA.,42379993000102,SOD CAPITAL LTDA.,SOD CAPITAL,RIO DE JANEIRO,RJ,PRIVADO,2022-02-25,www.sodcapital.com.br,SOD CAPITAL,F4 · 100 mi a 1 bi,0.005859351267259298
13772037000180,11,775375407.24,SIGULER GUFF GESTORA DE INVESTIMENTOS (ASSET MANAGEMENT) BRASIL LTDA,13772037000180,SIGULER GUFF GESTORA DE INVESTIMENTOS (ASSET MANAGEMENT) BRASIL LTDA,--,SÃO PAULO,SP,PRIVADO,2012-11-07,www.sigulerguff.com,SIGULER GUFF GESTORA DE INVESTIMENTOS (ASSET MANAGEMENT) BRASIL LTDA,F4 · 100 mi a 1 bi,0.005844437515832544
42177684000141,18,766215631.76,RUBIK CAPITAL ASSET MANAGEMENT LTDA.,42177684000141,RUBIK CAPITAL ASSET MANAGEMENT LTDA.,RUBIK CAPITAL,CURITIBA,PR,PRIVADO,2021-11-11,www.rubikcapital.com.br,RUBIK CAPITAL,F4 · 100 mi a 1 bi,0.005775395172018118
53301076000113,4,753280922.27,EXCLUSIVE INVEST GESTORA DE RECURSOS LTDA.,53301076000113,EXCLUSIVE INVEST GESTORA DE RECURSOS LTDA.,EXCLUSIVE INVEST,SÃO PAULO,SP,PRIVADO,2025-06-04,https://idexclusivo.com.br/,EXCLUSIVE INVEST,F4 · 100 mi a 1 bi,0.005677899042151373
30193431000182,6,745070500.28,ENGEFORM GESTÃO DE RECURSOS LTDA.,30193431000182,ENGEFORM GESTÃO DE RECURSOS LTDA.,ENGEFORM,SÃO PAULO,SP,PRIVADO,2023-08-04,www.engeform.com.br,ENGEFORM,F4 · 100 mi a 1 bi,0.005616012505834753
97543940000169,6,743721109.25,ZION GESTAO DE RECURSOS LTDA,97543940000169,ZION GESTAO DE RECURSOS LTDA,ZION INVEST,SÃO PAULO,SP,PRIVADO,2011-11-03,www.zioninvest.com,ZION INVEST,F4 · 100 mi a 1 bi,0.005605841391964464
19569363000170,10,740585159.72,EFFIKA INVESTIMENTOS - GESTORA DE PATRIMÔNIO LTDA,19569363000170,EFFIKA INVESTIMENTOS - GESTORA DE PATRIMÔNIO LTDA,EFFIKA,SÃO PAULO,SP,PRIVADO,2014-06-25,www.effika.com.br,EFFIKA,F4 · 100 mi a 1 bi,0.005582203988830762
48880654000183,24,735305549.5799999,BANUX INVESTIMENTOS LTDA.,48880654000183,BANUX INVESTIMENTOS LTDA.,BANUX INVESTIMENTOS LTDA.,SÃO PAULO,SP,PRIVADO,2023-04-06,https://banuxinvestimentos.com.br/pt/home/,BANUX INVESTIMENTOS LTDA.,F4 · 100 mi a 1 bi,0.00554240861837786
31960567000133,24,732757535.03,EXES GESTORA DE RECURSOS LTDA.,31960567000133,EXES GESTORA DE RECURSOS LTDA.,EXES,SÃO PAULO,SP,PRIVADO,2019-07-02,www.exes.com.br,EXES,F4 · 100 mi a 1 bi,0.005523202809568531
18945670000146,1,720403545.45,INTER DISTRIBUIDORA DE TÍTULOS E VALORES MOBILIÁRIOS,18945670000146,INTER DISTRIBUIDORA DE TÍTULOS E VALORES MOBILIÁRIOS,INTER DISTRIBUIDORA DE TITULOS E VALORES MOBILIARIOS LTDA.,BELO HORIZONTE,MG,PRIVADO,2013-12-09,https://www.bancointer.com.br/inter-dtvm/,INTER DISTRIBUIDORA DE TITULOS E VALORES MOBILIARIOS LTDA.,F4 · 100 mi a 1 bi,0.005430083890013725
08964545000120,2,717673372.88,REDITUS INVESTIMENTOS LTDA,08964545000120,REDITUS INVESTIMENTOS LTDA,--,RIO DE JANEIRO,RJ,PRIVADO,2011-07-08,www.reditusinvestimentos.com.br,REDITUS INVESTIMENTOS LTDA,F4 · 100 mi a 1 bi,0.005409505054466693
03406900000121,3,716400716.9,FIR CAPITAL PARTNERS - GESTÃO DE INVESTIMENTOS S/A,03406900000121,FIR CAPITAL PARTNERS - GESTÃO DE INVESTIMENTOS S/A,FIR CAPITAL PARTNERS - GESTÃO DE INVESTIMENTOS S/A,NOVA LIMA,MG,PRIVADO,2000-02-17,http://www.fircapital.com/,FIR CAPITAL PARTNERS - GESTÃO DE INVESTIMENTOS S/A,F4 · 100 mi a 1 bi,0.005399912335527184
42274737000142,15,715600456.82,TERRA GESTORA DE RECURSOS LTDA.,42274737000142,TERRA GESTORA DE RECURSOS LTDA.,-----,SÃO PAULO,SP,PRIVADO,2022-02-02,www.terragestora.com.br,TERRA GESTORA DE RECURSOS LTDA.,F4 · 100 mi a 1 bi,0.00539388032833389
05977098000155,2,713520086.61,FRANKLIN TEMPLETON ALTERNATIVES BRASIL ADMINISTRAÇÃO DE INVESTIMENTOS LTDA.,05977098000155,FRANKLIN TEMPLETON ALTERNATIVES BRASIL ADMINISTRAÇÃO DE INVESTIMENTOS LTDA.,FRANKLIN TEMPLETON,SÃO PAULO,SP,PRIVADO,2007-11-27,https://www.franklintempleton.com.br/,FRANKLIN TEMPLETON,F4 · 100 mi a 1 bi,0.00537819941610916
22067585000108,5,710409045.41,ÓRIA GESTÃO DE RECURSOS LTDA.,22067585000108,ÓRIA GESTÃO DE RECURSOS LTDA.,ÓRIA GESTÃO DE RECURSOS LTDA.,SÃO PAULO,SP,PRIVADO,2015-04-14,www.oriacapital.com.br,ÓRIA GESTÃO DE RECURSOS LTDA.,F4 · 100 mi a 1 bi,0.005354749760970752
37813257000172,3,705716495.28,BRICK CAPITAL LTDA.,37813257000172,BRICK CAPITAL LTDA.,BRICK CAPITAL,SÃO PAULO,SP,PRIVADO,2021-02-01,www.brickcapital.com.br,BRICK CAPITAL,F4 · 100 mi a 1 bi,0.005319379389704633
20316689000175,37,703898771.25,JOURNEY CAPITAL ADMINISTRACAO DE RECURSOS LTDA,20316689000175,JOURNEY CAPITAL ADMINISTRACAO DE RECURSOS LTDA,JOURNEY CAPITAL,SÃO PAULO,SP,PRIVADO,2014-07-18,www.journeycapital.com.br,JOURNEY CAPITAL,F4 · 100 mi a 1 bi,0.0053056781884346866
08968113000197,15,703849432.24,EST GESTÃO DE PATRIMÔNIO LTDA.,08968113000197,EST GESTÃO DE PATRIMÔNIO LTDA.,--,SÃO PAULO,SP,PRIVADO,2011-05-24,www.estgp.com.br,EST GESTÃO DE PATRIMÔNIO LTDA.,F4 · 100 mi a 1 bi,0.005305306292758933
17489133000176,15,699680385.24,BWAG GESTÃO DE RECURSOS LTDA,17489133000176,BWAG GESTÃO DE RECURSOS LTDA,BWAG ASSET MANAGEMENT LTDA,SÃO PAULO,SP,PRIVADO,2013-10-24,www.bwag.com.br,BWAG ASSET MANAGEMENT LTDA,F4 · 100 mi a 1 bi,0.005273881856976528
23862803000150,19,693949028.7199999,VELT PARTNERS INVESTIMENTOS LTDA,23862803000150,VELT PARTNERS INVESTIMENTOS LTDA,VELT PARTNERS INVESTIMENTOS LTDA,SÃO PAULO,SP,PRIVADO,2016-07-21,www.velt.com,VELT PARTNERS INVESTIMENTOS LTDA,F4 · 100 mi a 1 bi,0.005230681421743055
28375224000105,9,692840302.37,ARBOR GESTÃO DE RECURSOS LTDA.,28375224000105,ARBOR GESTÃO DE RECURSOS LTDA.,ARBOR CAPITAL,RIO DE JANEIRO,RJ,PRIVADO,2018-08-06,www.arborcapital.com.br,ARBOR CAPITAL,F4 · 100 mi a 1 bi,0.005222324331984692
57812441000105,13,688917888.76,RIZA REAL ESTATE GESTORA DE RECURSOS LTDA.,57812441000105,RIZA REAL ESTATE GESTORA DE RECURSOS LTDA.,RIZA REAL ESTATE,SÃO PAULO,SP,PRIVADO,2025-05-12,www.rizaasset.com,RIZA REAL ESTATE,F4 · 100 mi a 1 bi,0.005192758909815195
31139681000105,7,682570481.6,GERA CAPITAL GESTÃO DE RECURSOS LTDA.,31139681000105,GERA CAPITAL GESTÃO DE RECURSOS LTDA.,GERA CAPITAL,RIO DE JANEIRO,RJ,PRIVADO,2019-03-15,www.geracapital.com,GERA CAPITAL,F4 · 100 mi a 1 bi,0.005144914956824453
19910578000103,4,681921408.46,GOLDEN ASSET GESTORA DE RECURSOS LTDA.,19910578000103,GOLDEN ASSET GESTORA DE RECURSOS LTDA.,GOLDEN ASSET GESTORA DE RECURSOS,SÃO PAULO,SP,PRIVADO,2014-08-08,https://www.goldenasset.com.br/,GOLDEN ASSET GESTORA DE RECURSOS,F4 · 100 mi a 1 bi,0.005140022530040583
29389196000130,5,681416158.71,RYO GESTÃO DE RECURSOS LTDA.,29389196000130,RYO GESTÃO DE RECURSOS LTDA.,RYO ASSET,RIO DE JANEIRO,RJ,PRIVADO,2018-07-16,https://www.ryoasset.com.br/,RYO ASSET,F4 · 100 mi a 1 bi,0.005136214180477014
39667665000199,22,676357244.47,MMZR GESTORA DE RECURSOS LTDA.,39667665000199,MMZR GESTORA DE RECURSOS LTDA.,MMZR CAPITAL,SÃO PAULO,SP,PRIVADO,2021-04-19,www.mmzrfo.com.br,MMZR CAPITAL,F4 · 100 mi a 1 bi,0.005098082318287987
26753773000132,12,674668099.77,TORI 21 CONSULTORIA E INVESTIMENTOS LTDA,26753773000132,TORI 21 CONSULTORIA E INVESTIMENTOS LTDA,TORI 21 CONSULTORIA,SÃO PAULO,SP,PRIVADO,2021-10-22,www.vitainvestimentos.com,TORI 21 CONSULTORIA,F4 · 100 mi a 1 bi,0.005085350291243836
25098663000111,19,672271149.38,KP GESTÃO DE RECURSOS LTDA,25098663000111,KP GESTÃO DE RECURSOS LTDA,KP WEALTH MANAGEMENT,PORTO ALEGRE,RS,PRIVADO,2017-03-30,www.kpwealth.com.br,KP WEALTH MANAGEMENT,F4 · 100 mi a 1 bi,0.005067283137382495
09268642000140,8,672184075.25,"ASTELLA INVESTIMENTOS, ASSESSORIA, GESTÃO E PARTICIPAÇÕES LTDA",09268642000140,"ASTELLA INVESTIMENTOS, ASSESSORIA, GESTÃO E PARTICIPAÇÕES LTDA",--,SÃO PAULO,SP,PRIVADO,2008-07-22,https://www.astella.com.br/,"ASTELLA INVESTIMENTOS, ASSESSORIA, GESTÃO E PARTICIPAÇÕES LTDA",F4 · 100 mi a 1 bi,0.005066626811031054
12564465000154,20,672173352.64,MULTINVEST CAPITAL ADMINISTRADORA DE RECURSOS LTDA,12564465000154,MULTINVEST CAPITAL ADMINISTRADORA DE RECURSOS LTDA,MULTINVEST CAPITAL,RECIFE,PE,PRIVADO,2011-05-10,www.multinvestcapital.com.br,MULTINVEST CAPITAL,F4 · 100 mi a 1 bi,0.00506654598873057
20105116000100,1,670926272.95,"GOODMAN CONSULTORIA, PARTICIPAÇÕES E ADMINISTRAÇÃO DE VM LTDA",20105116000100,"GOODMAN CONSULTORIA, PARTICIPAÇÕES E ADMINISTRAÇÃO DE VM LTDA",GOODMAN,SÃO PAULO,SP,PRIVADO,2014-07-29,www.goodman.com.br,GOODMAN,F4 · 100 mi a 1 bi,0.0050571460525739515
35096963000115,8,661213226.47,PATRIA HIGH GROWTH GESTORA DE RECURSOS LTDA.,35096963000115,PATRIA HIGH GROWTH GESTORA DE RECURSOS LTDA.,-,SÃO PAULO,SP,PRIVADO,2020-08-11,https://highgrowth.patria.com/,PATRIA HIGH GROWTH GESTORA DE RECURSOS LTDA.,F4 · 100 mi a 1 bi,0.0049839333962133315
58267076000168,15,657574009.0899999,GIAA Investimentos Gestora de Recursos Ltda.,58267076000168,GIAA Investimentos Gestora de Recursos Ltda.,GIAA Investimentos,SÃO PAULO,SP,PRIVADO,2025-05-30,https://giaa.com.br/,GIAA Investimentos,F4 · 100 mi a 1 bi,0.004956502582203314
17090900000170,7,650304140.34,ARBITRAL GESTÃO DE RECURSOS LTDA,17090900000170,ARBITRAL GESTÃO DE RECURSOS LTDA,ARBITRAL GESTÃO DE RECURSOS LTDA,RIO DE JANEIRO,RJ,PRIVADO,2013-02-04,www.arbitral.com.br,ARBITRAL GESTÃO DE RECURSOS LTDA,F4 · 100 mi a 1 bi,0.004901705520985035
36684109000132,12,649969095.63,MIRABAUD INVESTIMENTOS LTDA.,36684109000132,MIRABAUD INVESTIMENTOS LTDA.,MIRABAUD INVESTIMENTOS,SÃO PAULO,SP,PRIVADO,2021-11-29,www.mirabaud.com.br,MIRABAUD INVESTIMENTOS,F4 · 100 mi a 1 bi,0.004899180101872794
18529041000135,6,647362017.1700001,SFA INVESTIMENTOS LTDA.,18529041000135,SFA INVESTIMENTOS LTDA.,SFA INVESTIMENTOS,SÃO PAULO,SP,PRIVADO,2013-09-05,www.sfainvestimentos.com.br,SFA INVESTIMENTOS,F4 · 100 mi a 1 bi,0.004879529095384751
36040900000100,43,643043239.68,HARBOUR CAPITAL ADMINISTRADORA DE CARTEIRAS DE VALORES MOBILIÁRIOS LTDA.,36040900000100,HARBOUR CAPITAL ADMINISTRADORA DE CARTEIRAS DE VALORES MOBILIÁRIOS LTDA.,HARBOUR CAPITAL,PORTO ALEGRE,RS,PRIVADO,2020-10-27,www.harbourcapital.com.br,HARBOUR CAPITAL,F4 · 100 mi a 1 bi,0.004846976057270044
10253634000100,9,642815783.35,RENDA ASSET ADMINISTRADORA DE RECURSOS LTDA,10253634000100,RENDA ASSET ADMINISTRADORA DE RECURSOS LTDA,RENDA ASSET MANAGEMENT,SÃO PAULO,SP,PRIVADO,2012-02-02,https://www.rendaasset.com.br/,RENDA ASSET MANAGEMENT,F4 · 100 mi a 1 bi,0.004845261591869346
54112373000183,25,640974734.22,NUMBER ASSET BRASIL LTDA.,54112373000183,NUMBER ASSET BRASIL LTDA.,NUMBER ASSET,SÃO PAULO,SP,PRIVADO,2025-01-07,www.numberasset.com.br,NUMBER ASSET,F4 · 100 mi a 1 bi,0.0048313845762929
37783771000102,15,638049378.45,AZ QUEST PANORAMA LTDA.,37783771000102,AZ QUEST PANORAMA LTDA.,-----,SÃO PAULO,SP,PRIVADO,2021-05-19,www.azqpanorama.com.br,AZ QUEST PANORAMA LTDA.,F4 · 100 mi a 1 bi,0.004809334535951534
04626084000124,2,633123454.69,PRINCIPAL GESTÃO DE INVESTIMENTOS LTDA,04626084000124,PRINCIPAL GESTÃO DE INVESTIMENTOS LTDA,PRINCIPAL GESTÃO DE INVESTIMENTOS LTDA,NOVA LIMA,MG,PRIVADO,2001-09-27,www.principalinvest.com.br,PRINCIPAL GESTÃO DE INVESTIMENTOS LTDA,F4 · 100 mi a 1 bi,0.00477220509728962
07424182000177,6,631217936.87,DOMO INVEST GESTORA DE ATIVOS FINANCEIROS E VALORES MOBILIÁRIOS LTDA.,07424182000177,DOMO INVEST GESTORA DE ATIVOS FINANCEIROS E VALORES MOBILIÁRIOS LTDA.,--,SÃO PAULO,SP,PRIVADO,2007-04-05,www.domo.vc,DOMO INVEST GESTORA DE ATIVOS FINANCEIROS E VALORES MOBILIÁRIOS LTDA.,F4 · 100 mi a 1 bi,0.004757842145188859
02604993000136,9,629072886.18,RENTA GESTAO DE RECURSOS LTDA,02604993000136,RENTA GESTAO DE RECURSOS LTDA,RENTA GESTAO DE RECURSOS LTDA,RIO DE JANEIRO,RJ,PRIVADO,2004-03-15,rentainvestimentos.com.br,RENTA GESTAO DE RECURSOS LTDA,F4 · 100 mi a 1 bi,0.004741673700060294
50982746000116,2,626241005.24,ARM CAPITAL Ltda.,50982746000116,ARM CAPITAL Ltda.,ARM CAPITAL,RIO DE JANEIRO,RJ,PRIVADO,2023-10-19,https://armcapital.com.br/,ARM CAPITAL,F4 · 100 mi a 1 bi,0.0047203282317212596
28381802000108,23,623601551.14,SOSU CAPITAL GESTÃO DE INVESTIMENTOS LTDA.,28381802000108,SOSU CAPITAL GESTÃO DE INVESTIMENTOS LTDA.,-----,SÃO PAULO,SP,PRIVADO,2021-02-11,www.sosu.com.br,SOSU CAPITAL GESTÃO DE INVESTIMENTOS LTDA.,F4 · 100 mi a 1 bi,0.004700433191951727
37658373000164,5,621901506.7,NAVI REAL ESTATE SELECTION - ADMINISTRADORA E GESTORA DE RECURSOS FINANCEIROS LTDA.,37658373000164,NAVI REAL ESTATE SELECTION - ADMINISTRADORA E GESTORA DE RECURSOS FINANCEIROS LTDA.,-----,SÃO PAULO,SP,PRIVADO,2021-01-14,www.navi.com.br,NAVI REAL ESTATE SELECTION - ADMINISTRADORA E GESTORA DE RECURSOS FINANCEIROS LTDA.,F4 · 100 mi a 1 bi,0.004687619007479349
59588111000103,4,621063403.1600001,BANCO VOTORANTIM S.A.,,,,,,,,,BANCO VOTORANTIM S.A.,F4 · 100 mi a 1 bi,0.004681301752991277
09400968000180,5,615075709.25,CRESCERA GROWTH CAPITAL LTDA.,09400968000180,CRESCERA GROWTH CAPITAL LTDA.,CRESCERA GROWTH CAPITAL LTDA.,RIO DE JANEIRO,RJ,PRIVADO,2008-04-10,www.crescera.com,CRESCERA GROWTH CAPITAL LTDA.,F4 · 100 mi a 1 bi,0.004636169159676907
47982937000173,14,612747775.01,ALTINVEST GESTÃO E ADMINISTRAÇÃO DE RECURSOS DE TERCEIROS LTDA.,47982937000173,ALTINVEST GESTÃO E ADMINISTRAÇÃO DE RECURSOS DE TERCEIROS LTDA.,ALTINVEST ASSET,SÃO PAULO,SP,PRIVADO,2023-01-13,www.altinvestasset.com.br,ALTINVEST ASSET,F4 · 100 mi a 1 bi,0.004618622219085798
26032552000175,4,610599379.22,JACARANDÁ CAPITAL E GESTÃO LTDA.,26032552000175,JACARANDÁ CAPITAL E GESTÃO LTDA.,JACARANDÁ CAPITAL,SÃO PAULO,SP,PRIVADO,2021-02-25,www.jacaranda.capital,JACARANDÁ CAPITAL,F4 · 100 mi a 1 bi,0.00460242856007019
13518918000179,33,607307888.45,APEX CAPITAL LTDA,13518918000179,APEX CAPITAL LTDA,--,SÃO PAULO,SP,PRIVADO,2011-09-21,www.apexcapital.com.br,APEX CAPITAL LTDA,F4 · 100 mi a 1 bi,0.004577618755735952
31340246000136,20,605994518.74,ALPHAKEY CAPITAL MANAGEMENT INVESTIMENTOS LTDA,31340246000136,ALPHAKEY CAPITAL MANAGEMENT INVESTIMENTOS LTDA,ALPHAKEY CAPITAL,SÃO PAULO,SP,PRIVADO,2019-04-12,www.alphakey.com.br,ALPHAKEY CAPITAL,F4 · 100 mi a 1 bi,0.004567719154673539
38265784000152,21,602343916.05,CARBON ASSET MANAGEMENT LTDA.,38265784000152,CARBON ASSET MANAGEMENT LTDA.,CARBON ASSET MANAGEMENT LTDA.,SÃO PAULO,SP,PRIVADO,2020-12-08,www.c6gestoraderecursos.com.br,CARBON ASSET MANAGEMENT LTDA.,F4 · 100 mi a 1 bi,0.004540202523222999
35070686000171,21,598458468.06,GHIA GESTÃO DE RECURSOS LTDA.,35070686000171,GHIA GESTÃO DE RECURSOS LTDA.,GHIA ASSET MANAGEMENT,UBERLÂNDIA,MG,PRIVADO,2020-12-08,www.ghiaasset.com.br,GHIA ASSET MANAGEMENT,F4 · 100 mi a 1 bi,0.004510915731577899
15089883000125,4,593915350.25,ALAOF DO BRASIL ADMINISTRADORA DE VALORES MOBILIARIOS E CONSULTORIA LTDA,15089883000125,ALAOF DO BRASIL ADMINISTRADORA DE VALORES MOBILIARIOS E CONSULTORIA LTDA,--,SÃO PAULO,SP,PRIVADO,2013-03-07,www.alaofbrasil.com.br,ALAOF DO BRASIL ADMINISTRADORA DE VALORES MOBILIARIOS E CONSULTORIA LTDA,F4 · 100 mi a 1 bi,0.004476671715170254
02525932000183,1,591434087.33,FOX INVESTIMENTOS LTDA,02525932000183,FOX INVESTIMENTOS LTDA,FOX INVESTIMENTOS LTDA,RIO DE JANEIRO,RJ,PRIVADO,1998-07-17,www.foxinvestimentos.com.br,FOX INVESTIMENTOS LTDA,F4 · 100 mi a 1 bi,0.004457969050679114
03249938000138,2,589631935.79,INTER-AÇÃO ADMINISTRAÇÃO DE RECURSOS LTDA.,03249938000138,INTER-AÇÃO ADMINISTRAÇÃO DE RECURSOS LTDA.,--,SÃO PAULO,SP,PRIVADO,2008-12-03,interacaoinvest.com.br,INTER-AÇÃO ADMINISTRAÇÃO DE RECURSOS LTDA.,F4 · 100 mi a 1 bi,0.0044443852279640195
10814751000103,15,588336344.0,VOX CAPITAL GESTÃO DE RECURSOS LTDA,10814751000103,VOX CAPITAL GESTÃO DE RECURSOS LTDA,VOX CAPITAL,SÃO PAULO,SP,PRIVADO,2015-02-23,www.voxcapital.com.br,VOX CAPITAL,F4 · 100 mi a 1 bi,0.004434619629014172
15300931000182,12,585614773.5,TREECORP PARTNERS GESTORA LTDA,15300931000182,TREECORP PARTNERS GESTORA LTDA,--,SÃO PAULO,SP,PRIVADO,2013-05-07,www.treecorpinvest.com,TREECORP PARTNERS GESTORA LTDA,F4 · 100 mi a 1 bi,0.0044141056320732555
15240769000154,7,580735720.27,SÃO JOÃO GESTORA DE RECURSOS LTDA,15240769000154,SÃO JOÃO GESTORA DE RECURSOS LTDA,--,SÃO PAULO,SP,PRIVADO,2012-09-21,www.sjasset.com.br,SÃO JOÃO GESTORA DE RECURSOS LTDA,F4 · 100 mi a 1 bi,0.00437732948277461
17839284000107,30,576692547.92,RPS CAPITAL ADMINISTRADORA DE RECURSOS LTDA,17839284000107,RPS CAPITAL ADMINISTRADORA DE RECURSOS LTDA,RPS CAPITAL ADMINISTRADORA DE RECURSOS LTDA,SÃO PAULO,SP,PRIVADO,2013-11-28,www.rpscapital.com.br,RPS CAPITAL ADMINISTRADORA DE RECURSOS LTDA,F4 · 100 mi a 1 bi,0.004346853834534192
10556398000109,18,573638007.62,MORE INVEST GESTORA DE RECURSOS LTDA.,10556398000109,MORE INVEST GESTORA DE RECURSOS LTDA.,MORE INVEST GESTORA DE RECURSOS LTDA.,SÃO PAULO,SP,PRIVADO,2010-01-28,www.moreinvest.com.br,MORE INVEST GESTORA DE RECURSOS LTDA.,F4 · 100 mi a 1 bi,0.004323830058236608
29580517000189,14,570021918.61,CAPRI INVESTIMENTOS LTDA.,29580517000189,CAPRI INVESTIMENTOS LTDA.,CAPRI FAMILY OFFICE,RIO DE JANEIRO,RJ,PRIVADO,2019-02-18,www.capribr.com,CAPRI FAMILY OFFICE,F4 · 100 mi a 1 bi,0.0042965735756692
21018289000146,13,566714842.86,FORPUS CAPITAL GESTÃO DE RECURSOS LTDA.,21018289000146,FORPUS CAPITAL GESTÃO DE RECURSOS LTDA.,---,SÃO PAULO,SP,PRIVADO,2014-10-13,www.forpuscapital.com.br,FORPUS CAPITAL GESTÃO DE RECURSOS LTDA.,F4 · 100 mi a 1 bi,0.004271646298636003
15050378000177,14,566152914.03,BRIO INVESTIMENTOS LTDA.,15050378000177,BRIO INVESTIMENTOS LTDA.,-----,SÃO PAULO,SP,PRIVADO,2016-10-24,www.brioinvestimentos.com.br,BRIO INVESTIMENTOS LTDA.,F4 · 100 mi a 1 bi,0.00426741072718943
13220493000117,1,565420961.11,BR PARTNERS BANCO DE INVESTIMENTO S.A.,13220493000117,BR PARTNERS BANCO DE INVESTIMENTO S.A.,BR PARTNERS BANCO DE INVESTIMENTO S.A.,SÃO PAULO,SP,PRIVADO,2017-03-13,www.brap.com.br,BR PARTNERS BANCO DE INVESTIMENTO S.A.,F4 · 100 mi a 1 bi,0.0042618935892127455
27899730000122,4,564835000.01,CRD CAPITAL ADMINISTRAÇÃO DE RECURSOS LTDA,27899730000122,CRD CAPITAL ADMINISTRAÇÃO DE RECURSOS LTDA,CRD CAPITAL ADMINISTRAÇÃO DE RECURSOS LTDA.,SÃO PAULO,SP,PRIVADO,2018-07-16,www.crdcapital.com.br,CRD CAPITAL ADMINISTRAÇÃO DE RECURSOS LTDA.,F4 · 100 mi a 1 bi,0.0042574768731244075
05677501000120,13,558595842.88,BBS ASSET MANAGEMENT - ADMINISTRADORA DE RECURSOS LTDA,05677501000120,BBS ASSET MANAGEMENT - ADMINISTRADORA DE RECURSOS LTDA,BBS ASSET MANAGEMENT - ADMINISTRADORA DE RECURSOS LTDA,SÃO PAULO,SP,PRIVADO,2013-07-08,https://www.bbscp.com.br/,BBS ASSET MANAGEMENT - ADMINISTRADORA DE RECURSOS LTDA,F4 · 100 mi a 1 bi,0.00421044886107081
16878742000154,6,556354923.5,TORK CAPITAL GESTÃO DE RECURSOS LTDA,16878742000154,TORK CAPITAL GESTÃO DE RECURSOS LTDA,--,RIO DE JANEIRO,RJ,PRIVADO,2012-12-11,www.torkcapital.com.br,TORK CAPITAL GESTÃO DE RECURSOS LTDA,F4 · 100 mi a 1 bi,0.004193557800080047
43802212000103,4,545104446.83,NEWAVE CAPITAL GESTÃO DE RECURSOS LTDA.,43802212000103,NEWAVE CAPITAL GESTÃO DE RECURSOS LTDA.,NEWAVE CAPITAL GESTÃO DE RECURSOS LTDA.,SÃO PAULO,SP,PRIVADO,2022-06-14,www.newavecapital.com.br,NEWAVE CAPITAL GESTÃO DE RECURSOS LTDA.,F4 · 100 mi a 1 bi,0.0041087566736744555
10924308000187,41,544126709.46,IGUANA INVESTIMENTOS LTDA.,10924308000187,IGUANA INVESTIMENTOS LTDA.,--,SÃO PAULO,SP,PRIVADO,2009-09-10,www.iggyinvestimentos.com.br,IGUANA INVESTIMENTOS LTDA.,F4 · 100 mi a 1 bi,0.004101386921019802
58519474000124,6,539562508.29,LONGVIEW CAPITAL LTDA.,58519474000124,LONGVIEW CAPITAL LTDA.,LONGVIEW,SÃO PAULO,SP,PRIVADO,2025-03-28,www.longviewcapital.com.br,LONGVIEW,F4 · 100 mi a 1 bi,0.00406698398755212
41397045000129,4,538593362.43,XMS S/A,41397045000129,XMS S/A,XMS INVESTIMENTOS,BLUMENAU,SC,PRIVADO,2021-07-13,www.xmsi.com.br,XMS INVESTIMENTOS,F4 · 100 mi a 1 bi,0.004059678993906964
36358004000193,8,536827448.24,PRISMA PRIVATE  CREDIT LTDA.,36358004000193,PRISMA PRIVATE  CREDIT LTDA.,PRISMA PRIVATE CREDIT,SÃO PAULO,SP,PRIVADO,2021-01-14,https://www.prismacapital.com/realestate/,PRISMA PRIVATE CREDIT,F4 · 100 mi a 1 bi,0.004046368312338517
09175140000175,14,536030757.08000004,GALT CAPITAL CONSULTORIA DE INVESTIMENTOS LTDA.,09175140000175,GALT CAPITAL CONSULTORIA DE INVESTIMENTOS LTDA.,--,RIO DE JANEIRO,RJ,PRIVADO,2008-06-06,www.galt.com.br,GALT CAPITAL CONSULTORIA DE INVESTIMENTOS LTDA.,F4 · 100 mi a 1 bi,0.0040403632060886175
31938859000170,2,536015552.21000004,MEL GESTORA DE RECURSOS LTDA.,31938859000170,MEL GESTORA DE RECURSOS LTDA.,MEL ASSET MANAGEMENT,SÃO PAULO,SP,PRIVADO,2019-09-20,www.melgestora.com.br,MEL ASSET MANAGEMENT,F4 · 100 mi a 1 bi,0.00404024859849103
09238656000111,7,533822282.39,SGC ASSET LTDA.,09238656000111,SGC ASSET LTDA.,SGC ASSET LTDA.,SÃO PAULO,SP,PRIVADO,2008-04-28,stratusbr.com,SGC ASSET LTDA.,F4 · 100 mi a 1 bi,0.00402371669884776
49857981000187,22,530650189.51,MONTE BRAVO GESTÃO PATRIMONIAL LTDA.,49857981000187,MONTE BRAVO GESTÃO PATRIMONIAL LTDA.,MONTE BRAVO FAMILY OFFICE,SÃO PAULO,SP,PRIVADO,2023-09-15,www.mbfamilyoffice.com.br,MONTE BRAVO FAMILY OFFICE,F4 · 100 mi a 1 bi,0.003999806863097916
32405547000163,3,527358008.4,UNBOX CAPITAL GESTÃO DE RECURSOS FINANCEIROS LTDA.,32405547000163,UNBOX CAPITAL GESTÃO DE RECURSOS FINANCEIROS LTDA.,UNBOX CAPITAL,SÃO PAULO,SP,PRIVADO,2023-06-13,www.unboxcapital.com,UNBOX CAPITAL,F4 · 100 mi a 1 bi,0.003974991855285521
50698882000189,3,518493836.06,ACUTO CAPITAL LTDA.,50698882000189,ACUTO CAPITAL LTDA.,ACUTO CAPITAL,SÃO PAULO,SP,PRIVADO,2023-11-30,https://acutocapital.com,ACUTO CAPITAL,F4 · 100 mi a 1 bi,0.003908177637440892
42237691000191,4,516162733.6,HSI GESTORA DE CRÉDITO PRIVADO LTDA.,42237691000191,HSI GESTORA DE CRÉDITO PRIVADO LTDA.,-----,SÃO PAULO,SP,PRIVADO,2022-03-11,www.hsinvest.com,HSI GESTORA DE CRÉDITO PRIVADO LTDA.,F4 · 100 mi a 1 bi,0.003890606816206093
36640941000137,7,515015714.5,JGP REAL ESTATE GESTÃO DE RECURSOS LTDA.,36640941000137,JGP REAL ESTATE GESTÃO DE RECURSOS LTDA.,-----,RIO DE JANEIRO,RJ,PRIVADO,2020-09-10,www.jgp.com.br,JGP REAL ESTATE GESTÃO DE RECURSOS LTDA.,F4 · 100 mi a 1 bi,0.003881961092603279
37332689000161,28,512244394.53000003,CHIMERA CAPITAL ASSET MANAGEMENT LTDA.,37332689000161,CHIMERA CAPITAL ASSET MANAGEMENT LTDA.,CHIMERA CAPITAL ASSET MANAGEMENT LTDA.,SÃO PAULO,SP,PRIVADO,2023-03-23,www.chimeracapital.com.br,CHIMERA CAPITAL ASSET MANAGEMENT LTDA.,F4 · 100 mi a 1 bi,0.0038610721061203344
34530561000114,3,510024476.0,CARAVELA CONSULTORIA E GESTÃO DE INVESTIMENTOS LTDA.,34530561000114,CARAVELA CONSULTORIA E GESTÃO DE INVESTIMENTOS LTDA.,-----,CARAMBEÍ,PR,PRIVADO,2020-12-14,www.caravela.capital,CARAVELA CONSULTORIA E GESTÃO DE INVESTIMENTOS LTDA.,F4 · 100 mi a 1 bi,0.003844339340265655
09401450000160,3,509229451.63,JPP GESTAO DE RECURSOS LTDA,09401450000160,JPP GESTAO DE RECURSOS LTDA,JPP GESTÃO DE RECURSOS LTDA,SÃO PAULO,SP,PRIVADO,2008-06-06,www.jppsa.com.br,JPP GESTÃO DE RECURSOS LTDA,F4 · 100 mi a 1 bi,0.0038383467975429387
28376231000113,13,508221264.69,LAD CAPITAL GESTORA DE RECURSOS LTDA,28376231000113,LAD CAPITAL GESTORA DE RECURSOS LTDA,LAD CAPITAL GESTORA DE RECURSOS LTDA,SÃO PAULO,SP,PRIVADO,2017-12-01,www.ladcapital.com.br,LAD CAPITAL GESTORA DE RECURSOS LTDA,F4 · 100 mi a 1 bi,0.003830747529472157
57809296000103,9,506587144.89,RIZA DIRECT LENDING GESTORA DE RECURSOS LTDA.,57809296000103,RIZA DIRECT LENDING GESTORA DE RECURSOS LTDA.,RIZA DIRECT LENDING,SÃO PAULO,SP,PRIVADO,2025-05-16,www.rizaasset.com,RIZA DIRECT LENDING,F4 · 100 mi a 1 bi,0.0038184302558324362
07205215000198,1,505552158.96,VISÃO PREV SOCIEDADE DE PREVIDENCIA COMPLEMENTAR,,,,,,,,,VISÃO PREV SOCIEDADE DE PREVIDENCIA COMPLEMENTAR,F4 · 100 mi a 1 bi,0.003810628988805949
21551986000168,15,504625264.74,PARAGUAÇU INVESTIMENTOS LTDA,21551986000168,PARAGUAÇU INVESTIMENTOS LTDA,PARAGUAÇU INVESTIMENTOS,SALVADOR,BA,PRIVADO,2016-11-14,www.paraguacuinvest.com.br,PARAGUAÇU INVESTIMENTOS,F4 · 100 mi a 1 bi,0.003803642469370339
43960839000184,7,504271819.54,MANATÍ CAPITAL MANAGEMENT LTDA.,43960839000184,MANATÍ CAPITAL MANAGEMENT LTDA.,MANATÍ,SÃO PAULO,SP,PRIVADO,2022-01-31,www.manaticm.com,MANATÍ,F4 · 100 mi a 1 bi,0.003800978355487718
41583492000172,10,504225128.95,MISSION CO. LTDA.,41583492000172,MISSION CO. LTDA.,MISSION CO. LTDA.,SÃO PAULO,SP,PRIVADO,2021-11-09,www.mco.com.br,MISSION CO. LTDA.,F4 · 100 mi a 1 bi,0.00380062642243273
45730573000109,1,499891970.28,LAKE CAPITAL INVESTIMENTOS LTDA.,45730573000109,LAKE CAPITAL INVESTIMENTOS LTDA.,LAKE CAPITAL,SÃO PAULO,SP,PRIVADO,2022-08-19,http://www.lakecapinvest.com/,LAKE CAPITAL,F4 · 100 mi a 1 bi,0.0037679649853320247
07221832000187,8,495869077.73,ARGUCIA CAPITAL GESTÃO DE RECURSOS LTDA,07221832000187,ARGUCIA CAPITAL GESTÃO DE RECURSOS LTDA,ARGUCIA CAPITAL MANAGEMENT,RIO DE JANEIRO,RJ,PRIVADO,2005-04-12,www.argucia.com.br,ARGUCIA CAPITAL MANAGEMENT,F4 · 100 mi a 1 bi,0.0037376421972711107
24176946000171,23,493648264.25,WARREN BRASIL GESTAO E ADMINISTRACAO DE RECURSOS & CORRETORA DE SEGUROS LTDA.,24176946000171,WARREN BRASIL GESTAO E ADMINISTRACAO DE RECURSOS & CORRETORA DE SEGUROS LTDA.,OI WARREN,PORTO ALEGRE,RS,PRIVADO,2016-09-23,https://warren.com.br/,OI WARREN,F4 · 100 mi a 1 bi,0.0037209026856784237
42517868000103,8,487701058.78999996,CLOUD9 CAPITAL LTDA.,42517868000103,CLOUD9 CAPITAL LTDA.,CLOUD9 CAPITAL,SÃO PAULO,SP,PRIVADO,2022-11-29,www.cloud9capital.com.br,CLOUD9 CAPITAL,F4 · 100 mi a 1 bi,0.003676075276425773
43777696000170,12,485883335.82,TENAX CAPITAL LTDA.,43777696000170,TENAX CAPITAL LTDA.,TENAX CAPITAL,SÃO PAULO,SP,PRIVADO,2022-01-11,https://www.tenax.capital/,TENAX CAPITAL,F4 · 100 mi a 1 bi,0.003662374083145638
14084509000174,3,484250956.92,REAG SPECIALTY FINANCE LTDA.,14084509000174,REAG SPECIALTY FINANCE LTDA.,REAG SPECIALTY FINANCE,SÃO PAULO,SP,PRIVADO,2011-10-26,www.reagasset.com.br,REAG SPECIALTY FINANCE,F4 · 100 mi a 1 bi,0.003650069931641565
04714159000129,10,481273623.78,IMPACTO INVESTIMENTOS LTDA,04714159000129,IMPACTO INVESTIMENTOS LTDA,IMPACTO INVESTIMENTOS LTDA,BELO HORIZONTE,MG,PRIVADO,2003-11-19,www.impactoinvestimentos.com.br,IMPACTO INVESTIMENTOS LTDA,F4 · 100 mi a 1 bi,0.0036276281088315184
19331654000126,10,474293649.1,GEO CAPITAL GESTORA DE RECURSOS LTDA,19331654000126,GEO CAPITAL GESTORA DE RECURSOS LTDA,GEO CAPITAL,SÃO PAULO,SP,PRIVADO,2014-06-25,www.geocapital.com.br,GEO CAPITAL,F4 · 100 mi a 1 bi,0.003575016141133752
40259248000196,5,470894438.55,HANNAH VENTURES GESTÃO DE RECURSOS LTDA.,40259248000196,HANNAH VENTURES GESTÃO DE RECURSOS LTDA.,HANNAH VENTURES GESTÃO DE RECURSOS LTDA.,RIO DE JANEIRO,RJ,PRIVADO,2022-05-09,www.hannahventures.com.br,HANNAH VENTURES GESTÃO DE RECURSOS LTDA.,F4 · 100 mi a 1 bi,0.0035493943926527814
51103245000185,5,468714667.13,PRX CAPITAL LTDA.,51103245000185,PRX CAPITAL LTDA.,PRX CAPITAL LTDA.,SÃO PAULO,SP,PRIVADO,2023-12-15,www.prxcapital.com.br,PRX CAPITAL LTDA.,F4 · 100 mi a 1 bi,0.0035329642379895907
33534220000154,5,467555516.19,AURUM GESTÃO DE PATRIMÔNIO LTDA.,33534220000154,AURUM GESTÃO DE PATRIMÔNIO LTDA.,AURUM GESTÃO DE PATRIMÔNIO LTDA.,SÃO PAULO,SP,PRIVADO,2020-01-07,www.aurumwm.com.br,AURUM GESTÃO DE PATRIMÔNIO LTDA.,F4 · 100 mi a 1 bi,0.0035242270699326838
09060383000168,3,467459084.69,GTI ADMINISTRAÇÃO DE RECURSOS LTDA,09060383000168,GTI ADMINISTRAÇÃO DE RECURSOS LTDA,GTI,SÃO PAULO,SP,PRIVADO,2007-11-22,www.gtinvest.com.br,GTI,F4 · 100 mi a 1 bi,0.0035235002118571687
15377863000150,15,467059280.52,CANVAS CAPITAL S.A.,15377863000150,CANVAS CAPITAL S.A.,--,SÃO PAULO,SP,PRIVADO,2012-09-06,www.canvascapital.com.br,CANVAS CAPITAL S.A.,F4 · 100 mi a 1 bi,0.00352048666452472
18966436000103,1,465986515.98,CARTESIA INVESTIMENTOS E GESTÃO DE RECURSOS LTDA,18966436000103,CARTESIA INVESTIMENTOS E GESTÃO DE RECURSOS LTDA,CARTESIA INVESTIMENTOS E GESTÃO DE RECURSOS LTDA,SÃO PAULO,SP,PRIVADO,2014-02-20,www.cartesia.com.br,CARTESIA INVESTIMENTOS E GESTÃO DE RECURSOS LTDA,F4 · 100 mi a 1 bi,0.003512400639014125
39766560000197,1,464658665.18,GAZIT BRASIL ASSET MANAGEMENT LTDA.,39766560000197,GAZIT BRASIL ASSET MANAGEMENT LTDA.,GAZIT BRASIL ASSET MANAGEMENT LTDA.,SÃO PAULO,SP,PRIVADO,2024-12-13,www.gazitasset.com.br,GAZIT BRASIL ASSET MANAGEMENT LTDA.,F4 · 100 mi a 1 bi,0.003502391885888239
04369038000197,10,461067360.67999995,TAGUS INVESTIMENTOS LTDA,04369038000197,TAGUS INVESTIMENTOS LTDA,TAGUS INVESTIMENTOS,RIO DE JANEIRO,RJ,PRIVADO,2010-08-23,www.tagusinvestimentos.com.br,TAGUS INVESTIMENTOS,F4 · 100 mi a 1 bi,0.0034753222180156267
04581293000107,3,459036924.29,BRESSER ADMINISTRAÇÃO DE RECURSOS LTDA,04581293000107,BRESSER ADMINISTRAÇÃO DE RECURSOS LTDA,BRESSER ASSET MANAGEMENT,SÃO PAULO,SP,PRIVADO,2001-10-18,www.bresserasset.com,BRESSER ASSET MANAGEMENT,F4 · 100 mi a 1 bi,0.0034600176848818406
20505773000137,4,456165294.25,STONEX INVESTIMENTOS LTDA.,20505773000137,STONEX INVESTIMENTOS LTDA.,STONEX INVESTIMENTOS,SÃO PAULO,SP,PRIVADO,2015-01-27,https://asset.stonex.com/#,STONEX INVESTIMENTOS,F4 · 100 mi a 1 bi,0.0034383726053749887
46791648000124,11,456111516.94,CENTRAL CAPITAL GESTAO DE RECURSOS S.A.,46791648000124,CENTRAL CAPITAL GESTAO DE RECURSOS S.A.,CENTRAL CAPITAL GESTÃO DE RECURSOS S.A.,SÃO PAULO,SP,PRIVADO,2022-09-16,www.centralcapital.com.br,CENTRAL CAPITAL GESTÃO DE RECURSOS S.A.,F4 · 100 mi a 1 bi,0.0034379672557532056
11074363000198,1,455131598.75,ABRDN BRASIL INVESTIMENTOS LTDA.,11074363000198,ABRDN BRASIL INVESTIMENTOS LTDA.,ABRDN BRASIL INVESTIMENTOS LTDA.,SÃO PAULO,SP,PRIVADO,2011-06-22,www.abrdn.com/pt-br/brazil,ABRDN BRASIL INVESTIMENTOS LTDA.,F4 · 100 mi a 1 bi,0.0034305810650401567
19395898000172,2,453276364.94,XP SPORTS ASSET MANAGEMENT LTDA,19395898000172,XP SPORTS ASSET MANAGEMENT LTDA,MODAL GESTÃO DE RECURSOS LTDA.,SÃO PAULO,SP,PRIVADO,2022-08-30,www.xpi.com.br,MODAL GESTÃO DE RECURSOS LTDA.,F4 · 100 mi a 1 bi,0.003416597131607962
16929933000106,9,452548933.23,ARAMUS GESTORA DE ATIVOS LTDA,16929933000106,ARAMUS GESTORA DE ATIVOS LTDA,ARAMUS INVESTIMENTOS,SÃO PAULO,SP,PRIVADO,2013-01-02,www.aramus.com.br,ARAMUS INVESTIMENTOS,F4 · 100 mi a 1 bi,0.003411114072516285
35255886000107,4,452289836.45,BPS CAPITAL GESTORA DE RECURSOS LTDA.,35255886000107,BPS CAPITAL GESTORA DE RECURSOS LTDA.,BPS GESTORA,SÃO PAULO,SP,PRIVADO,2020-04-23,www.bpscapital.com.br,BPS GESTORA,F4 · 100 mi a 1 bi,0.0034091611153717533
37654166000131,11,450538144.02,GHT4 ASSET MANAGEMENT LTDA.,37654166000131,GHT4 ASSET MANAGEMENT LTDA.,GHT4 ASSET,SÃO PAULO,SP,PRIVADO,2021-04-23,https://ght4.com/,GHT4 ASSET,F4 · 100 mi a 1 bi,0.003395957631151724
20445967000194,10,446677427.81,LEGATUS CAPITAL GESTORA DE RECURSOS LTDA,20445967000194,LEGATUS CAPITAL GESTORA DE RECURSOS LTDA,LEGATUS CAPITAL,SÃO PAULO,SP,PRIVADO,2014-10-24,www.legatusasset.com.br,LEGATUS CAPITAL,F4 · 100 mi a 1 bi,0.0033668572567459587
26602733000190,11,446320104.96000004,F3 ROCK GESTÃO DE RECURSOS LTDA,26602733000190,F3 ROCK GESTÃO DE RECURSOS LTDA,F3 ROCK,SÃO PAULO,SP,PRIVADO,2017-05-23,www.f3rock.com.br,F3 ROCK,F4 · 100 mi a 1 bi,0.003364163914849499
06015560000104,2,445370564.39,UNITY CAPITAL GESTORA DE INVESTIMENTOS LTDA,06015560000104,UNITY CAPITAL GESTORA DE INVESTIMENTOS LTDA,UNITY CAPITAL,SÃO PAULO,SP,PRIVADO,2003-12-17,www.unitycapital.com.br,UNITY CAPITAL,F4 · 100 mi a 1 bi,0.0033570066972252424
53554944000177,4,443510352.91999996,EB CAPITAL CRÉDITO PRIVADO LTDA.,53554944000177,EB CAPITAL CRÉDITO PRIVADO LTDA.,EB CAPITAL CRÉDITO PRIVADO LTDA.,SÃO PAULO,SP,PRIVADO,2024-06-17,www.ebcapital.com.br,EB CAPITAL CRÉDITO PRIVADO LTDA.,F4 · 100 mi a 1 bi,0.003342985244389448
34008311000119,8,439860052.25,ONZE GESTORA DE INVESTIMENTOS LTDA.,34008311000119,ONZE GESTORA DE INVESTIMENTOS LTDA.,ONZE INVESTIMENTOS,SÃO PAULO,SP,PRIVADO,2019-12-20,www.onze.com.br,ONZE INVESTIMENTOS,F4 · 100 mi a 1 bi,0.003315470889432337
37747986000178,4,439152924.36,MERCURIO GESTORA DE RECURSOS LTDA.,37747986000178,MERCURIO GESTORA DE RECURSOS LTDA.,MERCURIO GESTORA DE RECURSOS LTDA.,RIO DE JANEIRO,RJ,PRIVADO,2021-08-05,www.mercuriopartners.com.br/asset,MERCURIO GESTORA DE RECURSOS LTDA.,F4 · 100 mi a 1 bi,0.003310140871572319
38411697000166,31,433453176.79,STRIVO GESTORA DE RECURSOS Ltda,38411697000166,STRIVO GESTORA DE RECURSOS Ltda,STRIVO GESTORA DE RECURSOS Ltda,PORTO ALEGRE,RS,PRIVADO,2021-02-23,www.strivo.com.br,STRIVO GESTORA DE RECURSOS Ltda,F4 · 100 mi a 1 bi,0.003267178690649585
43757787000143,9,430178356.27000004,ARANDU GESTÃO DE FUNDOS IMOBILIÁRIOS LTDA.,43757787000143,ARANDU GESTÃO DE FUNDOS IMOBILIÁRIOS LTDA.,ARANDU GESTÃO DE FUNDOS IMOBILIÁRIOS LTDA.,SÃO PAULO,SP,PRIVADO,2022-12-05,www.aranduinvestimentos.com.br,ARANDU GESTÃO DE FUNDOS IMOBILIÁRIOS LTDA.,F4 · 100 mi a 1 bi,0.003242494539300455
43946902000128,2,430040925.86,AF INVEST REAL ESTATE ADMINISTRAÇÃO DE RECURSOS LTDA,43946902000128,AF INVEST REAL ESTATE ADMINISTRAÇÃO DE RECURSOS LTDA,AF REAL ESTATE,SÃO PAULO,SP,PRIVADO,2022-12-27,www.afrealestate.com.br,AF REAL ESTATE,F4 · 100 mi a 1 bi,0.0032414586495410932
10442603000105,7,427871578.02,WISE ASSET MANAGEMENT LTDA,10442603000105,WISE ASSET MANAGEMENT LTDA,--,CAMPINAS,SP,PRIVADO,2009-12-07,www.wiseasset.com.br,WISE ASSET MANAGEMENT LTDA,F4 · 100 mi a 1 bi,0.003225107063222259
49494976000157,1,427814155.75,HUMA CAPITAL LTDA.,49494976000157,HUMA CAPITAL LTDA.,HUMA CAPITAL,SÃO PAULO,SP,PRIVADO,2023-09-06,www.humacapital.com.br,HUMA CAPITAL,F4 · 100 mi a 1 bi,0.0032246742395011315
41862387000172,2,427442282.55,NEWPORT REAL ESTATE GESTORA DE RECURSOS LTDA,41862387000172,NEWPORT REAL ESTATE GESTORA DE RECURSOS LTDA,NEWPORT REAL ESTATE GESTORA DE RECURSOS LTDA,SÃO PAULO,SP,PRIVADO,2021-08-19,www.newport-realestate.com,NEWPORT REAL ESTATE GESTORA DE RECURSOS LTDA,F4 · 100 mi a 1 bi,0.0032218712234898953
11233865000114,8,426042508.76,KPTL INVESTIMENTOS LTDA.,11233865000114,KPTL INVESTIMENTOS LTDA.,--,SÃO PAULO,SP,PRIVADO,2009-11-19,www.kptl.com.br,KPTL INVESTIMENTOS LTDA.,F4 · 100 mi a 1 bi,0.0032113203466171353
09483581000134,2,423197492.99,23S CAPITAL LTDA.,09483581000134,23S CAPITAL LTDA.,-----,SÃO PAULO,SP,PRIVADO,2023-06-29,www.23scapital.com,23S CAPITAL LTDA.,F4 · 100 mi a 1 bi,0.003189875873728177
21850329000111,11,421044577.81,SAFARI CAPITAL GESTÃO DE RECURSOS LTDA.,21850329000111,SAFARI CAPITAL GESTÃO DE RECURSOS LTDA.,SAFARI CAPITAL,SÃO PAULO,SP,PRIVADO,2015-04-02,www.safaricapital.com.br,SAFARI CAPITAL,F4 · 100 mi a 1 bi,0.0031736481495459185
05784884000136,8,415497519.5,INVESTPORT GESTÃO E CONSULTORIA DE INVESTIMENTOS LTDA,05784884000136,INVESTPORT GESTÃO E CONSULTORIA DE INVESTIMENTOS LTDA,INVESTPORT GESTÃO E CONSULTORIA DE INVESTIMENTOS LTDA,SÃO PAULO,SP,PRIVADO,2004-07-15,www.investport.com.br,INVESTPORT GESTÃO E CONSULTORIA DE INVESTIMENTOS LTDA,F4 · 100 mi a 1 bi,0.0031318368728575413
13056344000164,2,408559495.38,ALBION CAPITAL LTDA,13056344000164,ALBION CAPITAL LTDA,ALBION CAPITAL,RIO DE JANEIRO,RJ,PRIVADO,2011-09-22,www.albioncapital.com.br,ALBION CAPITAL,F4 · 100 mi a 1 bi,0.0030795411099611976
27652684000162,5,408114902.56,GENIAL INVESTIMENTOS CORRETORA DE VALORES MOBILIÁRIOS S.A.,27652684000162,GENIAL INVESTIMENTOS CORRETORA DE VALORES MOBILIÁRIOS S.A.,GENIAL INVESTIMENTOS,RIO DE JANEIRO,RJ,PRIVADO,2002-05-17,www.genial.com.vc,GENIAL INVESTIMENTOS,F4 · 100 mi a 1 bi,0.003076189965557834
07189550000140,2,404583515.65999997,INVEST TECH PARTICIPAÇÕES E INVESTIMENTOS S.A.,07189550000140,INVEST TECH PARTICIPAÇÕES E INVESTIMENTOS S.A.,INVEST TECH PARTICIPAÇÕES E INVESTIMENTOS S.A.,SÃO PAULO,SP,PRIVADO,2006-04-18,https://www.investtech.com.br/,INVEST TECH PARTICIPAÇÕES E INVESTIMENTOS S.A.,F4 · 100 mi a 1 bi,0.0030495719301022795
39422314000118,11,404522889.53000003,MÖBIUS CAPITAL GESTÃO DE RECURSOS LTDA.,39422314000118,MÖBIUS CAPITAL GESTÃO DE RECURSOS LTDA.,-----,SÃO PAULO,SP,PRIVADO,2021-05-19,www.mobius.com.br,MÖBIUS CAPITAL GESTÃO DE RECURSOS LTDA.,F4 · 100 mi a 1 bi,0.0030491149570988758
14209785000111,13,403794812.57,BRZ GESTÃO DE RECURSOS LTDA.,14209785000111,BRZ GESTÃO DE RECURSOS LTDA.,-----,SÃO PAULO,SP,PRIVADO,2017-03-30,www.brzinvestimentos.com.br,BRZ GESTÃO DE RECURSOS LTDA.,F4 · 100 mi a 1 bi,0.003043627034397556
07850018000121,5,401949186.38,FUNDAMENTA ADMINISTRAÇÃO DE CARTEIRAS DE VALORES MOBILIARIOS LTDA,07850018000121,FUNDAMENTA ADMINISTRAÇÃO DE CARTEIRAS DE VALORES MOBILIARIOS LTDA,FUNDAMENTA INVESTIMENTOS,PORTO ALEGRE,RS,PRIVADO,2007-05-10,http://www.fundamenta.com.br/,FUNDAMENTA INVESTIMENTOS,F4 · 100 mi a 1 bi,0.0030297155189634582
62331228000111,4,399893031.69,DEUTSCHE BANK SA,,,,,,,,,DEUTSCHE BANK SA,F4 · 100 mi a 1 bi,0.003014217132638096
36658682000171,10,395701373.09999996,ATLAS ONE INVESTIMENTOS GESTÃO DE RECURSOS LTDA.,36658682000171,ATLAS ONE INVESTIMENTOS GESTÃO DE RECURSOS LTDA.,ATLAS ONE INVESTIMENTOS GESTÃO DE RECURSOS LTDA.,SÃO PAULO,SP,PRIVADO,2021-01-04,www.atlasone.com.br,ATLAS ONE INVESTIMENTOS GESTÃO DE RECURSOS LTDA.,F4 · 100 mi a 1 bi,0.0029826222606725793
23447556000126,9,392388283.38,GFS ATIVOS FINANCEIROS E INVESTIMENTOS LTDA.,23447556000126,GFS ATIVOS FINANCEIROS E INVESTIMENTOS LTDA.,GFS INVESTIMENTOS,,,PRIVADO,2018-07-16,www.gfsinvestimentos.com.br,GFS INVESTIMENTOS,F4 · 100 mi a 1 bi,0.002957649652988501
13557425000148,20,391668293.28,APUAMA CAPITAL GESTORA DE RECURSOS LTDA,13557425000148,APUAMA CAPITAL GESTORA DE RECURSOS LTDA,APUAMA CAPITAL,SÃO PAULO,SP,PRIVADO,2011-11-01,www.apuamacapital.com.br,APUAMA CAPITAL,F4 · 100 mi a 1 bi,0.0029522226854677663
39976272000167,20,391069897.2,BERTHA CAPITAL GESTORA DE RECURSOS S.A.,39976272000167,BERTHA CAPITAL GESTORA DE RECURSOS S.A.,BERTHA CAPITAL,SÃO PAULO,SP,PRIVADO,2021-09-13,https://berthacapital.com/,BERTHA CAPITAL,F4 · 100 mi a 1 bi,0.002947712239989842
12046915000117,4,390981410.37,REAL CAPITAL PARTNERS LTDA,12046915000117,REAL CAPITAL PARTNERS LTDA,--,SÃO PAULO,SP,PRIVADO,2010-10-22,www.realcapital.com.br,REAL CAPITAL PARTNERS LTDA,F4 · 100 mi a 1 bi,0.0029470452653294643
41132644000110,18,390719616.2,HUMU ASSET GESTORA DE RECURSOS LTDA,41132644000110,HUMU ASSET GESTORA DE RECURSOS LTDA,HUMU ASSET,SÃO PAULO,SP,PRIVADO,2022-07-27,www.d3capital.com.br,HUMU ASSET,F4 · 100 mi a 1 bi,0.002945071976449926
10140735000174,5,388566326.11,FIDUC GESTÃO FIDUCIÁRIA S.A.,10140735000174,FIDUC GESTÃO FIDUCIÁRIA S.A.,FIDUC,SÃO PAULO,SP,PRIVADO,2009-09-21,fiduc.com.br,FIDUC,F4 · 100 mi a 1 bi,0.002928841426361598
10594490000155,2,387313579.1,CASAFORTE INVESTIMENTOS S.A.,10594490000155,CASAFORTE INVESTIMENTOS S.A.,--,RECIFE,PE,PRIVADO,2009-09-04,www.casaforteinvestimentos.com.br,CASAFORTE INVESTIMENTOS S.A.,F4 · 100 mi a 1 bi,0.002919398772448763
26093429000164,11,386063969.62,TRACK CAPITAL GESTÃO DE RECURSOS LTDA,26093429000164,TRACK CAPITAL GESTÃO DE RECURSOS LTDA,TRACK CAPITAL GESTÃO DE RECURSOS LTDA,SÃO PAULO,SP,PRIVADO,2022-03-31,www.trackcapital.com.br,TRACK CAPITAL GESTÃO DE RECURSOS LTDA,F4 · 100 mi a 1 bi,0.0029099797678519466
37464061000110,11,385046489.57,EVEREST CAPITAL GESTORA DE RECURSOS LTDA.,37464061000110,EVEREST CAPITAL GESTORA DE RECURSOS LTDA.,EVEREST ASSET,SÃO PAULO,SP,PRIVADO,2021-04-12,www.everestasset.com.br,EVEREST ASSET,F4 · 100 mi a 1 bi,0.0029023104524206014
75647891000171,1,382934008.77,BANCO CREDIT AGRICOLE BRASIL S/A,,,,,,,,,BANCO CREDIT AGRICOLE BRASIL S/A,F4 · 100 mi a 1 bi,0.002886387504744271
26636915000181,7,376267063.45,EVOLVE CAPITAL GESTÃO DE RECURSOS LTDA.,26636915000181,EVOLVE CAPITAL GESTÃO DE RECURSOS LTDA.,EVOLVE CAPITAL,SÃO PAULO,SP,PRIVADO,2017-09-05,www.evolvecapital.com.br,EVOLVE CAPITAL,F4 · 100 mi a 1 bi,0.0028361350141695323
21431855000147,9,375994478.5,ÁFIRA GESTÃO DE RECURSOS LTDA.,21431855000147,ÁFIRA GESTÃO DE RECURSOS LTDA.,ÁFIRA INVESTIMENTOS,RIO DE JANEIRO,RJ,PRIVADO,2018-05-09,https://www.afirainvestimentos.com/,ÁFIRA INVESTIMENTOS,F4 · 100 mi a 1 bi,0.002834080389154145
04636879000113,9,370544117.09000003,TROPICO INVESTIMENTOS E PARTICIPACOES LTDA,04636879000113,TROPICO INVESTIMENTOS E PARTICIPACOES LTDA,TROPICO INVESTIMENTOS E PARTICIPACOES LTDA,SÃO PAULO,SP,PRIVADO,2003-07-04,www.tropicoinvest.com,TROPICO INVESTIMENTOS E PARTICIPACOES LTDA,F4 · 100 mi a 1 bi,0.002792997971009317
34771772000149,3,367613609.15999997,FL2 PARTNERS GESTORA DE RECURSOS LTDA.,34771772000149,FL2 PARTNERS GESTORA DE RECURSOS LTDA.,FL2 PARTNERS,SÃO PAULO,SP,PRIVADO,2021-11-18,www.fl2partners.com.br,FL2 PARTNERS,F4 · 100 mi a 1 bi,0.0027709090959603883
18333417000131,8,365514567.17,MÓDULO CAPITAL GESTÃO DE RECURSOS LTDA,18333417000131,MÓDULO CAPITAL GESTÃO DE RECURSOS LTDA,MÓDULO CAPITAL,RIO DE JANEIRO,RJ,PRIVADO,2013-08-16,www.modulocapital.com.br,MÓDULO CAPITAL,F4 · 100 mi a 1 bi,0.0027550874441010244
15403817000188,5,361472798.12,GRAPHEN INVESTIMENTOS,15403817000188,GRAPHEN INVESTIMENTOS LTDA.,GRAPHEN INVESTIMENTOS,SÃO PAULO,SP,PRIVADO,2012-05-25,www.grapheninvestimentos.com.br,GRAPHEN INVESTIMENTOS,F4 · 100 mi a 1 bi,0.0027246223733164935
38304730000159,2,361366213.78000003,GAMA CAPITAL GESTÃO DE RECURSOS LTDA.,38304730000159,GAMA CAPITAL GESTÃO DE RECURSOS LTDA.,-----,SÃO PAULO,SP,PRIVADO,2021-01-27,https://gama.capital/,GAMA CAPITAL GESTÃO DE RECURSOS LTDA.,F4 · 100 mi a 1 bi,0.0027238189876152195
43043121000123,14,360730210.96,ONE WEALTH MANAGEMENT GESTORA DE RECURSOS LTDA,43043121000123,ONE WEALTH MANAGEMENT GESTORA DE RECURSOS LTDA,ONE WM,NOVA LIMA,MG,PRIVADO,2022-04-28,www.onewm.com.br,ONE WM,F4 · 100 mi a 1 bi,0.0027190250791333725
44361607000172,10,357904551.34,RBR INFRA GESTORA DE RECURSOS LTDA.,44361607000172,RBR INFRA GESTORA DE RECURSOS LTDA.,RBR INFRA ASSET,SÃO PAULO,SP,PRIVADO,2022-05-03,www.rbrasset.com.br,RBR INFRA ASSET,F4 · 100 mi a 1 bi,0.002697726504357981
34989998000110,7,353481556.43,ERFOLG GESTORA DE RECURSOS S/A,34989998000110,ERFOLG GESTORA DE RECURSOS S/A,ERFOLG,SÃO PAULO,SP,PRIVADO,2020-10-01,www.erfolgsa.com.br,ERFOLG,F4 · 100 mi a 1 bi,0.0026643879213400397
39314405000130,9,353316702.25,GRIF CAPITAL GESTORA DE RECURSOS LTDA.,39314405000130,GRIF CAPITAL GESTORA DE RECURSOS LTDA.,-----,SÃO PAULO,SP,PRIVADO,2021-11-23,www.grifcapital.com.br,GRIF CAPITAL GESTORA DE RECURSOS LTDA.,F4 · 100 mi a 1 bi,0.0026631453233091538
22598618000138,15,348976896.24,MONT CAPITAL GESTÃO E ADMINISTRAÇÃO DE RECURSOS S.A.,22598618000138,MONT CAPITAL GESTÃO E ADMINISTRAÇÃO DE RECURSOS S.A.,MONT CAPITAL,SÃO PAULO,SP,PRIVADO,2015-09-03,www.montcapital.com.br,MONT CAPITAL,F4 · 100 mi a 1 bi,0.002630433781494121
15555601000138,23,348868803.40999997,B.SIDE WEALTH MANAGEMENT CONSULTORIA E GESTÃO DE RECURSOS LTDA,15555601000138,B.SIDE WEALTH MANAGEMENT CONSULTORIA E GESTÃO DE RECURSOS LTDA,B.SIDE WEALTH MANAGEMENT CONSULTORIA E GESTÃO DE RECURSOS LTDA,SÃO PAULO,SP,PRIVADO,2012-08-24,https://bsideinvestimentos.com.br/,B.SIDE WEALTH MANAGEMENT CONSULTORIA E GESTÃO DE RECURSOS LTDA,F4 · 100 mi a 1 bi,0.0026296190254611776
54173528000191,9,346922775.8,HCO GROUP S.A,54173528000191,HCO GROUP S.A,-----,SÃO PAULO,SP,PRIVADO,2024-12-12,www.hcogroup.com.br,HCO GROUP S.A,F4 · 100 mi a 1 bi,0.0026149507284472006
24979104000158,4,345658638.63,BASÍLICA PARTNERS LATIN AMERICA PRIVATE EQUITY LTDA.,24979104000158,BASÍLICA PARTNERS LATIN AMERICA PRIVATE EQUITY LTDA.,BASÍLICA PARTNERS,SÃO PAULO,SP,PRIVADO,2021-11-16,www.basilicapartners.com,BASÍLICA PARTNERS,F4 · 100 mi a 1 bi,0.002605422220536684
46350241000161,6,340162567.15000004,JUGIS CAPITAL GESTÃO DE RECURSOS LTDA.,46350241000161,JUGIS CAPITAL GESTÃO DE RECURSOS LTDA.,-----,SÃO PAULO,SP,PRIVADO,2022-10-07,www.jugis.com.br,JUGIS CAPITAL GESTÃO DE RECURSOS LTDA.,F4 · 100 mi a 1 bi,0.0025639952600637595
41191496000105,15,338246511.40999997,TUERI GESTORA DE RECURSOS LTDA.,41191496000105,TUERI GESTORA DE RECURSOS LTDA.,TUERI INVEST,SÃO PAULO,SP,PRIVADO,2021-09-08,www.tueriinvest.com,TUERI INVEST,F4 · 100 mi a 1 bi,0.0025495528777742
49182781000171,6,336663728.85,SCORE CAPITAL GESTÃO DE RECURSOS LTDA,49182781000171,SCORE CAPITAL GESTÃO DE RECURSOS LTDA,SCORE CAPITAL,SÃO PAULO,SP,PRIVADO,2023-07-12,scorecapital.com.br,SCORE CAPITAL,F4 · 100 mi a 1 bi,0.002537622561585818
36174602000102,4,332904577.76,BAYES CAPITAL MANAGEMENT INVESTIMENTOS LTDA.,36174602000102,BAYES CAPITAL MANAGEMENT INVESTIMENTOS LTDA.,-----,SÃO PAULO,SP,PRIVADO,2020-11-25,www.bayescm.com,BAYES CAPITAL MANAGEMENT INVESTIMENTOS LTDA.,F4 · 100 mi a 1 bi,0.0025092877402167948
17967948000113,7,332674002.57,ULBREX ASSET MANAGEMENT LTDA,17967948000113,ULBREX ASSET MANAGEMENT LTDA,ULBREX ASSET MANAGEMENT,SÃO PAULO,SP,PRIVADO,2013-09-24,www.ulbrex.com,ULBREX ASSET MANAGEMENT,F4 · 100 mi a 1 bi,0.002507549766226295
62264924000152,3,331619207.91,QORE DISTRIBUIDORA DE TÍTULOS E VALORES MOBILIÁRIOS LTDA.,62264924000152,QORE DISTRIBUIDORA DE TÍTULOS E VALORES MOBILIÁRIOS LTDA.,QORE,SÃO PAULO,SP,PRIVADO,2024-12-20,www.qore.com.br,QORE,F4 · 100 mi a 1 bi,0.0024995991897380013
08157495000179,6,331471684.09000003,VALETEC CAPITAL INVESTIMENTOS LTDA,08157495000179,VALETEC CAPITAL INVESTIMENTOS LTDA,--,FLORIANÓPOLIS,SC,PRIVADO,2006-10-26,www.valetec.com.br,VALETEC CAPITAL INVESTIMENTOS LTDA,F4 · 100 mi a 1 bi,0.0024984872203099844
48089509000189,16,328450566.65,EXT CAPITAL LTDA.,48089509000189,EXT CAPITAL LTDA.,EXT CAPITAL,SÃO PAULO,SP,PRIVADO,2023-03-01,www.extcapital.com.br,EXT CAPITAL,F4 · 100 mi a 1 bi,0.0024757153707759337
11240125000105,10,327811230.62,DEZESSEIS DEZOITO GESTÃO DE RECURSOS LTDA,11240125000105,DEZESSEIS DEZOITO GESTÃO DE RECURSOS LTDA,1618 INVESTIMENTOS,RIO DE JANEIRO,RJ,PRIVADO,2010-01-08,www.1618investimentos.com,1618 INVESTIMENTOS,F4 · 100 mi a 1 bi,0.002470896338028615
30486755000109,6,327666264.33,LOGOS GESTÃO DE RECURSOS LTDA.,30486755000109,LOGOS GESTÃO DE RECURSOS LTDA.,LOGOS CAPITAL,SÃO PAULO,SP,PRIVADO,2018-08-20,www.logoscapital.com.br,LOGOS CAPITAL,F4 · 100 mi a 1 bi,0.002469803646132669
41727578000121,13,327351600.25,UTILITY GESTORA DE RECURSOS LTDA.,41727578000121,UTILITY GESTORA DE RECURSOS LTDA.,UC GESTORA DE RECURSOS,SÃO PAULO,SP,PRIVADO,2022-03-17,www.utilitycredit.com.br,UC GESTORA DE RECURSOS,F4 · 100 mi a 1 bi,0.002467431847211959
09360012000100,10,326719216.97,BLP CAPITAL GESTORA DE RECURSOS LTDA.,09360012000100,BLP CAPITAL GESTORA DE RECURSOS LTDA.,BLP CAPITAL,SÃO PAULO,SP,PRIVADO,2008-05-16,https://www.blp.com.br/,BLP CAPITAL,F4 · 100 mi a 1 bi,0.002462665221224719
35098686000180,5,325476555.1,10B GESTORA DE RECURSOS LTDA.,35098686000180,10B GESTORA DE RECURSOS LTDA.,10B,SÃO PAULO,SP,PRIVADO,2020-08-11,https://10b.com.br,10B,F4 · 100 mi a 1 bi,0.00245329858464493
21008402000102,8,324325960.09,QUARTZO INVEST LTDA.,21008402000102,QUARTZO INVEST LTDA.,QUARTZO INVEST,CURITIBA,PR,PRIVADO,2015-04-29,https://www.quartzocapital.com.br/,QUARTZO INVEST,F4 · 100 mi a 1 bi,0.0024446259074111876
45129348000111,14,323983471.69,LIFT CAPITAL GESTORA DE RECURSOS S.A.,45129348000111,LIFT CAPITAL GESTORA DE RECURSOS S.A.,-----,SÃO PAULO,SP,PRIVADO,2024-10-24,www.liftcapital.com.br,LIFT CAPITAL GESTORA DE RECURSOS S.A.,F4 · 100 mi a 1 bi,0.0024420443810498835
14797432000180,2,322193032.31,NUREA CAPITAL GESTORA DE RECURSOS LTDA,14797432000180,NUREA CAPITAL GESTORA DE RECURSOS LTDA,NUREA CAPITAL GESTORA DE RECURSOS LTDA.,SÃO PAULO,SP,PRIVADO,2013-11-12,www.nurea.com.br,NUREA CAPITAL GESTORA DE RECURSOS LTDA.,F4 · 100 mi a 1 bi,0.0024285488394263184
60518222000122,1,318582163.19,BANCO SUMITOMO MITSUI BRASILEIRO S.A.,,,,,,,,,BANCO SUMITOMO MITSUI BRASILEIRO S.A.,F4 · 100 mi a 1 bi,0.0024013317020853127
30886483000134,2,316943990.24,ORE INVESTMENTS PARTICIPAÇÕES LTDA.,30886483000134,ORE INVESTMENTS PARTICIPAÇÕES LTDA.,ORE INVESTMENTS,BELO HORIZONTE,MG,PRIVADO,2021-09-08,www.oreinvestments.com.br,ORE INVESTMENTS,F4 · 100 mi a 1 bi,0.0023889838775902313
10334074000118,7,316409435.73,OCTANTE GESTÃO DE RECURSOS LTDA,10334074000118,OCTANTE GESTÃO DE RECURSOS LTDA,--,SÃO PAULO,SP,PRIVADO,2009-01-02,www.octante.com.br,OCTANTE GESTÃO DE RECURSOS LTDA,F4 · 100 mi a 1 bi,0.0023849546416829146
42238039000191,4,315521719.77,HSI GESTORA DE ATIVOS FINANCEIROS LTDA.,42238039000191,HSI GESTORA DE ATIVOS FINANCEIROS LTDA.,-----,SÃO PAULO,SP,PRIVADO,2022-03-14,www.hsinvest.com,HSI GESTORA DE ATIVOS FINANCEIROS LTDA.,F4 · 100 mi a 1 bi,0.0023782634306752106
43573693000114,23,313979819.76,VINCI ASSET ALLOCATION LTDA.,43573693000114,VINCI ASSET ALLOCATION LTDA.,VINCI ASSET ALLOCATION LTDA.,SÃO PAULO,SP,PRIVADO,2022-02-09,https://www.vincicompass.com/,VINCI ASSET ALLOCATION LTDA.,F4 · 100 mi a 1 bi,0.002366641269100363
17516277000174,11,313346791.99,GARIN INVESTIMENTOS LTDA,17516277000174,GARIN INVESTIMENTOS LTDA,-- GARIN MULTI FAMILY OFFICE,SÃO PAULO,SP,PRIVADO,2013-05-07,www.garininvestimentos.com.br,-- GARIN MULTI FAMILY OFFICE,F4 · 100 mi a 1 bi,0.0023618697852320247
54558360000132,1,312911020.06,QLZ WM GESTÃO DE PATRIMÔNIOS LTDA.,54558360000132,QLZ WM GESTÃO DE PATRIMÔNIOS LTDA.,QLZ WM,SÃO PAULO,SP,PRIVADO,2024-10-30,www.qlzwm.com.br,QLZ WM,F4 · 100 mi a 1 bi,0.002358585128803335
04876927000140,8,309674276.52,EAGLE CAPITAL GESTÃO DE INVESTIMENTOS LTDA,04876927000140,EAGLE CAPITAL GESTÃO DE INVESTIMENTOS LTDA,EAGLE CAPITAL,SÃO PAULO,SP,PRIVADO,2003-03-25,www.eaglecapital.com.br,EAGLE CAPITAL,F4 · 100 mi a 1 bi,0.0023341879849196508
23345332000103,16,308932643.65999997,LIS CAPITAL - ADMINISTRADORA E GESTORA DE RECURSOS FINANCEIROS LTDA.,23345332000103,LIS CAPITAL - ADMINISTRADORA E GESTORA DE RECURSOS FINANCEIROS LTDA.,LIS CAPITAL,SÃO PAULO,SP,PRIVADO,2015-12-28,https://www.liscapital.com.br/,LIS CAPITAL,F4 · 100 mi a 1 bi,0.002328597883828636
09043367000167,1,307882951.73,SET INVESTIMENTOS GESTÃO DE ATIVOS LTDA.,09043367000167,SET INVESTIMENTOS GESTÃO DE ATIVOS LTDA.,--,SÃO PAULO,SP,PRIVADO,2007-10-30,www.setinvestimentos.com.br,SET INVESTIMENTOS GESTÃO DE ATIVOS LTDA.,F4 · 100 mi a 1 bi,0.0023206857694663867
73983876000179,3,305023814.64,FUNDIÁGUA - FUNDAÇÃO DE PREVIDÊNCIA DOS EMPREGADOS DA CAESB,,,,,,,,,FUNDIÁGUA - FUNDAÇÃO DE PREVIDÊNCIA DOS EMPREGADOS DA CAESB,F4 · 100 mi a 1 bi,0.0022991348563013887
35487714000150,1,304000081.14,GREEN ALTERNATIVE INVESTMENTS ASSET MANAGEMENT S.A.,35487714000150,GREEN ALTERNATIVE INVESTMENTS ASSET MANAGEMENT S.A.,GREEN ALTERNATIVI INVESTMENTS ASSET MANAGEMENT S.A.,SÃO PAULO,SP,PRIVADO,2020-05-13,www.green.com.ai,GREEN ALTERNATIVI INVESTMENTS ASSET MANAGEMENT S.A.,F4 · 100 mi a 1 bi,0.0022914184051246456
34867534000131,9,302605492.23,SWM GESTAO DE RECURSOS LTDA.,34867534000131,SWM GESTAO DE RECURSOS LTDA.,SWM,SÃO PAULO,SP,PRIVADO,2020-07-09,www.swmgestao.com.br,SWM,F4 · 100 mi a 1 bi,0.0022809066095883642
31881090000109,1,300879899.22,BLUEMACAW GESTORA DE RECURSOS LTDA.,31881090000109,BLUEMACAW GESTORA DE RECURSOS LTDA.,BLUEMACAW,SÃO PAULO,SP,PRIVADO,2019-07-17,www.bluemacaw.com,BLUEMACAW,F4 · 100 mi a 1 bi,0.0022678998512742194
17889040000139,2,299940991.46000004,AMAZONIA INVESTIMENTOS LTDA,17889040000139,AMAZONIA INVESTIMENTOS LTDA,AMAZÔNIA CAPITAL,SÃO PAULO,SP,PRIVADO,2013-08-13,www.amazoniacapital.com,AMAZÔNIA CAPITAL,F4 · 100 mi a 1 bi,0.002260822779077691
32197258000116,3,296371977.4,PARALLAX VENTURES GESTÃO DE RECURSOS LTDA.,32197258000116,PARALLAX VENTURES GESTÃO DE RECURSOS LTDA.,PARALLAX VENTURES,SÃO PAULO,SP,PRIVADO,2021-12-16,https://www.parallaxventures.com.br,PARALLAX VENTURES,F4 · 100 mi a 1 bi,0.0022339211267012674
17181260000103,9,295891261.42,AQUA GESTÃO DE VALORES MOBILIÁRIOS LTDA,17181260000103,AQUA GESTÃO DE VALORES MOBILIÁRIOS LTDA,AQUA GESTÃO DE VALORES MOBILIÁRIOS LTDA,SÃO PAULO,SP,PRIVADO,2014-04-28,www.aquawm.com,AQUA GESTÃO DE VALORES MOBILIÁRIOS LTDA,F4 · 100 mi a 1 bi,0.0022302977018650674
07492836000108,2,294888744.24,CONFRAPAR ADMINISTRAÇÃO E GESTÃO DE RECURSOS S/A,07492836000108,CONFRAPAR ADMINISTRAÇÃO E GESTÃO DE RECURSOS S/A,--,SÃO PAULO,SP,PRIVADO,2009-09-29,http://confrapar.com.br/,CONFRAPAR ADMINISTRAÇÃO E GESTÃO DE RECURSOS S/A,F4 · 100 mi a 1 bi,0.002222741169942144
18005720000105,10,294170323.34,FIBRA ADMINISTRADORA DE CARTEIRA DE VALORES MOBILIÁRIOS LTDA,18005720000105,FIBRA ADMINISTRADORA DE CARTEIRA DE VALORES MOBILIÁRIOS LTDA,FIBRA ASSET,SÃO PAULO,SP,PRIVADO,2013-07-18,https://fibraasset.com.br/,FIBRA ASSET,F4 · 100 mi a 1 bi,0.0022173260303582566
10464748000107,3,293818030.45,CVPAR HIERON INVESTIMENTOS LTDA,10464748000107,CVPAR HIERON INVESTIMENTOS LTDA,-----,SÃO PAULO,SP,PRIVADO,2018-03-27,www.cvpar.com.br,CVPAR HIERON INVESTIMENTOS LTDA,F4 · 100 mi a 1 bi,0.002214670602079707
31227292000123,3,292200130.46999997,ARTICA GESTÃO DE RECURSOS LTDA,31227292000123,ARTICA GESTÃO DE RECURSOS LTDA,ARTICA ASSET MANAGEMENT,SÃO PAULO,SP,PRIVADO,2018-09-21,https://artica.capital/home-asset,ARTICA ASSET MANAGEMENT,F4 · 100 mi a 1 bi,0.0022024755862826042
30418084000149,5,290197615.74,EXANTE ASSET MANAGEMENT LTDA.,30418084000149,EXANTE ASSET MANAGEMENT LTDA.,EXANTE ASSET MANAGEMENT,SÃO PAULO,SP,PRIVADO,2019-07-17,www.exante.com.br,EXANTE ASSET MANAGEMENT,F4 · 100 mi a 1 bi,0.00218738151429536
43628554000140,15,285414279.68,EKHO INVESTIMENTOS LTDA.,43628554000140,EKHO INVESTIMENTOS LTDA.,EKHO FAMILY OFFICE,SÃO PAULO,SP,PRIVADO,2022-02-10,https://ekho.family,EKHO FAMILY OFFICE,F4 · 100 mi a 1 bi,0.0021513268387680444
10865161000100,6,284187591.84,DAEMON INVESTIMENTOS LTDA.,10865161000100,DAEMON INVESTIMENTOS LTDA.,DAEMON INVESTIMENTOS,SÃO PAULO,SP,PRIVADO,2015-07-02,http://www.daemoninvestimentos.com.br,DAEMON INVESTIMENTOS,F4 · 100 mi a 1 bi,0.002142080607374362
11402234000181,13,283699999.42,4I CAPITAL LTDA,11402234000181,4I CAPITAL LTDA,4I CAPITAL LTDA,BARUERI,SP,PRIVADO,2010-06-10,www.4icapital.com.br,4I CAPITAL LTDA,F4 · 100 mi a 1 bi,0.0021384053509691746
41647788000100,7,283555391.51,RAM GESTORA DE RECURSOS LTDA.,41647788000100,RAM GESTORA DE RECURSOS LTDA.,RAM GESTORA DE RECURSOS LTDA.,SÃO PAULO,SP,PRIVADO,2022-03-04,www.ramcapital.com.br,RAM GESTORA DE RECURSOS LTDA.,F4 · 100 mi a 1 bi,0.002137315360383455
09481178000176,4,279315971.12,ICATU GESTÃO PATRIMONIAL LTDA,09481178000176,ICATU GESTÃO PATRIMONIAL LTDA,ICATU GESTÃO PATRIMONIAL LTDA,SÃO PAULO,SP,PRIVADO,2010-03-11,http://www.icatugp.com.br/,ICATU GESTÃO PATRIMONIAL LTDA,F4 · 100 mi a 1 bi,0.002105360481054877
09172045000118,1,279126381.15,"GTIS PARTNERS BRASIL GESTÃO, CONSULTORIA EM INVESTIMENTOS E PARTICIPAÇÕES LTDA.",09172045000118,"GTIS PARTNERS BRASIL GESTÃO, CONSULTORIA EM INVESTIMENTOS E PARTICIPAÇÕES LTDA.",GTIS,SÃO PAULO,SP,PRIVADO,2021-03-09,www.gtisinvest.com.br,GTIS,F4 · 100 mi a 1 bi,0.0021039314355590466
46503558000190,9,278872287.45,TYTON CAPITAL INVESTIMENTOS LTDA.,46503558000190,TYTON CAPITAL INVESTIMENTOS LTDA.,TYTON,SÃO PAULO,SP,PRIVADO,2022-11-23,www.tytoncapital.com.br,TYTON,F4 · 100 mi a 1 bi,0.0021020161894228524
45653567000103,1,277506550.66,L4 VENTURE BUILDER GESTÃO DE CAPITAL LTDA.,45653567000103,L4 VENTURE BUILDER GESTÃO DE CAPITAL LTDA.,-----,SÃO PAULO,SP,PRIVADO,2024-04-10,www.l4vb.com,L4 VENTURE BUILDER GESTÃO DE CAPITAL LTDA.,F4 · 100 mi a 1 bi,0.0020917218684298245
11006650000160,10,276059052.12,STUDIO INVESTIMENTOS ADMINISTRADORA DE RECURSOS LTDA.,11006650000160,STUDIO INVESTIMENTOS ADMINISTRADORA DE RECURSOS LTDA.,STUDIO INVESTIMENTOS,RIO DE JANEIRO,RJ,PRIVADO,2009-10-28,http://www.studioinvest.com.br,STUDIO INVESTIMENTOS,F4 · 100 mi a 1 bi,0.002080811263460546
10552066000148,10,275656642.62,PNBY GESTORA DE RECURSOS LTDA.,10552066000148,PNBY GESTORA DE RECURSOS LTDA.,PANAMBY CAPITAL,SÃO PAULO,SP,PRIVADO,2009-02-27,www.panambycapital.com.br,PANAMBY CAPITAL,F4 · 100 mi a 1 bi,0.002077778078300729
58251046000163,29,274245731.77,SINAI ASSET BRASIL LTDA.,58251046000163,SINAI ASSET BRASIL LTDA.,SINAI ASSET,SÃO PAULO,SP,PRIVADO,2025-07-28,https://sinaicapital.com.br/,SINAI ASSET,F4 · 100 mi a 1 bi,0.002067143255186352
33254420000153,7,274022429.1,ENSO GESTÃO DE RECURSOS LTDA.,33254420000153,ENSO GESTÃO DE RECURSOS LTDA.,ENSO GESTORA,CAMPINAS,SP,PRIVADO,2020-01-07,www.ensogp.com.br,ENSO GESTORA,F4 · 100 mi a 1 bi,0.0020654600982410233
09645906000138,11,272879483.46,Vórtx Capital Gestão de Recursos Ltda,09645906000138,Vórtx Capital Gestão de Recursos Ltda,Vórtx Capital Gestão de Recursos Ltda,SÃO PAULO,SP,PRIVADO,2019-10-16,https://vortx.capital/,Vórtx Capital Gestão de Recursos Ltda,F4 · 100 mi a 1 bi,0.0020568450785813834
39454389000180,3,272324743.74,GENERATION JUST CLIMATE LTDA.,39454389000180,GENERATION JUST CLIMATE LTDA.,GENERATION JUST CLIMATE LTDA.,SÃO PAULO,SP,PRIVADO,2021-03-12,www.gkpar.com,GENERATION JUST CLIMATE LTDA.,F4 · 100 mi a 1 bi,0.002052663695472225
09259317000111,5,270591050.02,CRESCERA GESTÃO DE RECURSOS LTDA.,09259317000111,CRESCERA GESTÃO DE RECURSOS LTDA.,--,RIO DE JANEIRO,RJ,PRIVADO,2009-10-01,www.crescera.com,CRESCERA GESTÃO DE RECURSOS LTDA.,F4 · 100 mi a 1 bi,0.0020395958775823097
41020034000125,4,269407486.78000003,NOVA FUTURA GESTORA DE RECURSOS LTDA.,41020034000125,NOVA FUTURA GESTORA DE RECURSOS LTDA.,NOVA FUTURA INVESTIMENTOS,SÃO PAULO,SP,PRIVADO,2021-07-13,https://www.futuraasset.com.br/,NOVA FUTURA INVESTIMENTOS,F4 · 100 mi a 1 bi,0.0020306747003852686
54782532000157,19,267534205.64000002,AZUMI ASSET MANAGEMENT LTDA.,54782532000157,AZUMI ASSET MANAGEMENT LTDA.,AZUMI ASSET MANAGEMENT LTDA.,SÃO PAULO,SP,PRIVADO,2024-07-12,www.azumidtvm.com.br,AZUMI ASSET MANAGEMENT LTDA.,F4 · 100 mi a 1 bi,0.0020165547341468642
22688191000169,7,266557452.03,KIRON CAPITAL GESTÃO DE RECURSOS LTDA.,22688191000169,KIRON CAPITAL GESTÃO DE RECURSOS LTDA.,KIRON CAPITAL,SÃO PAULO,SP,PRIVADO,2015-09-30,www.kironcapital.com.br,KIRON CAPITAL,F4 · 100 mi a 1 bi,0.002009192396640792
48730767000100,6,263526324.38,BGR ASSET MANAGEMENT LTDA,48730767000100,BGR ASSET MANAGEMENT LTDA,BGR ASSET,SÃO PAULO,SP,PRIVADO,2023-11-20,www.bgrasset.com.br,BGR ASSET,F4 · 100 mi a 1 bi,0.001986345094562956
02328724000194,8,262383162.95000002,MOS GESTÃO DE INVESTIMENTOS LTDA,02328724000194,MOS GESTÃO DE INVESTIMENTOS LTDA,MOS CAPITAL,SÃO PAULO,SP,PRIVADO,2007-06-04,www.moscapital.com.br,MOS CAPITAL,F4 · 100 mi a 1 bi,0.0019777284483735616
15624684000170,2,261817553.32,AQUA CAPITAL GESTORA DE RECURSOS LTDA.,15624684000170,AQUA CAPITAL GESTORA DE RECURSOS LTDA.,AQUA CAPITAL,SÃO PAULO,SP,PRIVADO,2021-12-03,www.aquagestora.com,AQUA CAPITAL,F4 · 100 mi a 1 bi,0.0019734651326815474
09594756000180,3,261392205.75,SP VENTURES GESTORA DE RECURSOS LTDA,09594756000180,SP VENTURES GESTORA DE RECURSOS LTDA,SP VENTURES,SÃO PAULO,SP,PRIVADO,2012-11-16,www.spventures.com.br,SP VENTURES,F4 · 100 mi a 1 bi,0.0019702590504765095
29263481000100,8,257981445.9,MRB CAPITAL GESTORA DE RECURSOS LTDA.,29263481000100,MRB CAPITAL GESTORA DE RECURSOS LTDA.,MRB CAPITAL GESTORA DE RECURSOS LTDA.,SÃO PAULO,SP,PRIVADO,2018-05-09,www.mrbcapital.com.br,MRB CAPITAL GESTORA DE RECURSOS LTDA.,F4 · 100 mi a 1 bi,0.0019445502484707925
40768766000135,1,256161612.41,LIONS TRUST DISTRIBUIDORA DE TÍTULOS E VALORES MOBILIÁRIOS LTDA.,40768766000135,LIONS TRUST DISTRIBUIDORA DE TÍTULOS E VALORES MOBILIÁRIOS LTDA.,LIONS TRUST DISTRIBUIDORA DE TÍTULOS E VALORES MOBILIÁRIOS LTDA.,SÃO PAULO,SP,PRIVADO,2021-11-08,www.lionstrust.com.br,LIONS TRUST DISTRIBUIDORA DE TÍTULOS E VALORES MOBILIÁRIOS LTDA.,F4 · 100 mi a 1 bi,0.001930833147022626
15575770000130,6,254319224.38,ALPHA CAPITAL PARTNERS GESTAO DE INVESTIMENTOS S.A,15575770000130,ALPHA CAPITAL PARTNERS GESTAO DE INVESTIMENTOS S.A,ALPHA CAPITAL,SÃO PAULO,SP,PRIVADO,2012-11-16,www.alphacapital.com.br,ALPHA CAPITAL,F4 · 100 mi a 1 bi,0.001916946039409062
27530973000199,4,253434473.41000003,VL GESTORA DE RECURSOS LTDA,27530973000199,VL GESTORA DE RECURSOS LTDA,VL GESTORA,SÃO PAULO,SP,PRIVADO,2017-07-11,www.vlgestora.com.br,VL GESTORA,F4 · 100 mi a 1 bi,0.0019102771771870282
45356564000108,1,252679140.38,BMA CAPITAL GESTAO DE RECURSOS LTDA.,45356564000108,BMA CAPITAL GESTAO DE RECURSOS LTDA.,BMA ASSET,BELO HORIZONTE,MG,PRIVADO,2022-08-01,www.bmaasset.com.br,BMA ASSET,F4 · 100 mi a 1 bi,0.001904583810262749
25022196000146,9,252322291.64,CLUBE DO VALOR ADMINISTRAÇÃO DE CARTEIRAS DE VALORES MOBILIÁRIOS LTDA,25022196000146,CLUBE DO VALOR ADMINISTRAÇÃO DE CARTEIRAS DE VALORES MOBILIÁRIOS LTDA,CLUBE DO VALOR GESTORA DE RECURSOS,PORTO ALEGRE,RS,PRIVADO,2017-02-23,https://clubedovalor.com.br/,CLUBE DO VALOR GESTORA DE RECURSOS,F4 · 100 mi a 1 bi,0.0019018940419981644
37370840000156,5,246812848.17999998,PRIMUS VENTURES CONSULTORIA E GESTÃO LTDA.,37370840000156,PRIMUS VENTURES CONSULTORIA E GESTÃO LTDA.,PRIMUS VENTURES,FLORIANÓPOLIS,SC,PRIVADO,2021-03-12,https://www.primusvc.com.br/,PRIMUS VENTURES,F4 · 100 mi a 1 bi,0.0018603662894433096
00806535000154,13,244257611.37,PLANNER CORRETORA DE VALORES S.A.,00806535000154,PLANNER CORRETORA DE VALORES S.A.,PLANNER CORRETORA DE VALORES S.A.,SÃO PAULO,SP,PRIVADO,1995-10-02,www.planner.com.br,PLANNER CORRETORA DE VALORES S.A.,F4 · 100 mi a 1 bi,0.001841106042426502
11000859000117,7,240157452.54000002,BRM APEX SOLUCOES DE PORTFOLIO GESTAO DE RECURSOS LTDA.,11000859000117,BRM APEX SOLUCOES DE PORTFOLIO GESTAO DE RECURSOS LTDA.,BRM APEX SOLUÇÕES DE PORTFÓLIO,PORTO ALEGRE,RS,PRIVADO,2009-10-08,https://apexpartners.com.br,BRM APEX SOLUÇÕES DE PORTFÓLIO,F4 · 100 mi a 1 bi,0.0018102008552575899
15114366000169,1,240027041.61,BANCO BOCOM BBM S.A.,,,,,,,,,BANCO BOCOM BBM S.A.,F4 · 100 mi a 1 bi,0.0018092178752395882
11313045000132,1,238359965.49,INVESTFORT GESTÃO DE INVESTIMENTOS LTDA,11313045000132,INVESTFORT GESTÃO DE INVESTIMENTOS LTDA,INVESTFORT,RIO DE JANEIRO,RJ,PRIVADO,2010-03-15,investfort@investfort.com.br,INVESTFORT,F4 · 100 mi a 1 bi,0.0017966521914088902
38183509000190,3,238181532.4,DOJO CAPITAL INVESTIMENTOS ADMINISTRADORA DE CARTEIRAS DE RECURSOS E CONSULTORIA LTDA.,38183509000190,DOJO CAPITAL INVESTIMENTOS ADMINISTRADORA DE CARTEIRAS DE RECURSOS E CONSULTORIA LTDA.,-----,RIO DE JANEIRO,RJ,PRIVADO,2022-01-18,www.dojoinvest.com.br,DOJO CAPITAL INVESTIMENTOS ADMINISTRADORA DE CARTEIRAS DE RECURSOS E CONSULTORIA LTDA.,F4 · 100 mi a 1 bi,0.0017953072415490873
43231396000190,6,237716352.37,OPEN CAPITAL GESTÃO DE ATIVOS LTDA.,43231396000190,OPEN CAPITAL GESTÃO DE ATIVOS LTDA.,OPEN CAPITAL,SÃO PAULO,SP,PRIVADO,2021-12-23,www.openkapital.com.br,OPEN CAPITAL,F4 · 100 mi a 1 bi,0.001791800919845352
26760824000153,13,237370810.96,SOMA ASSET GESTÃO DE INVESTIMENTOS LTDA,26760824000153,SOMA ASSET GESTÃO DE INVESTIMENTOS LTDA,SOMA ASSET,SÃO PAULO,SP,PRIVADO,2017-05-23,https://www.somagestora.com.br/,SOMA ASSET,F4 · 100 mi a 1 bi,0.0017891963812424756
28093642000100,18,236710659.58999997,WIT GESTÃO DE RECURSOS LTDA.,28093642000100,WIT GESTÃO DE RECURSOS LTDA.,WIT ASSET MANAGEMENT,CAMPINAS,SP,PRIVADO,2020-02-10,www.witasset.com.br,WIT ASSET MANAGEMENT,F4 · 100 mi a 1 bi,0.0017842204516515566
09095455000102,2,234119854.39,GLOBAL X BRASIL GESTORA DE INVESTIMENTOS LTDA.,09095455000102,GLOBAL X BRASIL GESTORA DE INVESTIMENTOS LTDA.,--,SÃO PAULO,SP,PRIVADO,2008-09-12,https://globalxetfs.com.br/local-asset-manager/,GLOBAL X BRASIL GESTORA DE INVESTIMENTOS LTDA.,F4 · 100 mi a 1 bi,0.0017646921058132585
28018445000118,5,233635501.32,ACE CAPITAL SAIRES GESTORA DE RECURSOS LTDA.,28018445000118,ACE CAPITAL SAIRES GESTORA DE RECURSOS LTDA.,ACE CAPITAL SAIRES,SÃO PAULO,SP,PRIVADO,2017-10-20,www.acecapital.com.br,ACE CAPITAL SAIRES,F4 · 100 mi a 1 bi,0.0017610412661982998
44141694000152,6,231917939.92999998,VIA INVEST GESTÃO DE RECURSOS LTDA.,44141694000152,VIA INVEST GESTÃO DE RECURSOS LTDA.,VIA INVEST GESTÃO DE RECURSOS LTDA.,SÃO PAULO,SP,PRIVADO,2023-02-17,https://viaasset.com.br/,VIA INVEST GESTÃO DE RECURSOS LTDA.,F4 · 100 mi a 1 bi,0.0017480950466900059
17364795000110,11,230611645.94,MERCANTIL DO BRASIL DISTRIBUIDORA S/A TÍTULOS E VALORES MOBILIÁRIOS,17364795000110,MERCANTIL DO BRASIL DISTRIBUIDORA S/A TÍTULOS E VALORES MOBILIÁRIOS,MERCANTIL DO BRASIL DISTRIBUIDORA,BELO HORIZONTE,MG,PRIVADO,1994-02-01,www.bancomercantil.com.br,MERCANTIL DO BRASIL DISTRIBUIDORA,F4 · 100 mi a 1 bi,0.0017382487792812445
43173313000154,4,228478418.43,HOPE ASSET,43173313000154,HOPE ASSET GESTAO DE RECURSOS LTDA,HOPE ASSET GESTÃO DE RECURSOS LTDA.,SÃO PAULO,SP,PRIVADO,2022-04-05,www.hopeasset.com.br,HOPE ASSET GESTÃO DE RECURSOS LTDA.,F4 · 100 mi a 1 bi,0.0017221694520639563
15040228000182,6,227887519.56,FYTO CAPITAL ADMINISTRADORA DE RECURSOS LTDA,15040228000182,FYTO CAPITAL ADMINISTRADORA DE RECURSOS LTDA,-,RIO DE JANEIRO,RJ,PRIVADO,2012-11-01,www.fytocapital.com.br,FYTO CAPITAL ADMINISTRADORA DE RECURSOS LTDA,F4 · 100 mi a 1 bi,0.0017177155172452292
57187644000158,2,223555855.17999998,LEV ASSET MANAGEMENT LTDA.,57187644000158,LEV ASSET MANAGEMENT LTDA.,LEV ASSET MANAGEMENT LTDA.,SÃO PAULO,SP,PRIVADO,2025-02-24,https://levasset.com.vc,LEV ASSET MANAGEMENT LTDA.,F4 · 100 mi a 1 bi,0.0016850653434428613
26614409000191,7,222651083.13,BRIDGE ONE CAPITAL LTDA.,26614409000191,BRIDGE ONE CAPITAL LTDA.,BRIDGE ONE,SÃO PAULO,SP,PRIVADO,2023-09-01,www.bridgeone.cc,BRIDGE ONE,F4 · 100 mi a 1 bi,0.0016782455711584667
09031993000133,7,222259935.12,GLOBAL ASSET GESTORA DE RECURSOS LTDA,09031993000133,GLOBAL ASSET GESTORA DE RECURSOS LTDA,ACT MFO,SALVADOR,BA,PRIVADO,2007-11-28,,ACT MFO,F4 · 100 mi a 1 bi,0.0016752972701386747
14555955000110,2,221330837.70999998,INNOVA CAPITAL GESTORA DE RECURSOS LTDA,14555955000110,INNOVA CAPITAL GESTORA DE RECURSOS LTDA,INNOVA CAPITAL GESTORA DE RECURSOS LTDA,SÃO PAULO,SP,PRIVADO,2018-10-05,www.innovacapital.com.br,INNOVA CAPITAL GESTORA DE RECURSOS LTDA,F4 · 100 mi a 1 bi,0.0016682941440294837
41992770000145,8,220859625.41,ELLO GESTORA DE RECURSOS LTDA,41992770000145,ELLO GESTORA DE RECURSOS LTDA,ELLO ASSET MANAGEMENT,SÃO PAULO,SP,PRIVADO,2022-09-19,www.elloasset.com.br,ELLO ASSET MANAGEMENT,F4 · 100 mi a 1 bi,0.001664742353737547
42330305000101,6,217513195.98000002,PIPO CAPITAL GESTÃO DE INVESTIMENTOS LTDA.,42330305000101,PIPO CAPITAL GESTÃO DE INVESTIMENTOS LTDA.,PIPO CAPITAL,SÃO PAULO,SP,PRIVADO,2021-11-03,www.pipo.capital,PIPO CAPITAL,F4 · 100 mi a 1 bi,0.0016395184460379257
16734572000134,3,216717248.32000002,PRUMO CAPITAL GESTORA DE RECURSOS LTDA,16734572000134,PRUMO CAPITAL GESTORA DE RECURSOS LTDA,PRUMO CAPITAL,SÃO PAULO,SP,PRIVADO,2013-01-10,www.prumocapital.com,PRUMO CAPITAL,F4 · 100 mi a 1 bi,0.0016335189439627934
37555586000160,8,216500281.33,SKADE CAPITAL GESTÃO DE INVESTMENTOS LTDA.,37555586000160,SKADE CAPITAL GESTÃO DE INVESTMENTOS LTDA.,SKADE CAPITAL,SÃO PAULO,SP,PRIVADO,2020-11-09,www.skadecapital.com,SKADE CAPITAL,F4 · 100 mi a 1 bi,0.0016318835425762996
35185577000108,26,214317134.23,ASSET1 INVESTIMENTOS S/A,35185577000108,ASSET1 INVESTIMENTOS S/A,ASSET1 INVESTIMENTOS,SÃO PAULO,SP,PRIVADO,2020-03-11,www.asset1.com.br,ASSET1 INVESTIMENTOS,F4 · 100 mi a 1 bi,0.0016154279435275259
47918635000136,3,213833159.67,LAZULI PARTNERS ASSET MANAGEMENT LTDA.,47918635000136,LAZULI PARTNERS ASSET MANAGEMENT LTDA.,-----,SÃO PAULO,SP,PRIVADO,2023-04-05,www.lazulipartners.com.br,LAZULI PARTNERS ASSET MANAGEMENT LTDA.,F4 · 100 mi a 1 bi,0.0016117799569538467
42886319000106,3,213125858.83,MOMBAK GESTORA DE RECURSOS LTDA.,42886319000106,MOMBAK GESTORA DE RECURSOS LTDA.,-----,SÃO PAULO,SP,PRIVADO,2023-06-21,www.mombak.com.br,MOMBAK GESTORA DE RECURSOS LTDA.,F4 · 100 mi a 1 bi,0.0016064486354730814
28153011000120,2,212923934.32,APOLO ADMINISTRACAO DE RECURSOS LTDA,28153011000120,APOLO ADMINISTRACAO DE RECURSOS LTDA,APOLO ADMINISTRACAO DE RECURSOS LTDA,SÃO PAULO,SP,PRIVADO,2018-05-09,vww.apoloenergia.com.br,APOLO ADMINISTRACAO DE RECURSOS LTDA,F4 · 100 mi a 1 bi,0.0016049266176600442
49497776000158,3,212841442.47,FOURCE GESTÃO DE RECURSOS LTDA.,49497776000158,FOURCE GESTÃO DE RECURSOS LTDA.,FOURCE GESTÃO DE RECURSOS,CUIABÁ,MT,PRIVADO,2023-08-14,www.fourcegestora.com.br,FOURCE GESTÃO DE RECURSOS,F4 · 100 mi a 1 bi,0.0016043048305123108
12860692000127,8,211207863.79,EXPLORITAS ADMINISTRACAO FINANCEIRA LTDA,12860692000127,EXPLORITAS ADMINISTRACAO FINANCEIRA LTDA,EXPLORITAS,SÃO PAULO,SP,PRIVADO,2012-07-09,http://www.exploritas.com.br/,EXPLORITAS,F4 · 100 mi a 1 bi,0.0015919916355962628
22610500000188,3,210130547.54,VORTX DISTRIBUIDORA DE TITULOS E VALORES MOBILIARIOS LTDA.,22610500000188,VORTX DISTRIBUIDORA DE TITULOS E VALORES MOBILIARIOS LTDA.,VORTX DISTRIBUIDORA DE TITULOS E VALORES MOBILIARIOS LTDA.,SÃO PAULO,SP,PRIVADO,2016-01-08,www.vortx.com.br,VORTX DISTRIBUIDORA DE TITULOS E VALORES MOBILIARIOS LTDA.,F4 · 100 mi a 1 bi,0.0015838713013051249
08852323000115,2,210116736.5,PONTA SUL INVESTIMENTOS LTDA.,08852323000115,PONTA SUL INVESTIMENTOS LTDA.,PONTA SUL INVESTIMENTOS,RIO DE JANEIRO,RJ,PRIVADO,2007-12-28,www.pontasulinvestimentos.com.br/,PONTA SUL INVESTIMENTOS,F4 · 100 mi a 1 bi,0.0015837671997827461
05389174000101,5,209852588.68,XP SERVIÇOS FINANCEIROS DTVM Ltda.,05389174000101,XP SERVIÇOS FINANCEIROS DTVM Ltda.,XP SERVIÇOS FINANCEIROS DTVM Ltda.,RIO DE JANEIRO,RJ,PRIVADO,2003-01-29,www.modal.com.br,XP SERVIÇOS FINANCEIROS DTVM Ltda.,F4 · 100 mi a 1 bi,0.0015817761701285705
11325341000153,22,207831138.58,CONTEA CAPITAL GESTAO DE RECURSOS LTDA,11325341000153,CONTEA CAPITAL GESTAO DE RECURSOS LTDA,--,SÃO PAULO,SP,PRIVADO,2010-01-29,www.conteacapital.com.br,CONTEA CAPITAL GESTAO DE RECURSOS LTDA,F4 · 100 mi a 1 bi,0.0015665393716816388
43434498000103,10,203259304.67,SINGULAR CAPITAL LTDA.,43434498000103,SINGULAR CAPITAL LTDA.,-,SÃO PAULO,SP,PRIVADO,2021-11-08,www.singularcapital.com.br,SINGULAR CAPITAL LTDA.,F4 · 100 mi a 1 bi,0.0015320789059894522
22828968000143,6,203257486.85000002,REC GESTÃO DE RECURSOS S.A.,22828968000143,REC GESTÃO DE RECURSOS S.A.,REAL ESTATE CAPITAL,SÃO PAULO,SP,PRIVADO,2015-09-18,www.rec-gestao.com,REAL ESTATE CAPITAL,F4 · 100 mi a 1 bi,0.0015320652040648028
20420262000112,2,202105654.14,LESTE ADMINISTRAÇÃO DE RECURSOS LTDA.,20420262000112,LESTE ADMINISTRAÇÃO DE RECURSOS LTDA.,LESTE GLOBAL INVESTMENTS,RIO DE JANEIRO,RJ,PRIVADO,2014-09-04,www.leste.com,LESTE GLOBAL INVESTMENTS,F4 · 100 mi a 1 bi,0.0015233831975948664
08647754000140,5,201648916.12,HIGH GESTÃO E INVESTIMENTOS LTDA,08647754000140,HIGH GESTÃO E INVESTIMENTOS LTDA,HGI CAPITAL,GOIÂNIA,GO,PRIVADO,2019-11-07,www.hgicapital.com.br,HGI CAPITAL,F4 · 100 mi a 1 bi,0.0015199405080356285
29063944000190,19,200866948.22,3J GESTORA DE RECURSOS LTDA. - ME,29063944000190,3J GESTORA DE RECURSOS LTDA. - ME,3J GESTORA DE RECURSOS LTDA. - ME,SÃO PAULO,SP,PRIVADO,2018-07-27,www.3jcapital.com.br,3J GESTORA DE RECURSOS LTDA. - ME,F4 · 100 mi a 1 bi,0.00151404637921975
29588549000120,2,195413757.82,OPTIMUM CAPITAL GESTORA DE RECURSOS LTDA.,29588549000120,OPTIMUM CAPITAL GESTORA DE RECURSOS LTDA.,OPTIMUM CAPITAL,SÃO PAULO,SP,PRIVADO,2018-06-20,www.optimumcapital.com.br,OPTIMUM CAPITAL,F4 · 100 mi a 1 bi,0.0014729426373972124
41986711000164,18,193551269.07,BUENA VISTA GESTORA DE RECURSOS LTDA.,41986711000164,BUENA VISTA GESTORA DE RECURSOS LTDA.,BUENA VISTA GESTORA DE RECURSOS,BRASÍLIA,DF,PRIVADO,2021-09-16,www.buenavista.capital,BUENA VISTA GESTORA DE RECURSOS,F4 · 100 mi a 1 bi,0.0014589040194301264
50824824000154,2,192399383.99,GREEN ROCK GESTÃO DE RECURSOS LTDA.,50824824000154,GREEN ROCK GESTÃO DE RECURSOS LTDA.,-----,SÃO PAULO,SP,PRIVADO,2023-09-22,www.greenrock.vc,GREEN ROCK GESTÃO DE RECURSOS LTDA.,F4 · 100 mi a 1 bi,0.00145022161821825
38136258000192,3,188814839.78,ZAVIT GESTÃO DE RECURSOS LTDA.,38136258000192,ZAVIT GESTÃO DE RECURSOS LTDA.,ZAVIT GESTÃO DE RECURSOS LTDA.,SÃO PAULO,SP,PRIVADO,2022-10-17,www.zavit.com.br,ZAVIT GESTÃO DE RECURSOS LTDA.,F4 · 100 mi a 1 bi,0.0014232029064272017
49640512000101,3,188679262.61,CAPSIGMA INVESTMENT PARTNERS LTDA.,49640512000101,CAPSIGMA INVESTMENT PARTNERS LTDA.,CAPSIGMA,SÃO PAULO,SP,PRIVADO,2023-07-05,https://www.capsigma.com.br,CAPSIGMA,F4 · 100 mi a 1 bi,0.0014221809855728134
53577572000102,1,187212023.73,AURORA INVESTIMENTOS LTDA.,53577572000102,AURORA INVESTIMENTOS LTDA.,AURORA INVESTIMENTOS,CURITIBA,PR,PRIVADO,2024-04-16,www.aurorainvestimentos.com.br,AURORA INVESTIMENTOS,F4 · 100 mi a 1 bi,0.0014111215866353566
44322890000123,4,186886325.35000002,VLGI ASSET LTDA.,44322890000123,VLGI ASSET LTDA.,VLGI ASSET,BRASÍLIA,DF,PRIVADO,2022-03-25,https://vlgiasset.com.br,VLGI ASSET,F4 · 100 mi a 1 bi,0.0014086666160325445
59976458000123,1,186703300.63,OWN Partners Gestão de Recursos Ltda.,59976458000123,OWN Partners Gestão de Recursos Ltda.,OWN Partners Gestão de Recursos Ltda.,RIO DE JANEIRO,RJ,PRIVADO,2025-07-04,https://ownpartners.com.br,OWN Partners Gestão de Recursos Ltda.,F4 · 100 mi a 1 bi,0.0014072870564928622
37980655000183,2,184697170.61,NAVI REAL ESTATE VENTURES - ADMINISTRADORA E GESTORA DE RECURSOS FINANCEIROS LTDA.,37980655000183,NAVI REAL ESTATE VENTURES - ADMINISTRADORA E GESTORA DE RECURSOS FINANCEIROS LTDA.,-----,SÃO PAULO,SP,PRIVADO,2021-01-14,www.navi.com.br,NAVI REAL ESTATE VENTURES - ADMINISTRADORA E GESTORA DE RECURSOS FINANCEIROS LTDA.,F4 · 100 mi a 1 bi,0.0013921657340456354
01206480000104,2,184066769.85,ZURICH VIDA E PREVIDENCIA S.A.,,,,,,,,,ZURICH VIDA E PREVIDENCIA S.A.,F4 · 100 mi a 1 bi,0.0013874140514189344
38150247000167,10,183143345.41,DAO CAPITAL LTDA.,38150247000167,DAO CAPITAL LTDA.,DAO CAPITAL,SÃO PAULO,SP,PRIVADO,2021-01-04,www.daocapital.com.br,DAO CAPITAL,F4 · 100 mi a 1 bi,0.0013804536856531653
42034424000117,8,183012908.15,NORD GESTORA DE RECURSOS LTDA.,42034424000117,NORD GESTORA DE RECURSOS LTDA.,NORD ASSET,SÃO PAULO,SP,PRIVADO,2021-09-01,https://www.nordinvestimentos.com.br/,NORD ASSET,F4 · 100 mi a 1 bi,0.0013794705071712478
07755775000116,3,181780780.9,GP INVESTIMENTOS LTDA.,07755775000116,GP INVESTIMENTOS LTDA.,GP INVESTIMENTOS LTDA.,SÃO PAULO,SP,PRIVADO,2006-09-06,www.gp.com.br,GP INVESTIMENTOS LTDA.,F4 · 100 mi a 1 bi,0.0013701832759063146
07262715000161,2,181139684.64000002,SITA GESTÃO DE RECURSOS LTDA,07262715000161,SITA GESTÃO DE RECURSOS LTDA,SITA GESTÃO DE RECURSOS LTDA,BELO HORIZONTE,MG,PRIVADO,2005-11-11,sitagestao.com.br,SITA GESTÃO DE RECURSOS LTDA,F4 · 100 mi a 1 bi,0.001365350975322342
17340681000130,2,180450559.03,MOV INVESTIMENTOS LTDA,17340681000130,MOV INVESTIMENTOS LTDA,MOV INVESTIMENTOS LTDA,SÃO PAULO,SP,PRIVADO,2014-04-16,http://movinvestimentos.com.br/,MOV INVESTIMENTOS LTDA,F4 · 100 mi a 1 bi,0.0013601566507015221
43705850000106,8,180410483.0,VINCI MAV GESTORA DE RECURSOS LTDA.,43705850000106,VINCI MAV GESTORA DE RECURSOS LTDA.,VINCI MAV GESTORA DE RECURSOS LTDA.,SÃO PAULO,SP,PRIVADO,2022-08-09,https://www.vincicompass.com/,VINCI MAV GESTORA DE RECURSOS LTDA.,F4 · 100 mi a 1 bi,0.0013598545752796934
19361845000130,3,179511220.54000002,CHROMO INVESTIMENTOS LTDA.,19361845000130,CHROMO INVESTIMENTOS LTDA.,CHROMO INVESTIMENTOS LTDA.,PORTO ALEGRE,RS,PRIVADO,2015-06-19,www.chromoinvest.com.br,CHROMO INVESTIMENTOS LTDA.,F4 · 100 mi a 1 bi,0.0013530763318524075
15555653000104,2,179458332.66,ONYX EQUITY MANAGEMENT GESTORA DE INVESTIMENTOS LTDA,15555653000104,ONYX EQUITY MANAGEMENT GESTORA DE INVESTIMENTOS LTDA,--,SÃO PAULO,SP,PRIVADO,2012-08-24,www.onyxem.com,ONYX EQUITY MANAGEMENT GESTORA DE INVESTIMENTOS LTDA,F4 · 100 mi a 1 bi,0.0013526776863613088
53942885000104,5,178493137.69,HIRE GESTÃO DE RECURSOS LTDA.,53942885000104,HIRE GESTÃO DE RECURSOS LTDA.,HIRE,SÃO PAULO,SP,PRIVADO,2024-12-03,www.hirecapital.com.br,HIRE,F4 · 100 mi a 1 bi,0.0013454024727807795
45036300000169,8,177700632.92,HIGH ASSET MANAGEMENT LTDA,45036300000169,HIGH ASSET MANAGEMENT LTDA,HIGH ASSET,GOIÂNIA,GO,PRIVADO,2022-08-02,www.highpar.com.br,HIGH ASSET,F4 · 100 mi a 1 bi,0.001339428921690539
40166546000131,8,177034791.49,DOURO CAPITAL GESTORA DE RECURSOS E INVESTIMENTOS LTDA.,40166546000131,DOURO CAPITAL GESTORA DE RECURSOS E INVESTIMENTOS LTDA.,-----,RECIFE,PE,PRIVADO,2021-04-13,www.dourocapital.com.br,DOURO CAPITAL GESTORA DE RECURSOS E INVESTIMENTOS LTDA.,F4 · 100 mi a 1 bi,0.0013344101029393231
15279184000148,8,176837004.88,ZENITH ASSET MANAGEMENT LTDA,15279184000148,ZENITH ASSET MANAGEMENT LTDA,--,PORTO ALEGRE,RS,PRIVADO,2012-07-20,www.zenithasset.com.br,ZENITH ASSET MANAGEMENT LTDA,F4 · 100 mi a 1 bi,0.001332919274789733
08251477000151,5,175431195.8,JOULE - GESTAO DE RECURSOS E VALORES MOBILIARIOS LTDA,08251477000151,JOULE - GESTAO DE RECURSOS E VALORES MOBILIARIOS LTDA,JOULE ASSET MANAGEMENT,SÃO PAULO,SP,PRIVADO,2006-10-26,www.jouleinvest.com.br,JOULE ASSET MANAGEMENT,F4 · 100 mi a 1 bi,0.0013223229065653448
62464181000164,3,174852565.29,SSG Capital Ltda.,62464181000164,SSG Capital Ltda.,-----,SÃO PAULO,SP,PRIVADO,2026-04-01,www.ssgcapital.com.br,SSG Capital Ltda.,F4 · 100 mi a 1 bi,0.001317961445228201
39716593000122,2,174485802.59,HENKAN PE INVESTIMENTOS LTDA.,39716593000122,HENKAN PE INVESTIMENTOS LTDA.,-,SÃO PAULO,SP,PRIVADO,2021-07-14,www.uponglobal.capital,HENKAN PE INVESTIMENTOS LTDA.,F4 · 100 mi a 1 bi,0.001315196949909839
47326127000169,14,173818209.44,FIGTREE CAPITAL ADMINISTRAÇÃO DE RECURSOS LTDA.,47326127000169,FIGTREE CAPITAL ADMINISTRAÇÃO DE RECURSOS LTDA.,FIGTREE,SÃO PAULO,SP,PRIVADO,2022-12-16,www.figtreecapital.com.br,FIGTREE,F4 · 100 mi a 1 bi,0.0013101649274665928
40962925000138,16,172021553.01999998,CERES ASSET GESTAO DE INVESTIMENTOS LTDA,40962925000138,CERES ASSET GESTAO DE INVESTIMENTOS LTDA,CERES ASSET,SÃO PAULO,SP,PRIVADO,2022-03-08,https://ceresasset.com.br/,CERES ASSET,F4 · 100 mi a 1 bi,0.0012966225245401362
92863505000106,1,171560392.12,UNIMED SEGURADORA S/A,,,,,,,,,UNIMED SEGURADORA S/A,F4 · 100 mi a 1 bi,0.0012931464972640212
26504834000128,5,169327226.2,PANDHORA INVESTIMENTOS LTDA.,26504834000128,PANDHORA INVESTIMENTOS LTDA.,TC PANDHORA,SÃO PAULO,SP,PRIVADO,2019-11-14,pandhora.com,TC PANDHORA,F4 · 100 mi a 1 bi,0.0012763138784318289
04853132000117,1,168556904.96,INDICATOR INVESTIMENTOS E SERVIÇOS DE GESTÃO EMPRESARIAL LTDA.,04853132000117,INDICATOR INVESTIMENTOS E SERVIÇOS DE GESTÃO EMPRESARIAL LTDA.,INDICATOR INVESTIMENTOS E SERVIÇOS DE GESTÃO EMPRESARIAL LTDA.,SÃO PAULO,SP,PRIVADO,2016-02-10,www.indicatorcapital.com,INDICATOR INVESTIMENTOS E SERVIÇOS DE GESTÃO EMPRESARIAL LTDA.,F4 · 100 mi a 1 bi,0.0012705075369973953
26198955000199,16,167554277.9,KÖLI CAPITAL GESTORA DE RECURSOS S.A.,26198955000199,KÖLI CAPITAL GESTORA DE RECURSOS S.A.,KÖLI CAPITAL,NITERÓI,RJ,PRIVADO,2020-04-02,www.kolicapital.com,KÖLI CAPITAL,F4 · 100 mi a 1 bi,0.0012629501768475406
21768777000170,4,167200596.82,MIRANTE INVESTIMENTOS LTDA. ME,21768777000170,MIRANTE INVESTIMENTOS LTDA. ME,MIRANTE INVESTIMENTOS,RIBEIRÃO PRETO,SP,PRIVADO,2015-09-08,www.mirantepar.com.br,MIRANTE INVESTIMENTOS,F4 · 100 mi a 1 bi,0.0012602842850056133
11581211000181,2,166875497.24,LAPB GESTAO DE RECURSOS FINANCEIROS LTDA,11581211000181,LAPB GESTAO DE RECURSOS FINANCEIROS LTDA,--,SÃO PAULO,SP,PRIVADO,2010-04-29,www.lapb.com.br,LAPB GESTAO DE RECURSOS FINANCEIROS LTDA,F4 · 100 mi a 1 bi,0.0012578338278928494
05119639000104,7,165686680.18,ARANDU WM GESTORA DE PATRIMÔNIO LTDA,05119639000104,ARANDU WM GESTORA DE PATRIMÔNIO LTDA,ARANDU WM,SÃO PAULO,SP,PRIVADO,2002-12-02,https://www.aranduinvestimentos.com.br,ARANDU WM,F4 · 100 mi a 1 bi,0.0012488730497200447
11401701000159,7,164972508.72,LAPLACE INVESTIMENTOS E GESTAO DE RECURSOS LTDA,11401701000159,LAPLACE INVESTIMENTOS E GESTAO DE RECURSOS LTDA,--,SÃO PAULO,SP,PRIVADO,2010-06-24,www.laplace.com.br,LAPLACE INVESTIMENTOS E GESTAO DE RECURSOS LTDA,F4 · 100 mi a 1 bi,0.0012434899405388826
17232615000146,1,164364372.65,INX ADMINISTRADORA E GESTORA DE RECURSOS LTDA,,,,,,,,,INX ADMINISTRADORA E GESTORA DE RECURSOS LTDA,F4 · 100 mi a 1 bi,0.001238906079316239
27913835000199,10,162218099.83,AVENTIS GESTÃO DE RECURSOS LTDA.,27913835000199,AVENTIS GESTÃO DE RECURSOS LTDA.,AVENTIS ASSET,SÃO PAULO,SP,PRIVADO,2018-05-09,http://aventisasset.com.br/,AVENTIS ASSET,F4 · 100 mi a 1 bi,0.0012227284223112664
35713661000149,2,158148438.59,FICTOR ASSET LTDA.,35713661000149,FICTOR ASSET LTDA.,FICTOR ASSET,SÃO PAULO,SP,PRIVADO,2020-05-25,www.fictorasset.com.br,FICTOR ASSET,F4 · 100 mi a 1 bi,0.0011920531125120435
23089950000130,5,157847849.46,CARDINAL PARTNERS INVESTIMENTOS LTDA.,23089950000130,CARDINAL PARTNERS INVESTIMENTOS LTDA.,CARDINAL PARTNERS INVESTIMENTOS LTDA.,SÃO PAULO,SP,PRIVADO,2015-12-28,www.cardinalpartners.com.br,CARDINAL PARTNERS INVESTIMENTOS LTDA.,F4 · 100 mi a 1 bi,0.001189787404350784
44848824000191,3,156623832.04,VESTED CAPITAL LTDA.,44848824000191,VESTED CAPITAL LTDA.,VESTED CAPITAL LTDA.,SÃO PAULO,SP,PRIVADO,2022-03-04,www.vestedcapital.com.br,VESTED CAPITAL LTDA.,F4 · 100 mi a 1 bi,0.0011805613014041552
23700544000161,2,156233281.19,PLENI GESTÃO DE RECURSOS LTDA,23700544000161,PLENI GESTÃO DE RECURSOS LTDA,PLENI GESTÃO DE RECURSOS LTDA,RIO DE JANEIRO,RJ,PRIVADO,2016-11-14,www.plenigp.com.br,PLENI GESTÃO DE RECURSOS LTDA,F4 · 100 mi a 1 bi,0.001177617501512816
29302654000151,4,156045671.44,SOLUM GESTORA DE RECURSOS LTDA.,29302654000151,SOLUM GESTORA DE RECURSOS LTDA.,SOLUM CAPITAL,SÃO PAULO,SP,PRIVADO,2020-08-27,https://www.solumcapital.com.br/,SOLUM CAPITAL,F4 · 100 mi a 1 bi,0.001176203382041141
41562390000170,2,154491066.29,RISE INVESTMENT MANAGEMENT LTDA.,41562390000170,RISE INVESTMENT MANAGEMENT LTDA.,-----,SÃO PAULO,SP,PRIVADO,2021-11-30,https://rise.investments/,RISE INVESTMENT MANAGEMENT LTDA.,F4 · 100 mi a 1 bi,0.0011644854547298944
46642564000129,3,152999043.14999998,ÁRTEMIS GESTÃO DE RECURSOS LTDA.,46642564000129,ÁRTEMIS GESTÃO DE RECURSOS LTDA.,ÁRTEMIS GESTÃO DE RECURSOS LTDA.,PINHAIS,PR,PRIVADO,2023-02-24,www.artemisgestao.com.br,ÁRTEMIS GESTÃO DE RECURSOS LTDA.,F4 · 100 mi a 1 bi,0.0011532392429820318
29976481000157,4,149921259.84,CATUAÍ GESTORA DE RECURSOS LTDA.,29976481000157,CATUAÍ GESTORA DE RECURSOS LTDA.,CATUAÍ ASSET MANAGEMENT,SÃO PAULO,SP,PRIVADO,2018-08-06,www.catuaiasset.com.br,CATUAÍ ASSET MANAGEMENT,F4 · 100 mi a 1 bi,0.0011300402711361276
34745508000130,4,149475156.12,NAVI YIELD - ADMINISTRADORA E GESTORA DE RECURSOS FINANCEIROS LTDA.,34745508000130,NAVI YIELD - ADMINISTRADORA E GESTORA DE RECURSOS FINANCEIROS LTDA.,NAVI YIELD - ADMINISTRADORA E GESTORA DE RECURSOS FINANCEIROS LTDA.,SÃO PAULO,SP,PRIVADO,2020-02-05,www.navi.com.br,NAVI YIELD - ADMINISTRADORA E GESTORA DE RECURSOS FINANCEIROS LTDA.,F4 · 100 mi a 1 bi,0.0011266777382355794
30038003000185,4,149260219.5,GOW CAPITAL GESTÃO DE RECURSOS E CONSULTORIA LTDA.,30038003000185,GOW CAPITAL GESTÃO DE RECURSOS E CONSULTORIA LTDA.,GOW CAPITAL,SÃO PAULO,SP,PRIVADO,2021-01-06,www.gowcapital.com,GOW CAPITAL,F4 · 100 mi a 1 bi,0.0011250576408818012
21008985000171,8,149117392.7,LESTE CREDIT GESTAO DE RECURSOS LTDA,21008985000171,LESTE CREDIT GESTAO DE RECURSOS LTDA,LESTE CREDIT,RIO DE JANEIRO,RJ,PRIVADO,2015-02-10,www.leste.com,LESTE CREDIT,F4 · 100 mi a 1 bi,0.001123981075516957
27445498000152,5,147468412.84,ASTOR GESTÃO DE RECURSOS LTDA,27445498000152,ASTOR GESTÃO DE RECURSOS LTDA,ASTOR CAPITAL,FORTALEZA,CE,PRIVADO,2017-09-19,www.astorcapital.com.br,ASTOR CAPITAL,F4 · 100 mi a 1 bi,0.0011115517933052077
44151729000134,3,147415759.54,KOMATU GESTORA DE RECURSOS LTDA,44151729000134,KOMATU GESTORA DE RECURSOS LTDA,KOMATU GESTORA DE RECURSOS,SANTOS,SP,PRIVADO,2022-04-26,www.komatu.com.br,KOMATU GESTORA DE RECURSOS,F4 · 100 mi a 1 bi,0.0011111549159745894
40202235000180,3,146748220.91,QUARTZ GESTÃO DE RECURSOS LTDA.,40202235000180,QUARTZ GESTÃO DE RECURSOS LTDA.,QUARTZ GESTÃO DE RECURSOS LTDA.,SÃO PAULO,SP,PRIVADO,2021-11-23,www.quartz.com.br,QUARTZ GESTÃO DE RECURSOS LTDA.,F4 · 100 mi a 1 bi,0.0011061233044790345
46649800000139,6,146450446.18,DESBRAVA CAPITAL LTDA,46649800000139,DESBRAVA CAPITAL LTDA,-----,PORTO ALEGRE,RS,PRIVADO,2023-02-01,https://desbravacapital.com.br/,DESBRAVA CAPITAL LTDA,F4 · 100 mi a 1 bi,0.0011038788100225056
06088907000130,4,144408712.92,META ASSET MANAGEMENT LTDA.,06088907000130,META ASSET MANAGEMENT LTDA.,META ASSET MANAGEMENT LTDA.,RIO DE JANEIRO,RJ,PRIVADO,2004-03-24,www.metaam.com.br,META ASSET MANAGEMENT LTDA.,F4 · 100 mi a 1 bi,0.0010884891260698733
55465051000180,5,143599789.92000002,CUPERTINO CAPITAL GESTÃO DE RECURSOS LTDA,55465051000180,CUPERTINO CAPITAL GESTÃO DE RECURSOS LTDA,CUPERTINO CAPITAL GESTÃO DE RECURSOS LTDA,RIO DE JANEIRO,RJ,PRIVADO,2024-12-30,https://cupertinocapital.com.br/,CUPERTINO CAPITAL GESTÃO DE RECURSOS LTDA,F4 · 100 mi a 1 bi,0.001082391821610027
45776352000171,3,140539331.78,VERTENTE CAPITAL GESTORA DE RECURSOS LTDA,45776352000171,VERTENTE CAPITAL GESTORA DE RECURSOS LTDA,-----,GOIÂNIA,GO,PRIVADO,2022-09-16,www.vertentecapital.com.br,VERTENTE CAPITAL GESTORA DE RECURSOS LTDA,F4 · 100 mi a 1 bi,0.001059323439247063
08466131000170,10,137694191.89,NEST INTERNATIONAL ADMINISTRADORA DE CARTEIRA DE VALORES MOBILIÁRIOS LTDA,08466131000170,NEST INTERNATIONAL ADMINISTRADORA DE CARTEIRA DE VALORES MOBILIÁRIOS LTDA,NEST ASSET MANAGEMENT,SÃO PAULO,SP,PRIVADO,2007-09-03,www.nestam.com.br,NEST ASSET MANAGEMENT,F4 · 100 mi a 1 bi,0.0010378780307963398
19196403000186,3,136149650.15,HORTO GESTORA DE RECURSOS LTDA,19196403000186,HORTO GESTORA DE RECURSOS LTDA,HORTO GESTORA DE RECURSOS LTDA,RIO DE JANEIRO,RJ,PRIVADO,2014-03-24,www.hortocapital.com.br,HORTO GESTORA DE RECURSOS LTDA,F4 · 100 mi a 1 bi,0.0010262359570269932
05850171000123,4,135823712.98,LANX CAPITAL INVESTIMENTOS LTDA,05850171000123,LANX CAPITAL INVESTIMENTOS LTDA,LANX CAPITAL INVESTIMENTOS LTDA,SÃO PAULO,SP,PRIVADO,2004-10-26,www.lanxcapital.com,LANX CAPITAL INVESTIMENTOS LTDA,F4 · 100 mi a 1 bi,0.001023779186530579
46938918000187,2,135119424.66,VINCI VIDA E PREVIDÊNCIA S.A.,,,,,,,,,VINCI VIDA E PREVIDÊNCIA S.A.,F4 · 100 mi a 1 bi,0.0010184705720956404
42096993000197,2,133872192.74,LEEN CAPITAL LTDA.,42096993000197,LEEN CAPITAL LTDA.,LEEN CAPITAL,SÃO PAULO,SP,PRIVADO,2022-03-22,www.leencapital.com.br,LEEN CAPITAL,F4 · 100 mi a 1 bi,0.0010090694884964857
39764365000128,6,133303665.57,Levante Gestora de Recursos Ltda.,39764365000128,LEVANTE GESTORA DE RECURSOS LTDA.,LEVANTE GESTORA,SÃO PAULO,SP,PRIVADO,2021-06-11,www.levanteasset.com.br,LEVANTE GESTORA,F4 · 100 mi a 1 bi,0.0010047841816759541
37156717000137,8,132268592.06,OBY EQUITIES GESTORA DE RECURSOS LTDA.,37156717000137,OBY EQUITIES GESTORA DE RECURSOS LTDA.,OBY EQUITIES,SÃO PAULO,SP,PRIVADO,2021-04-22,www.obycapital.com.br,OBY EQUITIES,F4 · 100 mi a 1 bi,0.0009969822545100903
58899508000153,1,132090193.5,UNAVANTI INVESTIMENTOS LTDA.,58899508000153,UNAVANTI INVESTIMENTOS LTDA.,UNAVANTI ASSET,MARINGÁ,PR,PRIVADO,2025-05-12,www.unavantiinvestimentos.com.br,UNAVANTI ASSET,F4 · 100 mi a 1 bi,0.0009956375649221836
53012603000170,3,131877276.1,GENUINAMENTE TECH GESTÃO DE RECURSOS LTDA.,53012603000170,GENUINAMENTE TECH GESTÃO DE RECURSOS LTDA.,BIG BETS,SÃO PAULO,SP,PRIVADO,2024-08-15,www.bigbets.tech,BIG BETS,F4 · 100 mi a 1 bi,0.000994032687557343
42657808000196,6,131209313.73,CORCOVADO INVESTIMENTOS GESTÃO DE RECURSOS LTDA.,42657808000196,CORCOVADO INVESTIMENTOS GESTÃO DE RECURSOS LTDA.,CORCOVADO INVESTIMENTOS GESTÃO DE RECURSOS LTDA.,RIO DE JANEIRO,RJ,PRIVADO,2025-01-14,www.corcovadoinvestimentos.com,CORCOVADO INVESTIMENTOS GESTÃO DE RECURSOS LTDA.,F4 · 100 mi a 1 bi,0.0009889978820967359
57816195000160,5,129931652.14,RIZA INVESTMENT SOLUTIONS GESTORA DE RECURSOS LTDA.,57816195000160,RIZA INVESTMENT SOLUTIONS GESTORA DE RECURSOS LTDA.,RIZA INVESTMENT SOLUTIONS,SÃO PAULO,SP,PRIVADO,2025-05-08,www.rizaasset.com,RIZA INVESTMENT SOLUTIONS,F4 · 100 mi a 1 bi,0.000979367433078867
09375360000142,5,129006405.81,INVISTO GESTÃO DE INVESTIMENTOS S/A,09375360000142,INVISTO GESTÃO DE INVESTIMENTOS S/A,--,SÃO PAULO,SP,PRIVADO,2008-03-27,https://invisto.com.vc/,INVISTO GESTÃO DE INVESTIMENTOS S/A,F4 · 100 mi a 1 bi,0.0009723933347105851
09119406000162,5,126627376.16000001,SEIVAL INVESTIMENTOS LTDA.,09119406000162,SEIVAL INVESTIMENTOS LTDA.,SEIVAL INVESTIMENTOS,PORTO ALEGRE,RS,PRIVADO,2007-11-23,www.seival.com,SEIVAL INVESTIMENTOS,F4 · 100 mi a 1 bi,0.0009544612594759186
12258120000172,2,126378565.57000001,FIR GESTÃO DE INVESTIMENTOS S.A,12258120000172,FIR GESTÃO DE INVESTIMENTOS S.A,--,NOVA LIMA,MG,PRIVADO,2010-11-23,www.fircapital.com,FIR GESTÃO DE INVESTIMENTOS S.A,F4 · 100 mi a 1 bi,0.0009525858350905764
35429122000182,3,123887173.91,CRESCERA VENTURE LTDA.,35429122000182,CRESCERA VENTURE LTDA.,CRESCERA VENTURE LTDA.,RIO DE JANEIRO,RJ,PRIVADO,2020-03-05,www.crescera.com,CRESCERA VENTURE LTDA.,F4 · 100 mi a 1 bi,0.0009338068246288357
62232889000190,3,122390390.85,BANCO DAYCOVAL S.A.,62232889000190,BANCO DAYCOVAL S.A.,BANCO DAYCOVAL S.A.,SÃO PAULO,SP,PRIVADO,2019-12-06,https://www.daycoval.com.br/,BANCO DAYCOVAL S.A.,F4 · 100 mi a 1 bi,0.0009225247347053686
12586135000160,2,121209082.82,DIRETA CAPITAL LTDA,12586135000160,DIRETA CAPITAL LTDA,DIRETA CAPITAL,SÃO PAULO,SP,PRIVADO,2010-12-15,www.diretacapital.com.br,DIRETA CAPITAL,F4 · 100 mi a 1 bi,0.0009136205562857025
13516035000120,3,120919869.24,JPP CAPITAL GESTAO DE RECURSOS LTDA,13516035000120,JPP CAPITAL GESTAO DE RECURSOS LTDA,JPP CAPITAL GESTAO DE RECURSOS,SÃO PAULO,SP,PRIVADO,2011-06-20,www.jppcapital.com.br,JPP CAPITAL GESTAO DE RECURSOS,F4 · 100 mi a 1 bi,0.0009114405919983943
11116499000113,4,120403208.02,IPORANGA INVESTIMENTOS LTDA,11116499000113,IPORANGA INVESTIMENTOS LTDA,IPORANGA INVESTIMENTOS,SÃO PAULO,SP,PRIVADO,2010-01-15,www.iporangainvest.com,IPORANGA INVESTIMENTOS,F4 · 100 mi a 1 bi,0.0009075462278117711
11369621000163,4,119926800.85,EXPRESSO PLANEJAMENTO GESTÃO DE RECURSOS LTDA,11369621000163,EXPRESSO PLANEJAMENTO GESTÃO DE RECURSOS LTDA,--,RIO DE JANEIRO,RJ,PRIVADO,2010-03-15,http://www.expressoplanejamento.com.br/,EXPRESSO PLANEJAMENTO GESTÃO DE RECURSOS LTDA,F4 · 100 mi a 1 bi,0.0009039552808831464
33608308000173,4,119385835.57,MONGERAL AEGON SEGUROS E PREVIDÊNCIA S.A.,,,,,,,,,MONGERAL AEGON SEGUROS E PREVIDÊNCIA S.A.,F4 · 100 mi a 1 bi,0.0008998777234217241
37336862000108,6,118612720.16,MAKALU GESTORA DE RECURSOS LTDA.,37336862000108,MAKALU GESTORA DE RECURSOS LTDA.,-----,SÃO PAULO,SP,PRIVADO,2021-01-04,www.makalupartners.com/capitalsolutions,MAKALU GESTORA DE RECURSOS LTDA.,F4 · 100 mi a 1 bi,0.0008940503207673687
41019477000104,10,117563849.94,ARANDU LEGAL CLAIMS GESTÃO DE ATIVOS LTDA,41019477000104,ARANDU LEGAL CLAIMS GESTÃO DE ATIVOS LTDA,ARANDU LEGAL CLAIMS GESTÃO DE ATIVOS LTDA,SÃO PAULO,SP,PRIVADO,2021-08-09,www.aranduinvestimentos.com.br,ARANDU LEGAL CLAIMS GESTÃO DE ATIVOS LTDA,F4 · 100 mi a 1 bi,0.00088614440009234
12147903000189,5,116274510.46000001,3Q ASSET LTDA,12147903000189,3Q ASSET LTDA,3Q ASSET,SÃO PAULO,SP,PRIVADO,2014-04-16,www.3qasset.com.br,3Q ASSET,F4 · 100 mi a 1 bi,0.0008764259282950734
02835612000120,2,116155783.07,AMS CAPITAL LTDA,02835612000120,AMS CAPITAL LTDA,AMS CAPITAL LTDA.,SÃO PAULO,SP,PRIVADO,2000-07-07,www.msafra.com.br,AMS CAPITAL LTDA.,F4 · 100 mi a 1 bi,0.0008755310136436753
05940778000102,8,111881303.04,SONAR SERVIÇOS DE INVESTIMENTO LTDA.,05940778000102,SONAR SERVIÇOS DE INVESTIMENTO LTDA.,--,BELO HORIZONTE,MG,PRIVADO,2010-05-05,www.sonarinvestimentos.com.br,SONAR SERVIÇOS DE INVESTIMENTO LTDA.,F4 · 100 mi a 1 bi,0.0008433118702265094
05946654000126,6,110524860.18,AGUILA CAPITAL ADMINISTRAÇÃO E GESTÃO DE CAPITAIS LTDA.,05946654000126,AGUILA CAPITAL ADMINISTRAÇÃO E GESTÃO DE CAPITAIS LTDA.,AGUILA CAPITAL,RIO DE JANEIRO,RJ,PRIVADO,2003-11-24,www.aguila.com.br,AGUILA CAPITAL,F4 · 100 mi a 1 bi,0.000833087602774842
31439560000170,3,109996868.06,GALOP CAPITAL LTDA.,31439560000170,GALOP CAPITAL LTDA.,GALOP CAPITAL LTDA.,SÃO PAULO,SP,PRIVADO,2019-07-11,www.galop.capital,GALOP CAPITAL LTDA.,F4 · 100 mi a 1 bi,0.0008291078312662561
15862221000146,2,109335681.34,CL4 CAPITAL GESTORA DE RECURSOS LTDA.,15862221000146,CL4 CAPITAL GESTORA DE RECURSOS LTDA.,--,SÃO PAULO,SP,PRIVADO,2012-09-06,www.cl4capital.com.br,CL4 CAPITAL GESTORA DE RECURSOS LTDA.,F4 · 100 mi a 1 bi,0.0008241240976641119
37307440000104,4,108593232.28,STRATEGI CAPITAL GESTÃO DE RECURSOS LTDA.,37307440000104,STRATEGI CAPITAL GESTÃO DE RECURSOS LTDA.,STRATEGI CAPITAL ASSET MANAGEMENT,SÃO PAULO,SP,PRIVADO,2021-01-04,www.strategicapital.com.br,STRATEGI CAPITAL ASSET MANAGEMENT,F4 · 100 mi a 1 bi,0.0008185278444178241
97522536000109,4,107725147.05,ABRADINVEST GESTAO DE RECURSOS FINANCEIROS LTDA,97522536000109,ABRADINVEST GESTAO DE RECURSOS FINANCEIROS LTDA,ZBN - ZAMBONI ASSET,PORTO ALEGRE,RS,PRIVADO,2011-10-17,http://zbnasset.com.br/,ZBN - ZAMBONI ASSET,F4 · 100 mi a 1 bi,0.0008119846011865079
18190296000116,4,107613523.24000001,CEDRO ASSET MANAGEMENT LTDA,18190296000116,CEDRO ASSET MANAGEMENT LTDA,CEDRO CAPITAL,BRASÍLIA,DF,PRIVADO,2013-08-01,www.cedrocapital.com,CEDRO CAPITAL,F4 · 100 mi a 1 bi,0.0008111432301851417
24613511000147,3,107049378.87,SIGA GESTORA DE RECURSOS LTDA.,24613511000147,SIGA GESTORA DE RECURSOS LTDA.,SIGA GESTORA DE RECURSOS LTDA.,CURITIBA,PR,PRIVADO,2020-11-30,www.sigafinance.com.br,SIGA GESTORA DE RECURSOS LTDA.,F4 · 100 mi a 1 bi,0.0008068909589761412
07250864000100,5,105948960.27,QLZ GESTÃO DE RECURSOS FINANCEIROS LTDA,07250864000100,QLZ GESTÃO DE RECURSOS FINANCEIROS LTDA,QLZ ASSET MANAGEMENT,SÃO PAULO,SP,PRIVADO,2005-04-12,www.qlzasset.com.br,QLZ ASSET MANAGEMENT,F4 · 100 mi a 1 bi,0.0007985964893696668
37537640000145,16,105604206.35,YARDS ASSET GESTORA DE RECURSOS LTDA.,37537640000145,YARDS ASSET GESTORA DE RECURSOS LTDA.,YARDS ASSET,SÃO PAULO,SP,PRIVADO,2020-09-22,https://yards.capital/,YARDS ASSET,F4 · 100 mi a 1 bi,0.0007959978865187581
49570947000127,2,103667222.25,LAGOSTA CAPITAL LTDA.,49570947000127,LAGOSTA CAPITAL LTDA.,LAGOSTA CAPITAL,SÃO PAULO,SP,PRIVADO,2023-09-20,www.lagostacapital.com.br,LAGOSTA CAPITAL,F4 · 100 mi a 1 bi,0.0007813977554907346
13911006000162,1,101773098.3,Parcitas Ações Gestão de Investimentos Ltda.,13911006000162,Parcitas Ações Gestão de Investimentos Ltda.,--,BELO HORIZONTE,MG,PRIVADO,2012-01-09,https://parcitas.com.br,Parcitas Ações Gestão de Investimentos Ltda.,F4 · 100 mi a 1 bi,0.000767120685351998
27684833000175,6,99537857.97,CHESS CAPITAL LTDA.,27684833000175,CHESS CAPITAL LTDA.,CHESS CAPITAL,SÃO PAULO,SP,PRIVADO,2020-04-14,www.chesscapital.com.br,CHESS CAPITAL,F5 · abaixo de 100 mi,0.0007502724305330128
48392830000138,9,99239098.1,BLUEOAK INVESTMENTS ASSET LTDA.,48392830000138,BLUEOAK INVESTMENTS ASSET LTDA.,BLUEOAK INVESTMENTS,SÃO PAULO,SP,PRIVADO,2023-06-02,www.blueoak.com.br,BLUEOAK INVESTMENTS,F5 · abaixo de 100 mi,0.0007480205105260725
52573216000140,7,98472559.99,D3F CAPITAL GESTORA DE RECURSOS LTDA,52573216000140,D3F CAPITAL GESTORA DE RECURSOS LTDA,D3F CAPITAL GESTORA DE RECURSOS LTDA,SÃO PAULO,SP,PRIVADO,2024-02-06,https://d3f.com.br/,D3F CAPITAL GESTORA DE RECURSOS LTDA,F5 · abaixo de 100 mi,0.0007422426846554452
34444602000150,4,98368255.0,IBBRA GESTÃO DE RECURSOS LTDA.,34444602000150,IBBRA GESTÃO DE RECURSOS LTDA.,IBBRA GESTÃO,GOIÂNIA,GO,PRIVADO,2022-02-09,www.ibbra.com.br,IBBRA GESTÃO,F5 · abaixo de 100 mi,0.0007414564796882095
09583516000180,2,97696595.81,E2M INVESTIMENTOS LTDA.,09583516000180,E2M INVESTIMENTOS LTDA.,--,BARUERI,SP,PRIVADO,2010-07-30,e2minvestimentos.com.br,E2M INVESTIMENTOS LTDA.,F5 · abaixo de 100 mi,0.0007363938092304726
10490029000152,7,96429781.37,VENICE RC GESTÃO DE RECURSOS LTDA.,10490029000152,VENICE RC GESTÃO DE RECURSOS LTDA.,--,SÃO PAULO,SP,PRIVADO,2009-07-21,https://venicerc.com.br/,VENICE RC GESTÃO DE RECURSOS LTDA.,F5 · abaixo de 100 mi,0.0007268451212406267
48890963000134,5,96195395.32,ARANDU SPECIAL SITUATIONS GESTÃO DE RECURSOS LTDA,48890963000134,ARANDU SPECIAL SITUATIONS GESTÃO DE RECURSOS LTDA,ARANDU SPECIAL SITUATIONS GESTÃO DE RECURSOS LTDA,SÃO PAULO,SP,PRIVADO,2025-01-20,www.aranduinvestimentos.com.br,ARANDU SPECIAL SITUATIONS GESTÃO DE RECURSOS LTDA,F5 · abaixo de 100 mi,0.0007250784226698223
50184375000127,7,95510511.06,JUBARTE STRATEGIC CAPITAL LTDA.,50184375000127,JUBARTE STRATEGIC CAPITAL LTDA.,JUBARTE STRATEGIC CAPITAL,SÃO PAULO,SP,PRIVADO,2023-12-13,www.jubartecapital.com,JUBARTE STRATEGIC CAPITAL,F5 · abaixo de 100 mi,0.0007199160674728793
58431687000108,2,94215511.5,BRASFOR CAPITAL GESTÃO DE RECURSOS LTDA.,58431687000108,BRASFOR CAPITAL GESTÃO DE RECURSOS LTDA.,BRASFOR CAPITAL,SÃO PAULO,SP,PRIVADO,2025-05-23,www.brasforcapital.com.br,BRASFOR CAPITAL,F5 · abaixo de 100 mi,0.0007101549324913208
11823102000123,5,94023098.2,LEROSA INVESTIMENTOS LTDA.,11823102000123,LEROSA INVESTIMENTOS LTDA.,LEROSA INVESTIMENTOS,SÃO PAULO,SP,PRIVADO,2010-05-28,www.lerosa.com.br,LEROSA INVESTIMENTOS,F5 · abaixo de 100 mi,0.0007087046059803626
48957769000129,8,93277831.13,CONCRETA GESTORA DE RECURSOS LTDA.,48957769000129,CONCRETA GESTORA DE RECURSOS LTDA.,-,NOVA LIMA,MG,PRIVADO,2023-07-05,https://concretagestora.com.br/,CONCRETA GESTORA DE RECURSOS LTDA.,F5 · abaixo de 100 mi,0.0007030871118187578
03014887000165,3,93170974.69999999,ARGUMENTO ADMINISTRAÇÃO DE CARTEIRA DE TITULOS E VALORES MOBILIÁRIOS LTDA,03014887000165,ARGUMENTO ADMINISTRAÇÃO DE CARTEIRA DE TITULOS E VALORES MOBILIÁRIOS LTDA,ARGUMENTO GESTÃO DE INVESTIMENTOS,SÃO PAULO,SP,PRIVADO,2012-05-14,www.arg.com.br,ARGUMENTO GESTÃO DE INVESTIMENTOS,F5 · abaixo de 100 mi,0.0007022816752231827
27222262000157,4,92353473.31,SASTRE GESTÃO DE PATRIMÔNIO LTDA.,27222262000157,SASTRE GESTÃO DE PATRIMÔNIO LTDA.,SASTRE GESTÃO DE PATRIMÔNIO,SÃO PAULO,SP,PRIVADO,2017-12-29,www.sastregestaodepatrimonio.com.br,SASTRE GESTÃO DE PATRIMÔNIO,F5 · abaixo de 100 mi,0.0006961197106466066
19037127000103,1,92304052.16,CADENCE GESTORA DE RECURSOS LTDA,19037127000103,CADENCE GESTORA DE RECURSOS LTDA,CADENCE INVESTMENT PARTNERS,SÃO PAULO,SP,PRIVADO,2014-01-13,www.cadnc.com.br,CADENCE INVESTMENT PARTNERS,F5 · abaixo de 100 mi,0.0006957471958357955
01704513000146,1,90934084.16,SUL AMÉRICA SEGUROS DE PESSOAS E PREVIDÊNCIA S.A.,,,,,,,,,SUL AMÉRICA SEGUROS DE PESSOAS E PREVIDÊNCIA S.A.,F5 · abaixo de 100 mi,0.0006854209818497337
40185895000109,1,90861370.97,NOON CAPITAL PARTNERS ASSESSORIA E GESTÃO DE RECURSOS LTDA.,40185895000109,NOON CAPITAL PARTNERS ASSESSORIA E GESTÃO DE RECURSOS LTDA.,NOON CAPITAL,SÃO PAULO,SP,PRIVADO,2021-10-07,www.nooncapital.com.br,NOON CAPITAL,F5 · abaixo de 100 mi,0.0006848729019241083
12421188000120,3,90364208.85000001,ORI CAPITAL LTDA,12421188000120,ORI CAPITAL LTDA,ORI CAPITAL,RIO DE JANEIRO,RJ,PRIVADO,2011-01-13,www.oricapital.com.br,ORI CAPITAL,F5 · abaixo de 100 mi,0.0006811255133450435
51919518000164,2,89909319.9,LEXIS CAPITAL GESTÃO DE RECURSOS LTDA.,51919518000164,LEXIS CAPITAL GESTÃO DE RECURSOS LTDA.,LEXIS CAPITAL,SÃO PAULO,SP,PRIVADO,2024-03-08,https://lexis.capital,LEXIS CAPITAL,F5 · abaixo de 100 mi,0.0006776967612591591
33820112000148,4,89858410.37,SHIFT CAPITAL GESTÃO DE RECURSOS S.A.,33820112000148,SHIFT CAPITAL GESTÃO DE RECURSOS S.A.,SHIFT CAPITAL,SÃO PAULO,SP,PRIVADO,2020-06-10,www.shiftcapital.com.br,SHIFT CAPITAL,F5 · abaixo de 100 mi,0.0006773130276969811
04557602000103,4,89754752.66,DGF INVESTIMENTOS GESTÃO DE FUNDOS LTDA,04557602000103,DGF INVESTIMENTOS GESTÃO DE FUNDOS LTDA,DGF INVESTIMENTOS,SÃO PAULO,SP,PRIVADO,2001-12-13,www.dgf.com.br,DGF INVESTIMENTOS,F5 · abaixo de 100 mi,0.0006765317016406315
45437983000166,6,89741175.06,ATIVA ASSET LTDA,45437983000166,ATIVA ASSET LTDA,ATIVA ASSET,RIO DE JANEIRO,RJ,PRIVADO,2022-08-09,www.ativaasset.com.br,ATIVA ASSET,F5 · abaixo de 100 mi,0.0006764293596859165
60579514000175,4,89196432.88,Navora - Gestão de Recursos S.A.,60579514000175,Navora - Gestão de Recursos S.A.,Navora Asset Management,LONDRINA,PR,PRIVADO,2026-02-12,www.navoraasset.com,Navora Asset Management,F5 · abaixo de 100 mi,0.0006723233336196771
52803255000196,3,88796199.31,MELPAR INVEST LTDA.,52803255000196,MELPAR INVEST LTDA.,MELPAR INVEST LTDA.,PORTO ALEGRE,RS,PRIVADO,2024-02-21,http://www.melparinvest.com.br,MELPAR INVEST LTDA.,F5 · abaixo de 100 mi,0.0006693065496595951
09561568000156,1,87748298.59,MAUÁ CAPITAL INVESTIMENTOS ALTERNATIVOS LTDA,09561568000156,MAUÁ CAPITAL INVESTIMENTOS ALTERNATIVOS LTDA,--,SÃO PAULO,SP,PRIVADO,2008-07-22,www.jivemaua.com.br,MAUÁ CAPITAL INVESTIMENTOS ALTERNATIVOS LTDA,F5 · abaixo de 100 mi,0.0006614079366475626
41179663000100,7,87386645.2,KUARÁ CAPITAL GESTORA DE RECURSOS LTDA.,41179663000100,KUARÁ CAPITAL GESTORA DE RECURSOS LTDA.,KUARÁ CAPITAL,SÃO PAULO,SP,PRIVADO,2021-11-22,www.kuaracapital.com,KUARÁ CAPITAL,F5 · abaixo de 100 mi,0.0006586819530523803
19357126000146,3,87352361.89,VINTAGE INVESTIMENTOS LTDA,19357126000146,VINTAGE INVESTIMENTOS LTDA,VINTAGE INVESTIMENTOS LTDA,SÃO PAULO,SP,PRIVADO,2014-03-26,www.vintageinvest.com.br,VINTAGE INVESTIMENTOS LTDA,F5 · abaixo de 100 mi,0.0006584235405966073
49627380000188,7,86938533.08,OUTFIELD VENTURES S.A.,49627380000188,OUTFIELD VENTURES S.A.,OUTFIELD VENTURES,SÃO PAULO,SP,PRIVADO,2023-12-26,www.outfieldinc.com,OUTFIELD VENTURES,F5 · abaixo de 100 mi,0.0006553042817192778
60115899000110,5,86508299.16,DOT. INVESTIMENTOS LTDA.,60115899000110,DOT. INVESTIMENTOS LTDA.,DOT. INVESTIMENTOS LTDA.,SÃO PAULO,SP,PRIVADO,2025-07-25,,DOT. INVESTIMENTOS LTDA.,F5 · abaixo de 100 mi,0.0006520613683651102
31872495000172,1,84826999.01,BANCO C6 S.A.,,,,,,,,,BANCO C6 S.A.,F5 · abaixo de 100 mi,0.0006393884700757358
28728697000130,5,84444678.19,VERSA GESTORA DE RECURSOS LTDA.,28728697000130,VERSA GESTORA DE RECURSOS LTDA.,VERSA GESTORA DE RECURSOS LTDA.,SÃO PAULO,SP,PRIVADO,2018-02-14,www.versaasset.com.br,VERSA GESTORA DE RECURSOS LTDA.,F5 · abaixo de 100 mi,0.000636506704517236
13993865000148,2,84339160.72,PRÓPRIO CAPITAL GESTÃO DE RECURSOS LTDA,13993865000148,PRÓPRIO CAPITAL GESTÃO DE RECURSOS LTDA,PRÓPRIO CAPITAL GESTÃO DE RECURSOS LTDA.,FLORIANÓPOLIS,SC,PRIVADO,2012-05-25,www.propriocapital.com.br,PRÓPRIO CAPITAL GESTÃO DE RECURSOS LTDA.,F5 · abaixo de 100 mi,0.0006357113604110321
22057987000113,4,83818271.29,GROU CAPITAL GESTORA DE RECURSOS LTDA.,22057987000113,GROU CAPITAL GESTORA DE RECURSOS LTDA.,--,SÃO PAULO,SP,PRIVADO,2015-08-24,www.groucapital.com.br,GROU CAPITAL GESTORA DE RECURSOS LTDA.,F5 · abaixo de 100 mi,0.0006317851258440513
44079192000149,7,82684031.8,SANTA FE INVESTIMENTOS LTDA,44079192000149,SANTA FE INVESTIMENTOS LTDA,SANTA FÉ INVESTIMENTOS,SÃO PAULO,SP,PRIVADO,1990-05-18,www.santafe.com.br,SANTA FÉ INVESTIMENTOS,F5 · abaixo de 100 mi,0.0006232357292996198
28606666000107,1,82435604.08,EUROPA GESTÃO DE RECURSOS LTDA.,28606666000107,EUROPA GESTÃO DE RECURSOS LTDA.,EUROPA GESTÃO DE RECURSOS LTDA.,RIO DE JANEIRO,RJ,PRIVADO,2020-02-10,www.europagestora.com.br,EUROPA GESTÃO DE RECURSOS LTDA.,F5 · abaixo de 100 mi,0.0006213631908193126
37108524000100,6,82290046.13,COMPOUND PARTNERS GESTAO DE RECURSOS LTDA,37108524000100,COMPOUND PARTNERS GESTAO DE RECURSOS LTDA,-----,RIO DE JANEIRO,RJ,PRIVADO,2020-09-18,www.compound.com.br,COMPOUND PARTNERS GESTAO DE RECURSOS LTDA,F5 · abaixo de 100 mi,0.0006202660392514858
11502768000180,8,82231320.6,MINT CAPITAL GESTORA DE INVESTIMENTOS LTDA,11502768000180,MINT CAPITAL GESTORA DE INVESTIMENTOS LTDA,MINT CAPITAL,SÃO PAULO,SP,PRIVADO,2010-04-29,www.mintcapital.com.br,MINT CAPITAL,F5 · abaixo de 100 mi,0.0006198233921318268
05336089000185,6,82145235.75,UNA CAPITAL LTDA,05336089000185,UNA CAPITAL LTDA,UNA CAPITAL,SÃO PAULO,SP,PRIVADO,2003-07-04,www.unacapital.com.br,UNA CAPITAL,F5 · abaixo de 100 mi,0.0006191745225362904
35646759000120,4,79661757.46000001,FORTUNE GESTORA DE RECURSOS LTDA.,35646759000120,FORTUNE GESTORA DE RECURSOS LTDA.,-----,SÃO PAULO,SP,PRIVADO,2021-02-11,www.fortunewm.com.br,FORTUNE GESTORA DE RECURSOS LTDA.,F5 · abaixo de 100 mi,0.000600455159564105
44391239000105,3,78916958.8,AVVERO ASSET GESTAO DE RECURSOS LTDA,44391239000105,AVVERO ASSET GESTAO DE RECURSOS LTDA,AVVERO ASSET,RIO DE JANEIRO,RJ,PRIVADO,2022-05-09,https://www.avveroasset.com,AVVERO ASSET,F5 · abaixo de 100 mi,0.0005948411960702919
08806258000191,6,78878754.47,ARTON GESTÃO DE RECURSOS LTDA,08806258000191,ARTON GESTÃO DE RECURSOS LTDA,ARTON,SÃO PAULO,SP,PRIVADO,2007-07-23,www.artonadvisors.com.br,ARTON,F5 · abaixo de 100 mi,0.0005945532286967662
45083984000150,2,78334068.48,URBANO ADMINISTRAÇÃO DE RECURSOS LTDA.,45083984000150,URBANO ADMINISTRAÇÃO DE RECURSOS LTDA.,URBANO ASSET,BARUERI,SP,PRIVADO,2022-12-07,https://urbanoasset.com/,URBANO ASSET,F5 · abaixo de 100 mi,0.0005904476261659407
10995802000132,8,78089410.48,RJI GESTAO & INVESTIMENTOS LTDA,10995802000132,RJI GESTAO & INVESTIMENTOS LTDA,RJI INVESTIMENTOS,RIO DE JANEIRO,RJ,PRIVADO,2010-01-15,www.rjigestora.com.br,RJI INVESTIMENTOS,F5 · abaixo de 100 mi,0.0005886035021707804
37995213000100,4,77651058.35,MONGERAL AEGON RENDA VARIÁVEL LTDA.,37995213000100,MONGERAL AEGON RENDA VARIÁVEL LTDA.,MONGERAL AEGON RENDA VARIÁVEL LTDA.,RIO DE JANEIRO,RJ,PRIVADO,2021-03-25,https://maginvestimentos.com.br/,MONGERAL AEGON RENDA VARIÁVEL LTDA.,F5 · abaixo de 100 mi,0.000585299397333568
44797193000129,5,77590614.53,B2V CRYPTO GESTORA DE RECURSOS LTDA.,44797193000129,B2V CRYPTO GESTORA DE RECURSOS LTDA.,B2V CRYPTO,SÃO PAULO,SP,PRIVADO,2022-08-02,www.b2vcrypto.com.br,B2V CRYPTO,F5 · abaixo de 100 mi,0.0005848437985024604
57314596000111,5,77322366.0,MAINU INVESTIMENTOS LTDA.,57314596000111,MAINU INVESTIMENTOS LTDA.,-----,SÃO PAULO,SP,PRIVADO,2025-01-03,www.mainucapital.com,MAINU INVESTIMENTOS LTDA.,F5 · abaixo de 100 mi,0.0005828218595066397
55610401000155,5,76805805.98,HINOV CAPITAL GESTÃO DE RECURSOS LTDA.,55610401000155,HINOV CAPITAL GESTÃO DE RECURSOS LTDA.,HINOVC,BELO HORIZONTE,MG,PRIVADO,2025-01-17,www.hinovc.com,HINOVC,F5 · abaixo de 100 mi,0.0005789282581209398
04608141000142,4,76602743.14,SFI INVESTIMENTOS LTDA,04608141000142,SFI INVESTIMENTOS LTDA,SFI INVESTIMENTOS LTDA,RIO DE JANEIRO,RJ,PRIVADO,2011-02-18,www.sfiinvestimentos.com.br,SFI INVESTIMENTOS LTDA,F5 · abaixo de 100 mi,0.0005773976600788999
47766912000132,4,76109015.85,BRM ASSET GESTÃO DE RECURSOS LTDA,47766912000132,BRM ASSET GESTÃO DE RECURSOS LTDA,BRM GESTÃO DE RECURSOS,BRASÍLIA,DF,PRIVADO,2023-07-05,https://www.brmasset.com.br/,BRM GESTÃO DE RECURSOS,F5 · abaixo de 100 mi,0.0005736761617320052
45537532000109,4,75022806.36,H2 ASSET MANAGEMENT LTDA,45537532000109,H2 ASSET MANAGEMENT LTDA,H2 ASSET MANAGEMENT LTDA.,SÃO PAULO,SP,PRIVADO,2022-06-02,www.h2-asset.com.br,H2 ASSET MANAGEMENT LTDA.,F5 · abaixo de 100 mi,0.0005654887941238341
28230876000143,7,72898741.5,SÃO PEDRO CAPITAL INVESTIMENTOS S.A.,28230876000143,SÃO PEDRO CAPITAL INVESTIMENTOS S.A.,-----,SÃO PAULO,SP,PRIVADO,2018-04-10,www.saopedro.capital,SÃO PEDRO CAPITAL INVESTIMENTOS S.A.,F5 · abaixo de 100 mi,0.0005494785309172231
22006806000120,3,72882494.6,ESH CAPITAL INVESTIMENTOS LTDA,22006806000120,ESH CAPITAL INVESTIMENTOS LTDA,ESH CAPITAL,SÃO PAULO,SP,PRIVADO,2015-08-24,www.eshcapital.com.br,ESH CAPITAL,F5 · abaixo de 100 mi,0.0005493560689575202
08096466000144,1,72630860.89,ANTERA GESTÃO DE RECURSOS LTDA,08096466000144,ANTERA GESTÃO DE RECURSOS LTDA,ANTERA GESTÃO DE RECURSOS LTDA,RIO DE JANEIRO,RJ,PRIVADO,2006-07-26,www.anteragr.com.br,ANTERA GESTÃO DE RECURSOS LTDA,F5 · abaixo de 100 mi,0.0005474593651399372
00424749000166,9,71991252.97,AAM GESTORA DE RECURSOS DE TERCEIROS LTDA.,00424749000166,AAM GESTORA DE RECURSOS DE TERCEIROS LTDA.,AJAX ASSET MANAGEMENT,SÃO PAULO,SP,PRIVADO,2003-02-03,www.ajaxcapital.com.br,AJAX ASSET MANAGEMENT,F5 · abaixo de 100 mi,0.0005426382830058291
23398913000103,1,71430427.78,FARIA LIMA CAPITAL LTDA.,23398913000103,FARIA LIMA CAPITAL LTDA.,FARIA LIMA CAPITAL,SÃO PAULO,SP,PRIVADO,2015-12-28,www.farialimacapital.com.br,FARIA LIMA CAPITAL,F5 · abaixo de 100 mi,0.0005384110303103545
22084858000114,3,71004519.85,GATEINVEST GESTÃO DE RECURSOS LTDA.,22084858000114,GATEINVEST GESTÃO DE RECURSOS LTDA.,GATEINVEST,SÃO PAULO,SP,PRIVADO,2015-06-02,www.gateinvest.com.br,GATEINVEST,F5 · abaixo de 100 mi,0.000535200724359018
14101538000105,8,69442301.33,RJ GESTÃO DE RECURSOS LTDA,14101538000105,RJ GESTÃO DE RECURSOS LTDA,RJ + ASSET,RIO DE JANEIRO,RJ,PRIVADO,2012-04-26,www.rjasset.com.br,RJ + ASSET,F5 · abaixo de 100 mi,0.0005234254108257757
07922200000140,2,69392599.08,SOUTHTREE CAPITAL LTDA,07922200000140,SOUTHTREE CAPITAL LTDA,SOUTHTREE CAPITAL LTDA,SÃO PAULO,SP,PRIVADO,2007-03-16,https://southtreecapital.com.br/,SOUTHTREE CAPITAL LTDA,F5 · abaixo de 100 mi,0.0005230507772072615
47949396000181,3,68678911.35,ETRNTY CAPITAL GESTORA DE RECURSOS LTDA,47949396000181,ETRNTY CAPITAL GESTORA DE RECURSOS LTDA,ETRNTY CAPITAL GESTORA DE RECURSOS LTDA,SÃO PAULO,SP,PRIVADO,2022-12-08,https://www.etrnty.com.br/,ETRNTY CAPITAL GESTORA DE RECURSOS LTDA,F5 · abaixo de 100 mi,0.0005176713141692877
16707841000173,20,68648230.95,ALARIS GESTÃO DE RECURSOS LTDA.,16707841000173,ALARIS GESTÃO DE RECURSOS LTDA.,ALARIS GESTÃO DE RECURSOS LTDA.,SÃO PAULO,SP,PRIVADO,2016-11-14,www.tyrgestao.com.br,ALARIS GESTÃO DE RECURSOS LTDA.,F5 · abaixo de 100 mi,0.000517440058858523
16975442000193,4,67933995.61,GREENWICH GESTÃO DE RECURSOS LTDA,16975442000193,GREENWICH GESTÃO DE RECURSOS LTDA,GREENWICH INVESTIMENTOS,CURITIBA,PR,PRIVADO,2013-01-17,www.grwi.com.br,GREENWICH INVESTIMENTOS,F5 · abaixo de 100 mi,0.0005120564681781219
49475869000181,10,67742256.83,ALTERA CAPITAL GESTORA E CONSULTORIA DE INVESTIMENTOS LTDA,49475869000181,ALTERA CAPITAL GESTORA E CONSULTORIA DE INVESTIMENTOS LTDA,ALTERA CAPITAL,SÃO PAULO,SP,PRIVADO,2024-09-04,www.alteracapital.com.br,ALTERA CAPITAL,F5 · abaixo de 100 mi,0.0005106112259011443
48712542000113,1,67682335.79,TERRA ASSET VENTURES GESTÃO DE RECURSOS LTDA.,48712542000113,TERRA ASSET VENTURES GESTÃO DE RECURSOS LTDA.,TERRA ASSET VENTURES,SÃO PAULO,SP,PRIVADO,2023-03-17,www.terraasset.com.br,TERRA ASSET VENTURES,F5 · abaixo de 100 mi,0.0005101595675548856
53069721000114,1,67055635.36,KX Ventures Ltda.,53069721000114,KX Ventures Ltda.,KX Ventures,SÃO PAULO,SP,PRIVADO,2025-07-21,https://kx.ventures/,KX Ventures,F5 · abaixo de 100 mi,0.000505435776382145
25187201000170,3,67023441.43,AWARE GESTÃO DE RECURSOS LTDA.,25187201000170,AWARE GESTÃO DE RECURSOS LTDA.,AWARE GESTÃO DE RECURSOS LTDA.,RIO DE JANEIRO,RJ,PRIVADO,2016-12-05,www.awaregestao.com,AWARE GESTÃO DE RECURSOS LTDA.,F5 · abaixo de 100 mi,0.0005051931127504162
21839257000101,2,66494549.67,SOLE CAPITAL LTDA.,21839257000101,SOLE CAPITAL LTDA.,SOLE CAPITAL,SÃO PAULO,SP,PRIVADO,2020-01-24,www.solecapital.com.br,SOLE CAPITAL,F5 · abaixo de 100 mi,0.0005012065601526732
53899218000196,3,65828998.260000005,ARAR CAPITAL LTDA.,53899218000196,ARAR CAPITAL LTDA.,ARAR CAPITAL,SÃO PAULO,SP,PRIVADO,2024-08-21,ararcapital.com,ARAR CAPITAL,F5 · abaixo de 100 mi,0.0004961899274441828
47969382000120,3,65713645.36,FIRST WHO CAPITAL ASSET MANAGEMENT LTDA.,47969382000120,FIRST WHO CAPITAL ASSET MANAGEMENT LTDA.,-----,SÃO PAULO,SP,PRIVADO,2023-03-22,www.fwcapital.com.br,FIRST WHO CAPITAL ASSET MANAGEMENT LTDA.,F5 · abaixo de 100 mi,0.000495320448208673
36012644000147,4,65643395.26,CAPSUR CAPITAL GESTÃO DE RECURSOS LTDA.,36012644000147,CAPSUR CAPITAL GESTÃO DE RECURSOS LTDA.,-----,SÃO PAULO,SP,PRIVADO,2020-10-08,www.capsurcapital.com,CAPSUR CAPITAL GESTÃO DE RECURSOS LTDA.,F5 · abaixo de 100 mi,0.0004947909339680906
22191383000165,1,65373370.89,WITPAR GESTORA DE RECURSOS LTDA.,22191383000165,WITPAR GESTORA DE RECURSOS LTDA.,-----,SÃO PAULO,SP,PRIVADO,2015-07-07,witpar.com,WITPAR GESTORA DE RECURSOS LTDA.,F5 · abaixo de 100 mi,0.0004927556094743276
42524344000140,6,64939842.230000004,NOVUS CREDITO GESTAO DE RECURSOS LTDA,42524344000140,NOVUS CREDITO GESTAO DE RECURSOS LTDA,NOVUS CREDITO GESTAO,FORTALEZA,CE,PRIVADO,2021-12-03,www.novuscapital.com.br,NOVUS CREDITO GESTAO,F5 · abaixo de 100 mi,0.0004894878618245646
10840069000187,1,64763549.33,IF ASSET GESTÃO DE RECURSOS LTDA.,10840069000187,IF ASSET GESTÃO DE RECURSOS LTDA.,IF ASSET GESTÃO DE RECURSOS LTDA.,CURITIBA,PR,PRIVADO,2010-01-15,ifasset.com.br,IF ASSET GESTÃO DE RECURSOS LTDA.,F5 · abaixo de 100 mi,0.00048815904377215495
07806377000181,1,64634620.99,VECTOR ADMINISTRAÇÃO DE RECURSOS FINANCEIROS LTDA,07806377000181,VECTOR ADMINISTRAÇÃO DE RECURSOS FINANCEIROS LTDA,VECTOR ADMINISTRAÇÃO DE RECURSOS FINANCEIROS LTDA,SÃO PAULO,SP,PRIVADO,2006-03-24,www.vectorinvest.com.br,VECTOR ADMINISTRAÇÃO DE RECURSOS FINANCEIROS LTDA,F5 · abaixo de 100 mi,0.00048718723886305654
42455783000148,4,63700494.77,NERO CAPITAL GESTÃO DE RECURSOS LTDA.,42455783000148,NERO CAPITAL GESTÃO DE RECURSOS LTDA.,NERO CAPITAL,SÃO PAULO,SP,PRIVADO,2021-10-04,www.nerocapital.com.br,NERO CAPITAL,F5 · abaixo de 100 mi,0.00048014620780414784
13641353000112,9,62632484.62,3R GESTORA DE RECURSOS LTDA,13641353000112,3R GESTORA DE RECURSOS LTDA,--,SÃO PAULO,SP,PRIVADO,2011-07-25,www.3r-invest.com.br,3R GESTORA DE RECURSOS LTDA,F5 · abaixo de 100 mi,0.00047209601878645837
31410054000159,3,62570453.089999996,JATAI GESTÃO DE RECURSOS DE TERCEIROS LTDA.,31410054000159,JATAI GESTÃO DE RECURSOS DE TERCEIROS LTDA.,JATAI GESTÃO PATRIMONIAL E INVESTIMENTOS,RIO DE JANEIRO,RJ,PRIVADO,2021-01-20,www.jatai-investimentos.com,JATAI GESTÃO PATRIMONIAL E INVESTIMENTOS,F5 · abaixo de 100 mi,0.00047162845249829483
40633726000186,2,62412580.8,NEWFOUNDLAND IRON GESTORA DE RECURSOS LTDA.,40633726000186,NEWFOUNDLAND IRON GESTORA DE RECURSOS LTDA.,-----,SÃO PAULO,SP,PRIVADO,2022-09-21,www.newfcap.com,NEWFOUNDLAND IRON GESTORA DE RECURSOS LTDA.,F5 · abaixo de 100 mi,0.00047043848087194323
09015597000112,5,62190510.54,SPE CONFRAPAR ADMINISTRAÇÃO E GESTÃO DE RECURSOS S.A.,09015597000112,SPE CONFRAPAR ADMINISTRAÇÃO E GESTÃO DE RECURSOS S.A.,--,SÃO PAULO,SP,PRIVADO,2008-05-19,https://confrapar.com.br/,SPE CONFRAPAR ADMINISTRAÇÃO E GESTÃO DE RECURSOS S.A.,F5 · abaixo de 100 mi,0.0004687646132891235
62051574000146,3,62175435.09,Theras Capital Gestão de Investimentos Ltda.,62051574000146,Theras Capital Gestão de Investimentos Ltda.,Theras Capital,SÃO PAULO,SP,PRIVADO,2026-03-17,www.therascapital.com.br,Theras Capital,F5 · abaixo de 100 mi,0.00046865098120236223
07473666000106,1,61728772.7,M SQUARE INVESTIMENTOS LTDA,07473666000106,M SQUARE INVESTIMENTOS LTDA,--,SÃO PAULO,SP,PRIVADO,2007-07-31,www.msquare.com.br,M SQUARE INVESTIMENTOS LTDA,F5 · abaixo de 100 mi,0.00046528423729398936
06238550000120,8,61710138.39,MONETIZA INVESTIMENTOS LTDA.,06238550000120,MONETIZA INVESTIMENTOS LTDA.,MONETIZA INVESTIMENTOS,CURITIBA,PR,PRIVADO,2008-02-15,www.monetiza.com.br,MONETIZA INVESTIMENTOS,F5 · abaixo de 100 mi,0.0004651437800916732
40113816000146,1,60819910.08,KAPITALO NEXO GESTÃO DE RECURSOS LTDA.,40113816000146,KAPITALO NEXO GESTÃO DE RECURSOS LTDA.,KAPITALO NEXO,SÃO PAULO,SP,PRIVADO,2021-06-10,www.kapitalo.com.br,KAPITALO NEXO,F5 · abaixo de 100 mi,0.00045843363209879296
07637212000123,3,60378885.14,PLATINUM CAPITAL GESTÃO DE RECURSOS LTDA.,07637212000123,PLATINUM CAPITAL GESTÃO DE RECURSOS LTDA.,PLATINUM CAPITAL,NOVA LIMA,MG,PRIVADO,2008-11-21,www.platinumcapital.com.br,PLATINUM CAPITAL,F5 · abaixo de 100 mi,0.00045510938079976253
34118647000134,2,59875342.6,SUPERMARINE ADMINISTRAÇÃO DE CARTEIRAS DE VALORES MOBILIÁRIOS LTDA.,34118647000134,SUPERMARINE ADMINISTRAÇÃO DE CARTEIRAS DE VALORES MOBILIÁRIOS LTDA.,SUPERMARINE INVESTIMENTOS,FLORIANÓPOLIS,SC,PRIVADO,2020-08-11,www.spminvestimentos.com.br,SUPERMARINE INVESTIMENTOS,F5 · abaixo de 100 mi,0.00045131389943149327
24033033000104,3,59453383.53,VECTIS CAPITAL SOLUTIONS LTDA.,24033033000104,VECTIS CAPITAL SOLUTIONS LTDA.,VECTIS CAPITAL SOLUTIONS LTDA.,SÃO PAULO,SP,PRIVADO,2024-12-23,https://vectiscs.com.br/,VECTIS CAPITAL SOLUTIONS LTDA.,F5 · abaixo de 100 mi,0.0004481333582435388
21023532000114,7,58790261.32,AVANTGARDE ASSET MANAGEMENT GESTAO DE RECURSOS LTDA,21023532000114,AVANTGARDE ASSET MANAGEMENT GESTAO DE RECURSOS LTDA,AVANTGARDE ASSET MANAGEMENT GESTAO DE RECURSOS LTDA,SÃO PAULO,SP,PRIVADO,2014-12-02,www.avantgardeam.com.br,AVANTGARDE ASSET MANAGEMENT GESTAO DE RECURSOS LTDA,F5 · abaixo de 100 mi,0.0004431350357722327
03215562000140,3,58465295.91,DYNAMO V. C . ADMINISTRADORA DE RECURSOS LTDA,03215562000140,DYNAMO V. C . ADMINISTRADORA DE RECURSOS LTDA,DYNAMO V.C. ADMINISTRAÇÃO DE RECURSOS LTDA,RIO DE JANEIRO,RJ,PRIVADO,1999-09-02,www.dynamo.com.br,DYNAMO V.C. ADMINISTRAÇÃO DE RECURSOS LTDA,F5 · abaixo de 100 mi,0.000440685589973697
42467304000103,3,58424261.64,SHORE CAPITAL GESTAO DE RECURSOS LTDA,42467304000103,SHORE CAPITAL GESTAO DE RECURSOS LTDA,-----,SÃO PAULO,SP,PRIVADO,2022-08-03,www.shorecapital.com.br,SHORE CAPITAL GESTAO DE RECURSOS LTDA,F5 · abaixo de 100 mi,0.00044037629176178127
46364480000170,3,57732906.65,MURALHA CAPITAL ASSET MANAGEMENT LTDA,46364480000170,MURALHA CAPITAL ASSET MANAGEMENT LTDA,MURALHA CAPITAL,CURITIBA,PR,PRIVADO,2022-09-21,www.muralhacapital.com,MURALHA CAPITAL,F5 · abaixo de 100 mi,0.00043516516305872277
18606232000153,2,57152047.89,REAG ASSET MANAGEMENT S.A.,18606232000153,REAG ASSET MANAGEMENT S.A.,REAG ASSET MANAGEMENT LTDA.,SÃO PAULO,SP,PRIVADO,2013-10-07,www.reagasset.com.br,REAG ASSET MANAGEMENT LTDA.,F5 · abaixo de 100 mi,0.0004307869061567816
42611920000196,3,56884591.73,QUANTIQUE M3 INVESTMENTS LTDA.,42611920000196,QUANTIQUE M3 INVESTMENTS LTDA.,"QUANTIQUE MACHINE, MATH & MIND",SÃO PAULO,SP,PRIVADO,2022-08-12,www.quantm3.com,"QUANTIQUE MACHINE, MATH & MIND",F5 · abaixo de 100 mi,0.00042877093969621437
08592877000120,2,56457952.089999996,DEL MONTE - GESTÃO DE INVESTIMENTOS LTDA,08592877000120,DEL MONTE - GESTÃO DE INVESTIMENTOS LTDA,DEL MONTE GESTÃO,SÃO PAULO,SP,PRIVADO,2016-12-05,www.delmonte.com.br,DEL MONTE GESTÃO,F5 · abaixo de 100 mi,0.0004255551184379248
30214939000110,6,55542136.769999996,BRDR GESTORA DE VALORES MOBILIÁRIOS LTDA.,30214939000110,BRDR GESTORA DE VALORES MOBILIÁRIOS LTDA.,BRDR ASSET,ARACAJU,SE,PRIVADO,2019-10-24,www.brdrasset.com,BRDR ASSET,F5 · abaixo de 100 mi,0.0004186521068595276
35068183000161,3,55474789.870000005,BLUE ASSET GESTÃO DE RECURSOS LTDA.,35068183000161,BLUE ASSET GESTÃO DE RECURSOS LTDA.,BLUE ASSET,GOIÂNIA,GO,PRIVADO,2021-01-04,blueasset.com.br,BLUE ASSET,F5 · abaixo de 100 mi,0.00041814447565887336
44858582000117,3,55250285.83,NEULER CAPITAL GESTÃO DE RECURSOS LTDA,44858582000117,NEULER CAPITAL GESTÃO DE RECURSOS LTDA,NEULER CAPITAL,RIO DE JANEIRO,RJ,PRIVADO,2022-07-18,www.neulercapital.com.br,NEULER CAPITAL,F5 · abaixo de 100 mi,0.0004164522633168512
51233251000157,9,54705417.7,YVY CAPITAL ASSET MANAGEMENT LTDA.,51233251000157,YVY CAPITAL ASSET MANAGEMENT LTDA.,-----,SÃO PAULO,SP,PRIVADO,2023-10-11,www.yvy.capital,YVY CAPITAL ASSET MANAGEMENT LTDA.,F5 · abaixo de 100 mi,0.0004123452878951148
07807954000150,4,53142348.78,RIO PERFORMANCE GESTÃO DE RECURSOS LTDA,07807954000150,RIO PERFORMANCE GESTÃO DE RECURSOS LTDA,RIO GESTÃO DE RECURSOS,RIO DE JANEIRO,RJ,PRIVADO,2006-08-24,www.riogestao.com.br,RIO GESTÃO DE RECURSOS,F5 · abaixo de 100 mi,0.00040056356442209754
02228585000127,2,53072884.54,TATICA ASSET MANAGEMENT ADMINISTRACAO DE RECURSOS S/C LTDA,02228585000127,TATICA ASSET MANAGEMENT ADMINISTRACAO DE RECURSOS S/C LTDA,TATICA ASSET MANAGEMENT,SÃO PAULO,SP,,1997-12-29,www.taticasset.com.br,TATICA ASSET MANAGEMENT,F5 · abaixo de 100 mi,0.0004000399736472625
54616855000170,4,52931086.3,TORI 21 CAPITAL LTDA.,54616855000170,TORI 21 CAPITAL LTDA.,-----,SÃO PAULO,SP,PRIVADO,2024-09-12,www.toricapital.com.br,TORI 21 CAPITAL LTDA.,F5 · abaixo de 100 mi,0.0003989711611136216
34111187000112,1,52619364.85,HAITONG BANCO DE INVESTIMENTO DO BRASIL S.A.,,,,,,,,,HAITONG BANCO DE INVESTIMENTO DO BRASIL S.A.,F5 · abaixo de 100 mi,0.00039662154243877266
35502462000191,2,52330568.9,PANGEA CAPITAL GESTÃO DE RECURSOS LTDA.,35502462000191,PANGEA CAPITAL GESTÃO DE RECURSOS LTDA.,-----,RIO DE JANEIRO,RJ,PRIVADO,2021-02-12,https://pangea.com.br/,PANGEA CAPITAL GESTÃO DE RECURSOS LTDA.,F5 · abaixo de 100 mi,0.00039444472606203393
08957783000108,1,52141191.93,ALKES CAPITAL ADMINISTRAÇÃO DE CARTEIRAS LTDA.,08957783000108,ALKES CAPITAL ADMINISTRAÇÃO DE CARTEIRAS LTDA.,--,BELO HORIZONTE,MG,PRIVADO,2007-12-06,www.alkescapital.com.br,ALKES CAPITAL ADMINISTRAÇÃO DE CARTEIRAS LTDA.,F5 · abaixo de 100 mi,0.00039301728606617125
37123902000125,6,52121587.230000004,SH ASSET CAPITAL GESTÃO DE RECURSOS LTDA,37123902000125,SH ASSET CAPITAL GESTÃO DE RECURSOS LTDA,SH ASSET,MONTES CLAROS,MG,PRIVADO,2020-11-18,www.shasset.com.br,SH ASSET,F5 · abaixo de 100 mi,0.0003928695144924319
07152171000185,1,51744919.04,A5 GESTÃO DE INVESTIMENTOS LTDA,07152171000185,A5 GESTÃO DE INVESTIMENTOS LTDA,A5 CAPITAL PARTNERS,SÃO PAULO,SP,PRIVADO,2006-12-12,https://kptl.com.br,A5 CAPITAL PARTNERS,F5 · abaixo de 100 mi,0.00039003035596341324
59706327000126,1,51184726.87,FLB ASSET LTDA.,59706327000126,FLB ASSET LTDA.,FLB ASSET,GOIÂNIA,GO,PRIVADO,2025-07-28,https://flbasset.com.br/,FLB ASSET,F5 · abaixo de 100 mi,0.0003858078746932403
05875277000181,2,50978821.9,TOTH CAPITAL ASSET MANAGEMENT LTDA,05875277000181,TOTH CAPITAL ASSET MANAGEMENT LTDA,TRAVESSIA CAPITAL,SÃO PAULO,SP,PRIVADO,2005-06-03,https://www.tothcapital.com.br/,TRAVESSIA CAPITAL,F5 · abaixo de 100 mi,0.0003842558539299716
11774290000147,1,50755378.12,OASIS VENTURES LTDA.,11774290000147,OASIS VENTURES LTDA.,OASIS VENTURES,SÃO PAULO,SP,PRIVADO,2010-08-20,https://oasisventures.com.br/,OASIS VENTURES,F5 · abaixo de 100 mi,0.00038257163335975793
48638617000163,18,50002272.05,NETZ ASSET GESTÃO DE RECURSOS LTDA,48638617000163,NETZ ASSET GESTÃO DE RECURSOS LTDA,NETZ ASSET GESTÃO DE RECURSOS LTDA,SÃO PAULO,SP,PRIVADO,2023-06-26,www.netzasset.com.br,NETZ ASSET GESTÃO DE RECURSOS LTDA,F5 · abaixo de 100 mi,0.000376895052276826
26203121000124,2,49750769.400000006,WMR CAPITAL GESTORA DE RECURSOS LTDA.,26203121000124,WMR CAPITAL GESTORA DE RECURSOS LTDA.,-----,SÃO PAULO,SP,PRIVADO,2018-08-06,www.wmrcapital.com.br,WMR CAPITAL GESTORA DE RECURSOS LTDA.,F5 · abaixo de 100 mi,0.00037499933633166417
21409171000149,3,49537478.47,HORIZONTE CAPITAL GESTÃO DE INVESTIMENTOS LTDA.,21409171000149,HORIZONTE CAPITAL GESTÃO DE INVESTIMENTOS LTDA.,HORIZONTE CAPITAL GESTÃO DE INVESTIMENTOS LTDA.,SÃO PAULO,SP,PRIVADO,2015-11-10,www.horizonteinvestimentos.com,HORIZONTE CAPITAL GESTÃO DE INVESTIMENTOS LTDA.,F5 · abaixo de 100 mi,0.0003733916434625853
38057109000138,2,48977338.45,SARPEN QUANT INVESTMENT LTDA.,38057109000138,SARPEN QUANT INVESTMENT LTDA.,-----,SÃO PAULO,SP,PRIVADO,2023-02-06,https://www.sarpen.com.br,SARPEN QUANT INVESTMENT LTDA.,F5 · abaixo de 100 mi,0.00036916955527608973
10354190000107,3,48875485.57,ALAMOS ADMINISTRADORA DE RECURSOS LTDA,10354190000107,ALAMOS ADMINISTRADORA DE RECURSOS LTDA,--,RIO DE JANEIRO,RJ,PRIVADO,2012-11-16,www.alamosgestao.com.br,ALAMOS ADMINISTRADORA DE RECURSOS LTDA,F5 · abaixo de 100 mi,0.0003684018332315042
57065258000193,2,48408151.02,PRISMA PREVIDÊNCIA LTDA.,57065258000193,PRISMA PREVIDÊNCIA LTDA.,-----,SÃO PAULO,SP,PRIVADO,2024-12-10,www.prismacapital.com,PRISMA PREVIDÊNCIA LTDA.,F5 · abaixo de 100 mi,0.0003648792717071621
45432251000183,7,48292827.879999995,SOW CAPITAL GESTAO DE INVESTIMENTOS LTDA.,45432251000183,SOW CAPITAL GESTAO DE INVESTIMENTOS LTDA.,SOW CAPITAL,RIO DE JANEIRO,RJ,PRIVADO,2022-06-02,www.sow.capital,SOW CAPITAL,F5 · abaixo de 100 mi,0.0003640100167893943
45954172000132,1,48073222.13,HOSSEGOR GESTÃO DE RECURSOS LTDA.,45954172000132,HOSSEGOR GESTÃO DE RECURSOS LTDA.,HOSSEGOR CAPITAL,SÃO PAULO,SP,PRIVADO,2022-12-02,www.hossegorcapital.com.br,HOSSEGOR CAPITAL,F5 · abaixo de 100 mi,0.0003623547255949506
46974410000134,5,47654663.019999996,CPV CAPITAL GESTÃO DE RECURSOS LTDA.,46974410000134,CPV CAPITAL GESTÃO DE RECURSOS LTDA.,CPV ASSET,SÃO PAULO,SP,PRIVADO,2022-11-07,https://cpvasset.com,CPV ASSET,F5 · abaixo de 100 mi,0.00035919981180450035
37022825000117,4,47432253.15,ETERNIA GESTORA DE RECURSOS LTDA.,37022825000117,ETERNIA GESTORA DE RECURSOS LTDA.,-----,SÃO PAULO,SP,PRIVADO,2021-01-14,www.eterniainvest.com.br,ETERNIA GESTORA DE RECURSOS LTDA.,F5 · abaixo de 100 mi,0.00035752338439142776
51381462000137,12,46252107.97,ITAÚNA CAPITAL LTDA.,51381462000137,ITAÚNA CAPITAL LTDA.,ITAUNA CAPITAL,RIO DE JANEIRO,RJ,PRIVADO,2023-11-20,www.itaunacapital.com.br,ITAUNA CAPITAL,F5 · abaixo de 100 mi,0.00034862797102169985
51004498000100,4,46096826.65,RETA ASSET LTDA.,51004498000100,RETA ASSET LTDA.,RETA ASSET LTDA.,PORTO ALEGRE,RS,PRIVADO,2023-12-11,www.retaasset.com,RETA ASSET LTDA.,F5 · abaixo de 100 mi,0.0003474575289833762
44206305000120,1,45054099.31,AHEAD VENTURES GESTAO DE RECURSOS E CONSULTORIA LTDA.,44206305000120,AHEAD VENTURES GESTAO DE RECURSOS E CONSULTORIA LTDA.,AHEAD VENTURES,SÃO PAULO,SP,PRIVADO,2022-03-18,www.aheadventures.com.br,AHEAD VENTURES,F5 · abaixo de 100 mi,0.0003395979106258985
43125493000107,4,44289393.58,KIJANI GESTORA DE RECURSOS LTDA.,43125493000107,KIJANI GESTORA DE RECURSOS LTDA.,-----,SÃO PAULO,SP,PRIVADO,2021-12-03,www.kijani.com.br,KIJANI GESTORA DE RECURSOS LTDA.,F5 · abaixo de 100 mi,0.00033383389642677294
07634378000196,2,44155476.94,BIGUÁ CAPITAL GESTÃO DE RECURSOS LTDA,07634378000196,BIGUÁ CAPITAL GESTÃO DE RECURSOS LTDA,BIGUÁ CAPITAL,RIO DE JANEIRO,RJ,PRIVADO,2006-02-03,www.biguacapital.com.br,BIGUÁ CAPITAL,F5 · abaixo de 100 mi,0.00033282449191445265
30791155000154,1,42072682.87,TORDESILHAS CAPITAL GESTORA DE RECURSOS LTDA.,30791155000154,TORDESILHAS CAPITAL GESTORA DE RECURSOS LTDA.,-----,SÃO PAULO,SP,PRIVADO,2018-07-27,www.tordecap.com,TORDESILHAS CAPITAL GESTORA DE RECURSOS LTDA.,F5 · abaixo de 100 mi,0.0003171253097031012
36976638000100,3,41689799.559999995,ALPHABOT INVESTIMENTOS S.A.,36976638000100,ALPHABOT INVESTIMENTOS S.A.,ALPHABOT,BELO HORIZONTE,MG,PRIVADO,2024-06-12,www.alphabot.com.br,ALPHABOT,F5 · abaixo de 100 mi,0.0003142393043433033
48701625000107,5,41519100.52,PIER GESTÃO DE RECURSOS FINANCEIROS LTDA.,48701625000107,PIER GESTÃO DE RECURSOS FINANCEIROS LTDA.,PIER GESTÃO DE RECURSOS FINANCEIROS LTDA.,SÃO PAULO,SP,PRIVADO,2023-05-30,www.piergestora.com.br,PIER GESTÃO DE RECURSOS FINANCEIROS LTDA.,F5 · abaixo de 100 mi,0.0003129526503380599
37519405000140,3,41210115.2,AURO CAPITAL LTDA,37519405000140,AURO CAPITAL LTDA,AURO CAPITAL,SÃO PAULO,SP,PRIVADO,2021-01-04,www.aurocapital.com.br,AURO CAPITAL,F5 · abaixo de 100 mi,0.0003106236554032353
19999568000196,5,40813435.61,BLACK SWAN GESTÃO DE INVESTIMENTOS LTDA.,19999568000196,BLACK SWAN GESTÃO DE INVESTIMENTOS LTDA.,BLACK SWAN INVESTIMENTOS,SÃO PAULO,SP,PRIVADO,2015-01-30,www.bswan.com.br,BLACK SWAN INVESTIMENTOS,F5 · abaixo de 100 mi,0.0003076336597754226
10757089000199,3,40798533.019999996,BLUE STAR E ASSET MANAGEMENT LTDA,10757089000199,BLUE STAR E ASSET MANAGEMENT LTDA,--,SÃO PAULO,SP,PRIVADO,2011-04-25,www.bluestarinvest.com.br,BLUE STAR E ASSET MANAGEMENT LTDA,F5 · abaixo de 100 mi,0.000307521330631029
42283770000139,3,40505193.26,ICATU SEGUROS S/A,,,,,,,,,ICATU SEGUROS S/A,F5 · abaixo de 100 mi,0.00030531026502046005
11819899000195,2,40309445.54,BR OPPORTUNITIES GESTORA DE FUNDOS LTDA,11819899000195,BR OPPORTUNITIES GESTORA DE FUNDOS LTDA,X8 INVESTIMENTOS,SANTANA DE PARNAÍBA,SP,PRIVADO,2011-03-17,https://x8invest.ventures/,X8 INVESTIMENTOS,F5 · abaixo de 100 mi,0.0003038348051235838
33805882000111,3,39831062.24,BRASIL GLOBAL PARTNERS LTDA.,33805882000111,BRASIL GLOBAL PARTNERS LTDA.,BRASIL GLOBAL PARTNERS,SÃO PAULO,SP,PRIVADO,2021-09-28,www.brasilglobalpartners.com.br,BRASIL GLOBAL PARTNERS,F5 · abaixo de 100 mi,0.0003002289629994186
52508052000177,8,39561998.2,MOSAICO GESTORA DE RECURSOS LTDA.,52508052000177,MOSAICO GESTORA DE RECURSOS LTDA.,MOSAICO,SÃO PAULO,SP,PRIVADO,2024-03-13,www.mosaicogestora.com.br,MOSAICO,F5 · abaixo de 100 mi,0.00029820087704923997
16907964000158,1,38887114.73,PORTCAPITAL GESTORA E CONSULTORIA DE RECURSOS LTDA,16907964000158,PORTCAPITAL GESTORA E CONSULTORIA DE RECURSOS LTDA,---,SÃO PAULO,SP,PRIVADO,2013-01-17,www.portcapital.com.br,PORTCAPITAL GESTORA E CONSULTORIA DE RECURSOS LTDA,F5 · abaixo de 100 mi,0.0002931139033922815
19061243000168,5,38757475.370000005,MAZA INVESTIMENTOS E CORRETORA DE SEGUROS LTDA.,19061243000168,MAZA INVESTIMENTOS E CORRETORA DE SEGUROS LTDA.,MAZA INVESTIMENTOS,BRASÍLIA,DF,PRIVADO,2019-11-04,www.mazainvest.com.br,MAZA INVESTIMENTOS,F5 · abaixo de 100 mi,0.00029213673912831625
43755691000146,3,38365018.84,ARANDU PORTFOLIO SOLUTIONS LTDA,43755691000146,ARANDU PORTFOLIO SOLUTIONS LTDA,ARANDU PORTFOLIO SOLUTIONS LTDA,SÃO PAULO,SP,PRIVADO,2022-12-05,www.aranduinvestimentos.com.br,ARANDU PORTFOLIO SOLUTIONS LTDA,F5 · abaixo de 100 mi,0.0002891785750624349
08957792000107,2,38180840.61,NEXTEP INVESTIMENTOS LTDA.,08957792000107,NEXTEP INVESTIMENTOS LTDA.,NEXTEP INVESTIMENTOS,RIO DE JANEIRO,RJ,PRIVADO,2007-12-06,https://www.nextepinvestimentos.com.br/,NEXTEP INVESTIMENTOS,F5 · abaixo de 100 mi,0.00028779032087361143
08195535000177,5,36201845.81,AGG INVESTIMENTOS LTDA.,08195535000177,AGG INVESTIMENTOS LTDA.,--,SÃO PAULO,SP,PRIVADO,2008-05-29,www.aggrega.com.br,AGG INVESTIMENTOS LTDA.,F5 · abaixo de 100 mi,0.0002728735317353953
40701503000109,13,35894195.17,PRINZ GESTORA DE RECURSOS LTDA.,40701503000109,PRINZ GESTORA DE RECURSOS LTDA.,PRINZ CAPITAL,CURITIBA,PR,PRIVADO,2021-08-25,www.prinzcapital.com.br,PRINZ CAPITAL,F5 · abaixo de 100 mi,0.00027055459702919133
00954288000133,2,35869708.57,FUNDO GARANTIDOR DE CRÉDITO - FGG,,,,,,,,,FUNDO GARANTIDOR DE CRÉDITO - FGG,F5 · abaixo de 100 mi,0.00027037002784845783
33202473000120,11,35574230.59,POSITIVA INVESTIMENTOS LTDA,33202473000120,POSITIVA INVESTIMENTOS LTDA,-,SÃO PAULO,SP,PRIVADO,2019-11-04,www.positivainvestimentos.com.br,POSITIVA INVESTIMENTOS LTDA,F5 · abaixo de 100 mi,0.00026814284527948597
47631666000101,3,34868080.08,MOAT CAPITAL INVESTIMENTOS GESTORA DE RECURSOS LTDA.,47631666000101,MOAT CAPITAL INVESTIMENTOS GESTORA DE RECURSOS LTDA.,-----,SÃO PAULO,SP,PRIVADO,2022-11-29,www.moat.com.br,MOAT CAPITAL INVESTIMENTOS GESTORA DE RECURSOS LTDA.,F5 · abaixo de 100 mi,0.0002628201944784258
42085996000125,1,34499007.15,E3 CAPITAL PARTNERS GESTÃO DE INVESTIMENTOS LTDA.,42085996000125,E3 CAPITAL PARTNERS GESTÃO DE INVESTIMENTOS LTDA.,E3 CAPITAL PARTNERS,CURITIBA,PR,PRIVADO,2022-07-11,www.e3capital.com.br,E3 CAPITAL PARTNERS,F5 · abaixo de 100 mi,0.00026003828566621793
48529137000164,1,34326713.29,PROSPEX GESTÃO DE RECURSOS LTDA.,48529137000164,PROSPEX GESTÃO DE RECURSOS LTDA.,PROSPEX,SÃO PAULO,SP,PRIVADO,2023-03-06,www.prospexcapital.com.br,PROSPEX,F5 · abaixo de 100 mi,0.00025873961061187754
11162455000120,1,34313138.4,SHARPEN CAPITAL ADMINISTRADORA DE RECURSOS LTDA.,11162455000120,SHARPEN CAPITAL ADMINISTRADORA DE RECURSOS LTDA.,--,SÃO PAULO,SP,PRIVADO,2015-12-21,www.sharpencapital.com,SHARPEN CAPITAL ADMINISTRADORA DE RECURSOS LTDA.,F5 · abaixo de 100 mi,0.00025863728908394606
21052737000128,1,34247289.61,GAUSS CAPITAL GESTORA DE RECURSOS LTDA,21052737000128,GAUSS CAPITAL GESTORA DE RECURSOS LTDA,GAUSS CAPITAL GESTORA DE RECURSOS LTDA,SÃO PAULO,SP,PRIVADO,2014-10-24,www.gausscapital.com.br,GAUSS CAPITAL GESTORA DE RECURSOS LTDA,F5 · abaixo de 100 mi,0.0002581409499751032
09544103000197,3,33763503.239999995,INVESTIMAGE ADMINISTRADORA DE RECURSOS LTDA.,09544103000197,INVESTIMAGE ADMINISTRADORA DE RECURSOS LTDA.,--,RIO DE JANEIRO,RJ,PRIVADO,2008-08-21,http://www.investimage.com.br,INVESTIMAGE ADMINISTRADORA DE RECURSOS LTDA.,F5 · abaixo de 100 mi,0.000254494381894564
41940952000172,6,33717240.83,XVI CAPITAL LTDA.,41940952000172,XVI CAPITAL LTDA.,XVI CAPITAL,RIBEIRÃO PRETO,SP,PRIVADO,2021-10-29,www.xvicapital.com.br,XVI CAPITAL,F5 · abaixo de 100 mi,0.00025414567627138823
28643208000148,3,33716868.21,MAJORA CAPITAL GESTÃO DE RECURSOS,28643208000148,MAJORA CAPITAL GESTÃO DE RECURSOS,MAJORA CAPITAL,NITERÓI,RJ,PRIVADO,2018-06-20,www.majora.capital,MAJORA CAPITAL,F5 · abaixo de 100 mi,0.00025414286762632827
17717522000101,6,33326792.68,MOKA GESTORA DE RECURSOS DE TERCEIROS LTDA.,17717522000101,MOKA GESTORA DE RECURSOS DE TERCEIROS LTDA.,MOKA GESTORA,SÃO PAULO,SP,PRIVADO,2013-05-24,www.mokagestora.com.br,MOKA GESTORA,F5 · abaixo de 100 mi,0.0002512026504873101
53956035000165,13,33202424.869999997,ICON CAPITAL LTDA.,53956035000165,ICON CAPITAL LTDA.,ICON CAPITAL,GOIÂNIA,GO,PRIVADO,2024-06-19,www.iconcapital.com.br,ICON CAPITAL,F5 · abaixo de 100 mi,0.00025026522084002054
08749411000196,3,33169008.28,SKOPOS INVESTIMENTOS LTDA,08749411000196,SKOPOS INVESTIMENTOS LTDA,--,SÃO PAULO,SP,PRIVADO,2007-06-27,www.skopos.com.br,SKOPOS INVESTIMENTOS LTDA,F5 · abaixo de 100 mi,0.00025001334133697783
39720860000135,7,32387494.75,GCB CAPITAL GESTÃO DE RECURSOS DE VALORES MOBILIÁRIOS LTDA.,39720860000135,GCB CAPITAL GESTÃO DE RECURSOS DE VALORES MOBILIÁRIOS LTDA.,-----,SÃO PAULO,SP,PRIVADO,2021-05-19,https://gcbcapital.com.br,GCB CAPITAL GESTÃO DE RECURSOS DE VALORES MOBILIÁRIOS LTDA.,F5 · abaixo de 100 mi,0.00024412263736156922
15437865000197,1,32090018.55,ALGARVE GESTAO DE INVESTIMENTOS LTDA,15437865000197,ALGARVE GESTAO DE INVESTIMENTOS LTDA,--,SÃO PAULO,SP,PRIVADO,2012-07-09,www.algin.com.br,ALGARVE GESTAO DE INVESTIMENTOS LTDA,F5 · abaixo de 100 mi,0.0002418803930923888
13692473000149,5,31926300.31,VGR - VERONA GESTORA DE RECURSOS LTDA,13692473000149,VGR - VERONA GESTORA DE RECURSOS LTDA,VGR - VERONA GESTORA DE RECURSOS,SÃO PAULO,SP,PRIVADO,2011-11-01,https://www.vgrcapital.com.br/,VGR - VERONA GESTORA DE RECURSOS,F5 · abaixo de 100 mi,0.00024064635727574096
28240508000186,1,31343133.98,ATMOSPHERE CAPITAL GESTAO DE RECURSOS LTDA.,28240508000186,ATMOSPHERE CAPITAL GESTAO DE RECURSOS LTDA.,ATMOSPHERE CAPITAL GESTAO DE RECURSOS LTDA.,SÃO PAULO,SP,PRIVADO,2017-12-29,www.atmospherecapital.com.br,ATMOSPHERE CAPITAL GESTAO DE RECURSOS LTDA.,F5 · abaixo de 100 mi,0.00023625070692985964
45108944000115,3,31269304.17,CATALUNYA GESTÃO DE RECURSOS LTDA.,45108944000115,CATALUNYA GESTÃO DE RECURSOS LTDA.,-----,PORTO ALEGRE,RS,PRIVADO,2022-08-19,www.catalunyacapital.com.br,CATALUNYA GESTÃO DE RECURSOS LTDA.,F5 · abaixo de 100 mi,0.00023569421041562698
55713167000191,2,30701361.47,ROCHA OPÇÕES DE INVESTIMENTOS LTDA.,55713167000191,ROCHA OPÇÕES DE INVESTIMENTOS LTDA.,ROCHA OPÇÕES DE INVESTIMENTOS,INDAIATUBA,SP,PRIVADO,2024-11-22,www.rochaopcoes.com.br,ROCHA OPÇÕES DE INVESTIMENTOS,F5 · abaixo de 100 mi,0.0002314133090719301
44450075000140,1,30111709.92,ASQ ASSET MANAGEMENT LTDA.,44450075000140,ASQ ASSET MANAGEMENT LTDA.,ASQ ASSET MANAGEMENT,SÃO PAULO,SP,PRIVADO,2022-04-01,www.asqcapital.com.br,ASQ ASSET MANAGEMENT,F5 · abaixo de 100 mi,0.00022696877600071017
09470575000142,2,29259956.64,COPACABANA GESTÃO DE RECURSOS FINANCEIROS LTDA.,09470575000142,COPACABANA GESTÃO DE RECURSOS FINANCEIROS LTDA.,--,BARUERI,SP,PRIVADO,2008-06-26,www.copacabanainvest.com.br,COPACABANA GESTÃO DE RECURSOS FINANCEIROS LTDA.,F5 · abaixo de 100 mi,0.00022054863579844993
05063437000198,2,28965820.07,GENÈVE ASSET MANAGEMENT,05063437000198,GENÈVE ASSET MANAGEMENT,GENÈVE ASSET MANAGEMENT LTDA,SÃO PAULO,SP,PRIVADO,2007-09-03,http://www.geneveasset.com.br,GENÈVE ASSET MANAGEMENT LTDA,F5 · abaixo de 100 mi,0.00021833156418586756
28541110000180,7,27835559.35,VINLAND CAPITAL MANAGEMENT II GESTORA DE RECURSOS LTDA,28541110000180,VINLAND CAPITAL MANAGEMENT II GESTORA DE RECURSOS LTDA,VINLAND CAPITAL MANAGEMENT II GESTORA DE RECURSOS LTDA,SÃO PAULO,SP,PRIVADO,2018-08-31,https://www.vinlandcap.com/,VINLAND CAPITAL MANAGEMENT II GESTORA DE RECURSOS LTDA,F5 · abaixo de 100 mi,0.00020981215785319384
20283929000182,1,27292888.58,FUNDEPAR GESTÃO E CONSULTORIA DE INVESTIMENTOS LTDA.,20283929000182,FUNDEPAR GESTÃO E CONSULTORIA DE INVESTIMENTOS LTDA.,FUNDEPAR INVESTIMENTOS,BELO HORIZONTE,MG,PRIVADO,2016-09-16,www.fundepar.com.br,FUNDEPAR INVESTIMENTOS,F5 · abaixo de 100 mi,0.0002057217451610719
97548288000175,1,27249686.8,KAETE INVESTIMENTOS LTDA,97548288000175,KAETE INVESTIMENTOS LTDA,--,SÃO PAULO,SP,PRIVADO,2011-10-26,www.kaeteinvestimentos.com.br,KAETE INVESTIMENTOS LTDA,F5 · abaixo de 100 mi,0.00020539610921566385
08364775000158,2,27174194.11,COX GESTÃO DE RECURSOS LTDA,08364775000158,COX GESTÃO DE RECURSOS LTDA,COX GESTÃO DE RECURSOS LTDA,SÃO PAULO,SP,PRIVADO,2006-11-30,www.coxcap.com.br,COX GESTÃO DE RECURSOS LTDA,F5 · abaixo de 100 mi,0.0002048270786461006
35692834000190,12,27131889.62,EVEREST CAPITAL OFFICE LTDA.,35692834000190,EVEREST CAPITAL OFFICE LTDA.,EVEREST CAPITAL OFFICE,NOVA LIMA,MG,PRIVADO,2023-10-26,www.everestcapitaloffice.com,EVEREST CAPITAL OFFICE,F5 · abaixo de 100 mi,0.00020450820607658714
21719643000160,1,27005734.14,MB ASSETS ADMINISTRAÇÃO DE VALORES MOBILIÁRIOS LTDA,21719643000160,MB ASSETS ADMINISTRAÇÃO DE VALORES MOBILIÁRIOS LTDA,MB ASSET,BARUERI,SP,PRIVADO,2015-09-25,www.mbasset.com.br,MB ASSET,F5 · abaixo de 100 mi,0.00020355730176203793
13960151000133,3,26802941.81,KRATHUS GESTORA DE ATIVOS H LTDA,13960151000133,KRATHUS GESTORA DE ATIVOS H LTDA,KRATHUS WEALTH MANAGEMENT / KRATHUS ASSET MANAGEMENT,SÃO PAULO,SP,PRIVADO,2011-11-03,www.krathus.com.br,KRATHUS WEALTH MANAGEMENT / KRATHUS ASSET MANAGEMENT,F5 · abaixo de 100 mi,0.00020202874270495625
22982196000108,1,26277331.51,GALOPPO GESTÃO DE RECURSOS LTDA,22982196000108,GALOPPO GESTÃO DE RECURSOS LTDA,GALOPPO,SÃO PAULO,SP,PRIVADO,2015-12-15,www.galoppo.com.br,GALOPPO,F5 · abaixo de 100 mi,0.00019806692430403145
37556621000166,22,25300217.41,RIZA SECURITIZAÇÃO E CARTEIRAS GESTORA DE RECURSOS LTD,37556621000166,RIZA SECURITIZAÇÃO E CARTEIRAS GESTORA DE RECURSOS LTD,RIZA SECURITIZAÇÃO E CARTEIRAS,SÃO PAULO,SP,PRIVADO,2021-04-01,https://www.rizaasset.com/home,RIZA SECURITIZAÇÃO E CARTEIRAS,F5 · abaixo de 100 mi,0.00019070186958348453
48693601000153,4,25125686.48,3 ILHAS INVESTIMENTOS - GESTÃO DE RECURSOS LTDA.,48693601000153,3 ILHAS INVESTIMENTOS - GESTÃO DE RECURSOS LTDA.,-----,RIO DE JANEIRO,RJ,PRIVADO,2023-03-23,www.tresilhasinvestimentos.com.br,3 ILHAS INVESTIMENTOS - GESTÃO DE RECURSOS LTDA.,F5 · abaixo de 100 mi,0.00018938633248308045
11502024000165,1,24703775.21,FCL CAPITAL GESTÃO DE RECURSOS DE TERCEIROS LTDA.,11502024000165,FCL CAPITAL GESTÃO DE RECURSOS DE TERCEIROS LTDA.,FCL CAPITAL,RIO DE JANEIRO,RJ,PRIVADO,2010-12-29,www.fclcapital.com,FCL CAPITAL,F5 · abaixo de 100 mi,0.00018620615159042374
45695771000189,2,24682326.52,CFG ASSET MANAGEMENT GESTORA DE RECURSOS LTDA.,45695771000189,CFG ASSET MANAGEMENT GESTORA DE RECURSOS LTDA.,CFG ASSET,SÃO PAULO,SP,PRIVADO,2024-10-07,www.corecapital.com.br,CFG ASSET,F5 · abaixo de 100 mi,0.0001860444808341282
06278663000159,1,24366895.6,OPUS CAPITAL GESTAO DE RECURSOS LTDA,06278663000159,OPUS CAPITAL GESTAO DE RECURSOS LTDA,--,RIO DE JANEIRO,RJ,PRIVADO,2007-06-11,http://www.opus.com.br/opuscapital,OPUS CAPITAL GESTAO DE RECURSOS LTDA,F5 · abaixo de 100 mi,0.00018366690181203398
12489853000118,1,24049654.46,GALLOWAY CAPITAL GESTORA DE RECURSOS LTDA.,12489853000118,GALLOWAY CAPITAL GESTORA DE RECURSOS LTDA.,GALLOWAY CAPITAL,SÃO PAULO,SP,PRIVADO,2011-02-24,www.galloway.com.br,GALLOWAY CAPITAL,F5 · abaixo de 100 mi,0.0001812756781507352
40468595000129,1,24030657.97,ULTRA-MAR CAPITAL MULTIESTRATÉGIA GESTORA DE RECURSOS LTDA.,40468595000129,ULTRA-MAR CAPITAL MULTIESTRATÉGIA GESTORA DE RECURSOS LTDA.,ULTRA-MAR CAPITAL,SÃO PAULO,SP,PRIVADO,2021-09-08,www.um.capital,ULTRA-MAR CAPITAL,F5 · abaixo de 100 mi,0.0001811324909954702
09722735000101,1,23754019.69,BLUEMETRIX GESTAO DE ATIVOS S.A.,09722735000101,BLUEMETRIX GESTAO DE ATIVOS S.A.,BLUEMETRIX ATIVOS,SÃO PAULO,SP,PRIVADO,2011-03-24,www.bluemetrix.com.br,BLUEMETRIX ATIVOS,F5 · abaixo de 100 mi,0.00017904731376796115
30554317000130,2,23405561.759999998,ENTERCAPITAL GESTÃO DE RECURSOS LTDA,30554317000130,ENTERCAPITAL GESTÃO DE RECURSOS LTDA,-----,SÃO PAULO,SP,PRIVADO,2018-11-27,entercapital.com.br,ENTERCAPITAL GESTÃO DE RECURSOS LTDA,F5 · abaixo de 100 mi,0.00017642079172487682
41302834000139,6,23339102.72,B6 GESTORA DE RECURSOS LTDA,41302834000139,B6 GESTORA DE RECURSOS LTDA,-----,SALVADOR,BA,PRIVADO,2021-08-27,www.b6capital.com.br,B6 GESTORA DE RECURSOS LTDA,F5 · abaixo de 100 mi,0.00017591985282094022
13584716000125,2,23204588.3,LITUS GESTAO DE RECURSOS LTDA,13584716000125,LITUS GESTAO DE RECURSOS LTDA,LITUS ASSET,SÃO PAULO,SP,PRIVADO,2011-06-20,www.litus.com.br,LITUS ASSET,F5 · abaixo de 100 mi,0.00017490594250688105
03553662000187,2,22828988.3,TRIVELLA INVESTIMENTOS S.A.,03553662000187,TRIVELLA INVESTIMENTOS S.A.,TRIVELLA INVESTIMENTOS S.A.,ITU,SP,PRIVADO,2005-01-14,www.trivellainvestimentos.com.br,TRIVELLA INVESTIMENTOS S.A.,F5 · abaixo de 100 mi,0.00017207483552251002
11135763000166,2,22706214.93,SMARTQUANT INVESTIMENTOS LTDA.,11135763000166,SMARTQUANT INVESTIMENTOS LTDA.,--,SÃO PAULO,SP,PRIVADO,2010-06-18,www.smartquant.com.br,SMARTQUANT INVESTIMENTOS LTDA.,F5 · abaixo de 100 mi,0.00017114942406004524
48818002000119,1,22546778.63,FUTURUM CAPITAL GESTÃO DE ATIVOS LTDA,48818002000119,FUTURUM CAPITAL GESTÃO DE ATIVOS LTDA,FUTURUM CAPITAL,SÃO PAULO,SP,PRIVADO,2023-11-10,https://www.futurum.capital/,FUTURUM CAPITAL,F5 · abaixo de 100 mi,0.00016994766361677508
47377964000117,2,21709957.78,SIMON CAPITAL GESTÃO DE RECURSOS LTDA.,47377964000117,SIMON CAPITAL GESTÃO DE RECURSOS LTDA.,SIMON CAPITAL,BRASÍLIA,DF,PRIVADO,2023-01-03,www.simoncapital.ai,SIMON CAPITAL,F5 · abaixo de 100 mi,0.00016364007747965496
39491900000114,3,21583567.41,V-CAPITAL GESTÃO DE RECURSOS E INVESTIMENTOS LTDA.,39491900000114,V-CAPITAL GESTÃO DE RECURSOS E INVESTIMENTOS LTDA.,V-CAPITAL GESTÃO DE RECURSOS E INVESTIMENTOS LTDA.,RIO DE JANEIRO,RJ,PRIVADO,2021-11-05,http://vcapitalinvest.com,V-CAPITAL GESTÃO DE RECURSOS E INVESTIMENTOS LTDA.,F5 · abaixo de 100 mi,0.00016268740266798233
41249846000147,3,21451866.09,DSK CAPITAL GESTORA DE RECURSOS E CONSULTORIA LTDA.,41249846000147,DSK CAPITAL GESTORA DE RECURSOS E CONSULTORIA LTDA.,DSK CAPITAL,SÃO PAULO,SP,PRIVADO,2021-10-21,www.dskcapital.com.br,DSK CAPITAL,F5 · abaixo de 100 mi,0.0001616946962598277
52425003000170,1,21236064.68,DOXOS GESTÃO DE RECURSOS LTDA.,52425003000170,DOXOS GESTÃO DE RECURSOS LTDA.,DOXOS CAPITAL,BRASÍLIA,DF,PRIVADO,2024-03-28,www.doxoscapital.com.br,DOXOS CAPITAL,F5 · abaixo de 100 mi,0.00016006808050080714
05196089000127,2,20390356.11,GERAL ASSET MANAGEMENT S/S LTDA,05196089000127,GERAL ASSET MANAGEMENT S/S LTDA,GERAL ASSET MANAGEMENT,PORTO ALEGRE,RS,PRIVADO,2003-04-04,www.geralasset.com.br,GERAL ASSET MANAGEMENT,F5 · abaixo de 100 mi,0.00015369350265397687
48625631000122,3,20242683.21,LEME GESTÃO DE RECURSOS LTDA.,48625631000122,LEME GESTÃO DE RECURSOS LTDA.,LEME FAMILY OFFICE,BELO HORIZONTE,MG,PRIVADO,2023-04-12,www.lemefamilyoffice.com.br,LEME FAMILY OFFICE,F5 · abaixo de 100 mi,0.00015258040952673425
40105252000108,6,20175918.34,AMARY CAPITAL GESTÃO DE RECUSRSOS LTDA.,40105252000108,AMARY CAPITAL GESTÃO DE RECUSRSOS LTDA.,AMARY CAPITAL,SÃO PAULO,SP,PRIVADO,2021-07-08,https://www.amarycapital.com.br/,AMARY CAPITAL,F5 · abaixo de 100 mi,0.000152077165411272
47046216000151,2,20061118.81,W CAPITAL MANAGEMENT GESTORA DE RECURSOS LTDA.,47046216000151,W CAPITAL MANAGEMENT GESTORA DE RECURSOS LTDA.,W CAPITAL,SÃO PAULO,SP,PRIVADO,2023-01-25,http://www.wcapitalbr.com/,W CAPITAL,F5 · abaixo de 100 mi,0.00015121185723452674
36421310000127,1,19234360.43,CLAVE GESTORA DE RECURSOS LTDA.,,,,,,,,,CLAVE GESTORA DE RECURSOS LTDA.,F5 · abaixo de 100 mi,0.0001449801175540015
44909155000110,5,18909380.54,COINEXT GESTÃO DE RECURSOS LTDA.,44909155000110,COINEXT GESTÃO DE RECURSOS LTDA.,COINEXT GESTÃO DE RECURSOS,BELO HORIZONTE,MG,PRIVADO,2023-04-20,https://asset.coinext.com.br/,COINEXT GESTÃO DE RECURSOS,F5 · abaixo de 100 mi,0.0001425305626116183
52031145000153,15,18129221.11,ITAIMSA GESTÃO DE INVESTIMENTOS LTDA.,52031145000153,ITAIMSA GESTÃO DE INVESTIMENTOS LTDA.,-----,SÃO PAULO,SP,PRIVADO,2024-03-28,https://itaimsa.com.br/,ITAIMSA GESTÃO DE INVESTIMENTOS LTDA.,F5 · abaixo de 100 mi,0.000136650065244217
00156956000187,3,17494656.650000002,FAMA RE.CAPITAL LTDA,00156956000187,FAMA RE.CAPITAL LTDA,FAMA RE.CAPITAL,SÃO PAULO,SP,PRIVADO,1994-10-17,www.famarecapital.com,FAMA RE.CAPITAL,F5 · abaixo de 100 mi,0.0001318669984850593
13333516000108,1,17082762.5,PORTO REAL INVESTIMENTOS LTDA.,13333516000108,PORTO REAL INVESTIMENTOS LTDA.,PORTO REAL INVESTIMENTOS,SÃO PAULO,SP,PRIVADO,2011-07-13,www.portorealasset.com.br,PORTO REAL INVESTIMENTOS,F5 · abaixo de 100 mi,0.00012876232222071803
33754914000105,1,16794653.69,ATIVORE GESTORA DE RECURSOS LTDA.,33754914000105,ATIVORE GESTORA DE RECURSOS LTDA.,ATIVORE ASSET MANAGEMENT,SÃO PAULO,SP,PRIVADO,2020-01-20,https://ativoreasset.com/,ATIVORE ASSET MANAGEMENT,F5 · abaixo de 100 mi,0.00012659068520194853
05969994000172,2,16036949.13,RIO VERDE ADMINISTRADORA DE VALORES MOBILIÁRIOS LTDA - EPP,05969994000172,RIO VERDE ADMINISTRADORA DE VALORES MOBILIÁRIOS LTDA - EPP,RIO VERDE INVESTIMENTOS,SÃO PAULO,SP,PRIVADO,2004-05-05,www.rioverdeinvestimentos.com.br,RIO VERDE INVESTIMENTOS,F5 · abaixo de 100 mi,0.00012087944273148582
44409242000109,4,15210712.219999999,NEVES ASSET MANAGEMENT LTDA.,44409242000109,NEVES ASSET MANAGEMENT LTDA.,NEVES ASSET,SÃO PAULO,SP,PRIVADO,2023-03-24,www.neves.capital,NEVES ASSET,F5 · abaixo de 100 mi,0.00011465163366160791
48392176000162,3,15165891.39,NATURAL CAPITAL GESTÃO DE RECURSOS LTDA.,48392176000162,NATURAL CAPITAL GESTÃO DE RECURSOS LTDA.,NATURAL CAPITAL,RIO DE JANEIRO,RJ,PRIVADO,2023-04-10,www.naturalcapitalasset.com.br,NATURAL CAPITAL,F5 · abaixo de 100 mi,0.0001143137940320597
50009853000162,1,15098112.49,ALIS INVESTIMENTOS LTDA.,50009853000162,ALIS INVESTIMENTOS LTDA.,ALIS INVESTIMENTOS,SÃO PAULO,SP,PRIVADO,2023-09-29,www.alisinvestimentos.com,ALIS INVESTIMENTOS,F5 · abaixo de 100 mi,0.00011380290660611991
08602745000132,1,15060314.27,CAPEMISA SEGURADORA DE VIDA E PREVIDÊNCIA S/A,,,,,,,,,CAPEMISA SEGURADORA DE VIDA E PREVIDÊNCIA S/A,F5 · abaixo de 100 mi,0.00011351800031048947
29793963000171,1,14801446.75,NAIA CAPITAL GESTÃO E CONSULTORIA FINANCEIRA LTDA.,29793963000171,NAIA CAPITAL GESTÃO E CONSULTORIA FINANCEIRA LTDA.,NAIA CAPITAL,SÃO PAULO,SP,PRIVADO,2019-12-11,www.naiacapital.com.br,NAIA CAPITAL,F5 · abaixo de 100 mi,0.00011156677122662683
42155153000158,2,14750292.93,TRANSFERO GESTORA DE RECURSOS LTDA.,42155153000158,TRANSFERO GESTORA DE RECURSOS LTDA.,TRANSFERO ASSET,RIO DE JANEIRO,RJ,PRIVADO,2021-11-23,www.transferoasset.com.br,TRANSFERO ASSET,F5 · abaixo de 100 mi,0.00011118119631427523
38319771000119,1,14590406.02,SPERSS CAPITAL PARTNERS LTDA.,38319771000119,SPERSS CAPITAL PARTNERS LTDA.,SPERSS CAPITAL PARTNERS LTDA.,SÃO PAULO,SP,PRIVADO,2022-04-13,www.spersscapital.com,SPERSS CAPITAL PARTNERS LTDA.,F5 · abaixo de 100 mi,0.00010997603937175525
02201501000161,3,14353461.24,BNY MELLON SERVICOS FINANCEIROS DTVM S.A.,02201501000161,BNY MELLON SERVICOS FINANCEIROS DTVM S.A.,BNY MELLON SERVIÇOS FINANCEIROS DTVM S.A.,RIO DE JANEIRO,RJ,,1997-12-19,https://www.bny.com/corporate/br/pt.html,BNY MELLON SERVIÇOS FINANCEIROS DTVM S.A.,F5 · abaixo de 100 mi,0.00010819005422380994
16492866000105,1,14322726.15,QUARTZO ASSET LTDA,16492866000105,QUARTZO ASSET LTDA,QUARTZO CAPITAL,CURITIBA,PR,PRIVADO,2012-11-01,https://www.quartzocapital.com.br,QUARTZO CAPITAL,F5 · abaixo de 100 mi,0.00010795838668396896
51364779000165,2,14243218.63,ADLER INVESTIMENTOS LTDA.,51364779000165,ADLER INVESTIMENTOS LTDA.,ADLER INVESTIMENTOS,FLORIANÓPOLIS,SC,PRIVADO,2023-11-10,https://adlerinvestimentos.com.br/,ADLER INVESTIMENTOS,F5 · abaixo de 100 mi,0.00010735909409828732
28195667000106,1,14085812.89,BANCO ABC BRASIL S/A,,,,,,,,,BANCO ABC BRASIL S/A,F5 · abaixo de 100 mi,0.00010617263911986855
59684778000100,1,13789318.42,BRT Asset Ltda.,59684778000100,BRT Asset Ltda.,BRT Asset,GOIÂNIA,GO,PRIVADO,2025-08-07,www.brtasset.com.br,BRT Asset,F5 · abaixo de 100 mi,0.00010393779469802512
48068650000103,1,13441142.03,HIVENTURES GESTÃO DE RECURSOS LTDA.,48068650000103,HIVENTURES GESTÃO DE RECURSOS LTDA.,HIVENTURES,SÃO PAULO,SP,PRIVADO,2023-01-10,www.hiventures.com.br,HIVENTURES,F5 · abaixo de 100 mi,0.0001013133947791697
22584235000100,1,13419503.91,ALERCE GESTÃO DE RECURSOS DE TERCEIROS LTDA.,22584235000100,ALERCE GESTÃO DE RECURSOS DE TERCEIROS LTDA.,ALERCE CAPITAL,RIO DE JANEIRO,RJ,PRIVADO,2021-11-04,www.alercecapital.com.br,ALERCE CAPITAL,F5 · abaixo de 100 mi,0.00010115029618316157
09240891000128,4,13395793.57,TREK INVESTIMENTOS LTDA,09240891000128,TREK INVESTIMENTOS LTDA,--,RIO DE JANEIRO,RJ,PRIVADO,2009-01-08,http://www.trekinvest.com.br/,TREK INVESTIMENTOS LTDA,F5 · abaixo de 100 mi,0.00010097157810761361
30030696000160,2,13309636.260000002,PRECE - PREVIDENCIA COMPLEMENTAR,,,,,,,,,PRECE - PREVIDENCIA COMPLEMENTAR,F5 · abaixo de 100 mi,0.00010032216234058589
10872567000101,1,13308261.95,VERA CRUZ ASSET MANAGEMENT LTDA.,10872567000101,VERA CRUZ ASSET MANAGEMENT LTDA.,VERA CRUZ ASSET MANAGEMENT,SÃO PAULO,SP,PRIVADO,2009-08-26,https://www.veracruzasset.com.br/,VERA CRUZ ASSET MANAGEMENT,F5 · abaixo de 100 mi,0.00010031180339852065
10936487000172,1,13242747.34,G10 ADMINISTRADORA DE RECURSOS LTDA,10936487000172,G10 ADMINISTRADORA DE RECURSOS LTDA,--,SÃO PAULO,SP,PRIVADO,2010-03-10,www.g10fundos.com.br,G10 ADMINISTRADORA DE RECURSOS LTDA,F5 · abaixo de 100 mi,9.98179831909878e-05
00329598000167,2,12771169.92,SEFER INVESTIMENTOS DISTRIBUIDORA DE TÍTULOS E VALORES MOBILIÁRIOS LTDA.,,,,,,,,,SEFER INVESTIMENTOS DISTRIBUIDORA DE TÍTULOS E VALORES MOBILIÁRIOS LTDA.,F5 · abaixo de 100 mi,9.626344078567982e-05
54794111000146,1,12422847.11,TAG CAPITAL LTDA,54794111000146,TAG CAPITAL LTDA,TAG CAPITAL LTDA,SÃO PAULO,SP,PRIVADO,2024-12-30,https://taginvest.com.br/,TAG CAPITAL LTDA,F5 · abaixo de 100 mi,9.363793721750425e-05
13703306000156,8,11756982.86,BLUEWAVE ASSET LTDA,13703306000156,BLUEWAVE ASSET LTDA,BLUEWAVE ASSET,SÃO PAULO,SP,PRIVADO,2011-08-04,https://www.bluewaveasset.com.br,BLUEWAVE ASSET,F5 · abaixo de 100 mi,8.861894645920289e-05
03751794000113,1,11078777.66,TERRA INVESTIMENTOS DISTRIBUIDORA DE TITULOS E VALORES MOBILIARIOS LTDA,03751794000113,TERRA INVESTIMENTOS DISTRIBUIDORA DE TITULOS E VALORES MOBILIARIOS LTDA,TERRA INVESTIMENTOS DISTRIBUIDORA DE TITULOS E VALORES MOBILIARIOS LTDA,SÃO PAULO,SP,PRIVADO,2018-09-04,www.terrainvestimentos.com.br,TERRA INVESTIMENTOS DISTRIBUIDORA DE TITULOS E VALORES MOBILIARIOS LTDA,F5 · abaixo de 100 mi,8.350693506794423e-05
11797258000187,3,11033269.41,QUARTER INVESTIMENTOS ASSET MANAGEMENT LTDA,11797258000187,QUARTER INVESTIMENTOS ASSET MANAGEMENT LTDA,QUARTER INVESTIMENTOS ASSET MANAGEMENT LTDA,PORTO ALEGRE,RS,PRIVADO,2010-10-08,www.quarterinvestimentos.com.br,QUARTER INVESTIMENTOS ASSET MANAGEMENT LTDA,F5 · abaixo de 100 mi,8.31639139699104e-05
32274480000175,1,10553214.38,TRIGGER GESTORA DE RECURSOS LTDA.,32274480000175,TRIGGER GESTORA DE RECURSOS LTDA.,TRIGGER GESTORA DE RECURSOS LTDA.,SÃO PAULO,SP,PRIVADO,2019-11-07,www.trigger.com.br,TRIGGER GESTORA DE RECURSOS LTDA.,F5 · abaixo de 100 mi,7.954547108302156e-05
15270516000123,1,10142099.77,DXA GESTÃO DE INVESTIMENTOS S.A.,15270516000123,DXA GESTÃO DE INVESTIMENTOS S.A.,DXA INVEST,RIO DE JANEIRO,RJ,PRIVADO,2012-07-03,http://www.dxainvest.com/,DXA INVEST,F5 · abaixo de 100 mi,7.644667064705783e-05
26545595000154,1,10010914.7,MUNGER INVESTIMENTOS GESTORA DE RECURSOS LTDA.,,,,,,,,,MUNGER INVESTIMENTOS GESTORA DE RECURSOS LTDA.,F5 · abaixo de 100 mi,7.545785550349498e-05
42342294000180,1,9813218.19,KRIVO CAPITAL GESTAO DE RECURSOS FINANCEIROS LTDA,42342294000180,KRIVO CAPITAL GESTAO DE RECURSOS FINANCEIROS LTDA,KRIVO CAPITAL,SÃO PAULO,SP,PRIVADO,2022-07-13,www.krivocapital.com.br,KRIVO CAPITAL,F5 · abaixo de 100 mi,7.396770648792848e-05
02926463000104,2,9597551.69,UF GESTÃO DE RECURSOS FINANCEIROS LTDA.,02926463000104,UF GESTÃO DE RECURSOS FINANCEIROS LTDA.,UF INVESTIMENTOS,RIO DE JANEIRO,RJ,PRIVADO,2009-12-28,www.ufinvestimentos.com.br,UF INVESTIMENTOS,F5 · abaixo de 100 mi,7.23421076209294e-05
41096143000126,1,9595469.84,HARPIA GESTORA DE RECURSOS LTDA.,41096143000126,HARPIA GESTORA DE RECURSOS LTDA.,HARPIA ASSET MANAGEMENT,SÃO PAULO,SP,PRIVADO,2021-08-18,www.harpia-asset.com,HARPIA ASSET MANAGEMENT,F5 · abaixo de 100 mi,7.232641555470093e-05
57317918000186,1,9533640.41,F8 CAPITAL LTDA.,57317918000186,F8 CAPITAL LTDA.,-----,SÃO PAULO,SP,PRIVADO,2025-01-14,www.f8capital.com.br,F8 CAPITAL LTDA.,F5 · abaixo de 100 mi,7.186037260711658e-05
32007649000120,1,9282677.35,PORTOGALLO INVESTIMENTOS LTDA.,32007649000120,PORTOGALLO INVESTIMENTOS LTDA.,PORTOGALLO INVESTIMENTOS LTDA.,SÃO PAULO,SP,PRIVADO,2020-02-19,www.portogalloinvestimentos.com.br,PORTOGALLO INVESTIMENTOS LTDA.,F5 · abaixo de 100 mi,6.996872385316257e-05
21891835000159,4,9012038.67,FIERE INVESTIMENTOS LTDA,21891835000159,FIERE INVESTIMENTOS LTDA,FIERE INVESTIMENTOS LTDA,CAMPINAS,SP,PRIVADO,2015-06-03,www.fiere.com.br,FIERE INVESTIMENTOS LTDA,F5 · abaixo de 100 mi,6.792876896181816e-05
41743371000140,3,8987454.31,NOAD GESTAO DE RECURSOS LTDA,41743371000140,NOAD GESTAO DE RECURSOS LTDA,NOAD INVESTIMENTOS,SÃO PAULO,SP,PRIVADO,2022-06-14,www.noadinvest.com.br,NOAD INVESTIMENTOS,F5 · abaixo de 100 mi,6.774346290936265e-05
45768582000199,1,8980670.46,PHI GLOBAL GESTAO DE RECURSOS LTDA.,45768582000199,PHI GLOBAL GESTAO DE RECURSOS LTDA.,PHI GLOBAL,CURITIBA,PR,PRIVADO,2023-01-09,www.phiglobal.com.br,PHI GLOBAL,F5 · abaixo de 100 mi,6.769232924291982e-05
40815594000103,1,8809930.71,POLYFACE INVEST S.A.,40815594000103,POLYFACE INVEST S.A.,POLYFACE INVEST S.A.,FLORIANÓPOLIS,SC,PRIVADO,2021-12-30,www.polyface.com.br/,POLYFACE INVEST S.A.,F5 · abaixo de 100 mi,6.640536838366858e-05
48678939000136,1,8689758.77,ORYX CAPITAL GESTÃO DE RECURSOS LTDA.,48678939000136,ORYX CAPITAL GESTÃO DE RECURSOS LTDA.,ORYX CAPITAL,SÃO PAULO,SP,PRIVADO,2023-07-05,www.oryxcapital.com.br,ORYX CAPITAL,F5 · abaixo de 100 mi,6.549956535209399e-05
09463122000199,1,8629863.6,"BRAVA GESTORA DE RECURSOS, CONSULTORIA E PARTICIPAÇÕES LTDA.",09463122000199,"BRAVA GESTORA DE RECURSOS, CONSULTORIA E PARTICIPAÇÕES LTDA.",BRAVA CAPITAL,SÃO PAULO,SP,PRIVADO,2011-01-13,www.bravacapital.com,BRAVA CAPITAL,F5 · abaixo de 100 mi,6.504810200247446e-05
34008584000163,2,8622002.04,APO CAPITAL LTDA.,34008584000163,APO CAPITAL LTDA.,APO CAPITAL,SÃO PAULO,SP,PRIVADO,2020-07-01,www.apocapital.com,APO CAPITAL,F5 · abaixo de 100 mi,6.498884503382682e-05
23361939000187,2,8177369.69,KPR INVESTIMENTOS S/A,23361939000187,KPR INVESTIMENTOS S/A,----------,SÃO PAULO,SP,PRIVADO,2015-12-22,www.kpri.com.br,KPR INVESTIMENTOS S/A,F5 · abaixo de 100 mi,6.163740267077489e-05
12216351000113,3,8067535.93,BRAX INVESTIMENTOS LTDA,12216351000113,BRAX INVESTIMENTOS LTDA,--,BARUERI,SP,PRIVADO,2010-10-22,www.braxinvestimentos.com.br,BRAX INVESTIMENTOS LTDA,F5 · abaixo de 100 mi,6.0809524276057816e-05
03666323000107,1,7920288.81,SIMÉTRICA CONSULTORIA EM INVESTIMENTOS E PARTICIPAÇÕES LTDA.,03666323000107,SIMÉTRICA CONSULTORIA EM INVESTIMENTOS E PARTICIPAÇÕES LTDA.,SIMÉTRICA INVESTIMENTOS,SÃO PAULO,SP,PRIVADO,2018-07-16,www.simetricainvest.com.br,SIMÉTRICA INVESTIMENTOS,F5 · abaixo de 100 mi,5.9699640490486676e-05
02713530000102,1,7875378.86,ALFA PREVIDÊNCIA E VIDA S/A,,,,,,,,,ALFA PREVIDÊNCIA E VIDA S/A,F5 · abaixo de 100 mi,5.936112911372215e-05
48914619000138,1,7704490.04,ACE OUTLIER CAPITAL LTDA.,48914619000138,ACE OUTLIER CAPITAL LTDA.,ACE OUTLIER,SÃO PAULO,SP,PRIVADO,2023-05-05,https://aceoutliercapital.com.br/,ACE OUTLIER,F5 · abaixo de 100 mi,5.807304463062065e-05
46626587000140,1,7614849.78,CONNEX GESTORA DE RECURSOS LTDA.,46626587000140,CONNEX GESTORA DE RECURSOS LTDA.,CONNEX,SÃO PAULO,SP,PRIVADO,2022-12-01,www.connexcapital.com.br,CONNEX,F5 · abaixo de 100 mi,5.7397375924106175e-05
29030467000166,1,7252572.82,SCOTIABANK BRASIL S.A. BANCO MULTIPLO,,,,,,,,,SCOTIABANK BRASIL S.A. BANCO MULTIPLO,F5 · abaixo de 100 mi,5.466669213355051e-05
33342059000117,5,7233527.87,SOMACRED ASSET LTDA.,33342059000117,SOMACRED ASSET LTDA.,SOMACRED ASSET,SÃO PAULO,SP,PRIVADO,2019-11-14,https://somacred.tech,SOMACRED ASSET,F5 · abaixo de 100 mi,5.452313970819908e-05
54048859000108,6,6705474.9,NEXA FINANCE LTDA.,54048859000108,NEXA FINANCE LTDA.,NEXA,SÃO PAULO,SP,PRIVADO,2024-07-18,www.nexafinance.com.br,NEXA,F5 · abaixo de 100 mi,5.0542909539176524e-05
42373402000181,4,6658429.58,SQUALO CAPITAL GESTORA DE RECURSOS LTDA,42373402000181,SQUALO CAPITAL GESTORA DE RECURSOS LTDA,SQUALO CAPITAL GESTORA DE RECURSOS LTDA.,SÃO PAULO,SP,PRIVADO,2022-03-28,www.squalocapital.com.br,SQUALO CAPITAL GESTORA DE RECURSOS LTDA.,F5 · abaixo de 100 mi,5.0188302686050935e-05
05941244000192,2,6282225.74,OPUS GESTÃO DE RECURSOS LTDA,05941244000192,OPUS GESTÃO DE RECURSOS LTDA,OPUS GESTAO DE RECURSOS LTDA,RIO DE JANEIRO,RJ,PRIVADO,2004-04-13,http://www.opus.com.br/,OPUS GESTAO DE RECURSOS LTDA,F5 · abaixo de 100 mi,4.7352644222336335e-05
07661610000185,1,6087662.44,PRISMAINVEST GESTÃO DE RECURSOS LTDA,07661610000185,PRISMAINVEST GESTÃO DE RECURSOS LTDA,PRISMAINVEST GESTÃO DE RECURSOS LTDA,RIO DE JANEIRO,RJ,PRIVADO,2006-04-03,www.prismainvest.com.br,PRISMAINVEST GESTÃO DE RECURSOS LTDA,F5 · abaixo de 100 mi,4.588611196053581e-05
06109681000107,1,5948401.04,HOGAN INVESTIMENTOS ADMINISTRAÇÃO DE RECURSOS LTDA,06109681000107,HOGAN INVESTIMENTOS ADMINISTRAÇÃO DE RECURSOS LTDA,HOGAN INVESTIMENTOS,SÃO PAULO,SP,PRIVADO,2004-07-15,www.hoganinvest.com.br,HOGAN INVESTIMENTOS,F5 · abaixo de 100 mi,4.483642100687955e-05
05043746000104,1,5823171.88,ZERO CONFLICT WEALTH MANAGEMENT LTDA,05043746000104,ZERO CONFLICT WEALTH MANAGEMENT LTDA,ZERO CONFLICT WEALTH MANAGEMENT LTDA,SÃO PAULO,SP,PRIVADO,2002-12-12,www.zeroconflict.com,ZERO CONFLICT WEALTH MANAGEMENT LTDA,F5 · abaixo de 100 mi,4.3892498883549095e-05
23033743000163,3,5638670.800000001,EQUADOR INVESTIMENTOS LTDA.,23033743000163,EQUADOR INVESTIMENTOS LTDA.,EQUADOR INVESTIMENTOS,RIO DE JANEIRO,RJ,PRIVADO,2015-12-28,www.equadorinvestimentos.com.br,EQUADOR INVESTIMENTOS,F5 · abaixo de 100 mi,4.250181119395379e-05
07462720000118,3,5534312.18,FORS CAPITAL PARTNERS LTDA,07462720000118,FORS CAPITAL PARTNERS LTDA,FORS CAPITAL,SÃO PAULO,SP,PRIVADO,2007-09-26,www.forscapital.com.br,FORS CAPITAL,F5 · abaixo de 100 mi,4.171520198745399e-05
48781504000112,1,5499224.29,CONVEST CONSULTORIA DE INVESTIMENTOS LTDA,48781504000112,CONVEST CONSULTORIA DE INVESTIMENTOS LTDA,CONVEST CONSULTORIA DE INVESTIMENTOS S/C LTDA,SÃO PAULO,SP,PRIVADO,2006-08-24,www.convestconsultoria.com.br,CONVEST CONSULTORIA DE INVESTIMENTOS S/C LTDA,F5 · abaixo de 100 mi,4.145072496283779e-05
04478468000147,1,5445566.65,ARQUIA ASSET GESTÃO E ADMINISTRAÇÃO DE INVESTIMENTOSA S.A.,04478468000147,ARQUIA ASSET GESTÃO E ADMINISTRAÇÃO DE INVESTIMENTOSA S.A.,ARQUIA ASSET,RIO DE JANEIRO,RJ,PRIVADO,2006-07-26,arquiaasset.com.br,ARQUIA ASSET,F5 · abaixo de 100 mi,4.104627736068426e-05
17169050000108,1,5095941.78,J. P. TUCHÊ ASSET MANAGEMENT ADMINISTRAÇÃO DE CARTEIRAS LTDA,17169050000108,J. P. TUCHÊ ASSET MANAGEMENT ADMINISTRAÇÃO DE CARTEIRAS LTDA,--,VOTORANTIM,SP,PRIVADO,2013-03-07,www.tucheasset.com.br,J. P. TUCHÊ ASSET MANAGEMENT ADMINISTRAÇÃO DE CARTEIRAS LTDA,F5 · abaixo de 100 mi,3.841095943904737e-05
57742490000119,1,4968775.61,Symetrix Gestora de Recursos Ltda.,57742490000119,Symetrix Gestora de Recursos Ltda.,SYMETRIX,SÃO CAETANO DO SUL,SP,PRIVADO,2025-11-18,www.symetrixtrading.com,SYMETRIX,F5 · abaixo de 100 mi,3.745243698946613e-05
13183720000181,3,4778212.9,MANTIQ INVESTIMENTOS LTDA,13183720000181,MANTIQ INVESTIMENTOS LTDA,--,SÃO PAULO,SP,PRIVADO,2011-11-22,www.angrapartners.com.br,MANTIQ INVESTIMENTOS LTDA,F5 · abaixo de 100 mi,3.601605940895049e-05
49709341000120,1,4640805.61,NAJAH GESTÃO DE RECURSOS LTDA.,49709341000120,NAJAH GESTÃO DE RECURSOS LTDA.,-----,SÃO PAULO,SP,PRIVADO,2023-09-06,www.najahgestao.com.br,NAJAH GESTÃO DE RECURSOS LTDA.,F5 · abaixo de 100 mi,3.498034391794278e-05
21684099000168,1,4455876.29,PILOTAGE GESTÃO DE RECURSOS LTDA,21684099000168,PILOTAGE GESTÃO DE RECURSOS LTDA,PILOTAGE INVESTIMENTOS,SÃO PAULO,SP,PRIVADO,2015-07-08,www.pilotage.com.br,PILOTAGE INVESTIMENTOS,F5 · abaixo de 100 mi,3.3586428344282e-05
20495002000106,1,4165777.62,R2C GESTORA DE INVESTIMENTOS LTDA,20495002000106,R2C GESTORA DE INVESTIMENTOS LTDA,R2C INVESTIMENTOS,SÃO PAULO,SP,PRIVADO,2014-12-10,www.r2cinvest.com.br,R2C INVESTIMENTOS,F5 · abaixo de 100 mi,3.1399792639293315e-05
29762953000179,1,3944462.18,MARIN GESTORA DE RECURSOS S.A,29762953000179,MARIN GESTORA DE RECURSOS S.A,MARIN INVESTIMENTOS,BELÉM,PA,PRIVADO,2021-09-09,www.marincapital.com.br,MARIN INVESTIMENTOS,F5 · abaixo de 100 mi,2.9731614556404203e-05
18734175000198,1,3832437.35,PEAK WEALTH ADVISORY GESTORA DE RECURSOS LTDA.,18734175000198,PEAK WEALTH ADVISORY GESTORA DE RECURSOS LTDA.,PEAK WEALTH GESTORA,SÃO PAULO,SP,PRIVADO,2014-01-29,www.peakw.com.br,PEAK WEALTH GESTORA,F5 · abaixo de 100 mi,2.888722084331587e-05
34431691000108,1,3774244.97,TRIESTOR ADMINISTRADORA DE CARTEIRA DE VALORES MOBILIÁRIOS LTDA.,34431691000108,TRIESTOR ADMINISTRADORA DE CARTEIRA DE VALORES MOBILIÁRIOS LTDA.,TRIESTOR,BRASÍLIA,DF,PRIVADO,2021-07-02,www.triestor.com,TRIESTOR,F5 · abaixo de 100 mi,2.844859237298793e-05
15333310000103,1,3505257.13,TRIAXIS CAPITAL LTDA,15333310000103,TRIAXIS CAPITAL LTDA,TRIAXIS CAPITAL,SÃO PAULO,SP,PRIVADO,2012-10-22,www.triaxiscapital.com,TRIAXIS CAPITAL,F5 · abaixo de 100 mi,2.64210807847694e-05
46558198000124,1,2896152.8,EQUUS CAPITAL GESTORA DE RECURSOS LTDA,46558198000124,EQUUS CAPITAL GESTORA DE RECURSOS LTDA,EQUUS CAPITAL GESTORA DE RECURSOS LTDA,SÃO PAULO,SP,PRIVADO,2023-07-05,paulo.merotti@equuscapital.com.br,EQUUS CAPITAL GESTORA DE RECURSOS LTDA,F5 · abaixo de 100 mi,2.1829921245702194e-05
30342314000133,3,2174862.56,FRONTEIRA - GESTÃO DE INVESTIMENTOS LTDA,30342314000133,FRONTEIRA - GESTÃO DE INVESTIMENTOS LTDA,FRONTEIRA ASSET,SÃO PAULO,SP,PRIVADO,2018-09-21,www.fronteirainvest.com.br,FRONTEIRA ASSET,F5 · abaixo de 100 mi,1.6393153843618424e-05
52603204000110,1,2136300.41,ALPHA WAVE CAPITAL LTDA.,52603204000110,ALPHA WAVE CAPITAL LTDA.,ALPHA WAVE,SANTA CRUZ DO SUL,RS,PRIVADO,2024-06-24,www.alphawavecapital.com.br,ALPHA WAVE,F5 · abaixo de 100 mi,1.610248938089914e-05
51543934000100,1,1971314.02,ITER GESTORA DE RECURSOS LTDA.,51543934000100,ITER GESTORA DE RECURSOS LTDA.,ITER,SÃO PAULO,SP,PRIVADO,2024-06-25,www.iterinvestimentos.com.br,ITER,F5 · abaixo de 100 mi,1.4858894809399768e-05
09369373000109,1,1589830.96,MURANO INVESTIMENTOS GESTÃO DE RECURSOS LTDA,09369373000109,MURANO INVESTIMENTOS GESTÃO DE RECURSOS LTDA,--,RIO DE JANEIRO,RJ,PRIVADO,2008-05-21,www.muranoinvest.com,MURANO INVESTIMENTOS GESTÃO DE RECURSOS LTDA,F5 · abaixo de 100 mi,1.1983443915935346e-05
51565213000100,4,1102120.25,ZSYS ASSET MANAGEMENT LTDA.,51565213000100,ZSYS ASSET MANAGEMENT LTDA.,ZSYS CAPITAL,BELO HORIZONTE,MG,PRIVADO,2024-01-16,https://zsys.com.br/,ZSYS CAPITAL,F5 · abaixo de 100 mi,8.3072958929493e-06
26741433000191,1,1056402.05,PLANALTO CAPITAL GESTÃO DE RECURSOS LTDA.,26741433000191,PLANALTO CAPITAL GESTÃO DE RECURSOS LTDA.,PLANALTO CAPITAL,SÃO PAULO,SP,PRIVADO,2017-06-12,www.planaltocapital.com.br,PLANALTO CAPITAL,F5 · abaixo de 100 mi,7.962692284501823e-06
50068148000136,1,997636.47,TRY CAPITAL LTDA.,50068148000136,TRY CAPITAL LTDA.,-----,SÃO PAULO,SP,PRIVADO,2023-10-05,www.trycapital.com.br,TRY CAPITAL LTDA.,F5 · abaixo de 100 mi,7.519743285623722e-06
34001455000143,2,990424.43,GCS GESTÃO DE RECURSOS E INTERMEDIAÇÃO DE NEGÓCIOS EIRELI,34001455000143,GCS GESTÃO DE RECURSOS E INTERMEDIAÇÃO DE NEGÓCIOS EIRELI,GCS CAPITAL,SÃO PAULO,SP,PRIVADO,2021-01-18,www.gcscapital.com.br,GCS CAPITAL,F5 · abaixo de 100 mi,7.465382111993361e-06
41592532000142,1,935747.41,MERITO DISTRIBUIDORA DE TITULOS E VALORES MOBILIARIOS LTDA.,41592532000142,MERITO DISTRIBUIDORA DE TITULOS E VALORES MOBILIARIOS LTDA.,MERITO DISTRIBUIDORA DE TITULOS E VALORES MOBILIARIOS LTDA.,SÃO PAULO,SP,PRIVADO,2021-10-27,www.meritodtvm.com.br,MERITO DISTRIBUIDORA DE TITULOS E VALORES MOBILIARIOS LTDA.,F5 · abaixo de 100 mi,7.053250873424152e-06
16725273000133,2,917294.94,LATINOAMERICANA DE INVESTIMENTOS E CAPITAL LTDA,16725273000133,LATINOAMERICANA DE INVESTIMENTOS E CAPITAL LTDA,LAIC ASSET MANAGEMENT,SÃO PAULO,SP,PRIVADO,2013-03-19,www.laic.com.br,LAIC ASSET MANAGEMENT,F5 · abaixo de 100 mi,6.914164300751369e-06
45545032000100,1,669953.33,VBR CAPITAL LTDA.,45545032000100,VBR CAPITAL LTDA.,-----,SÃO PAULO,SP,PRIVADO,2023-06-16,www.vbrcapital.com.br,VBR CAPITAL LTDA.,F5 · abaixo de 100 mi,5.049812438140671e-06
32352944000114,1,616272.54,CIANO GESTÃO DE RECURSOS E EDUCAÇÃO LTDA.,32352944000114,CIANO GESTÃO DE RECURSOS E EDUCAÇÃO LTDA.,CIANO,GOIÂNIA,GO,PRIVADO,2022-06-15,www.cianoinvestimentos.com,CIANO,F5 · abaixo de 100 mi,4.6451903415071386e-06
60363918000127,2,513510.04,TENDÊNCIA ASSET MANAGEMENT LTDA.,60363918000127,TENDÊNCIA ASSET MANAGEMENT LTDA.,--,SÃO PAULO,SP,PRIVADO,2007-05-25,www.tendencia.com.br/02.html,TENDÊNCIA ASSET MANAGEMENT LTDA.,F5 · abaixo de 100 mi,3.870611982930384e-06
19207159000100,3,264975.52,PRIVATTO ADMINISTRAÇÃO DE PATRIMÔNIO LTDA,19207159000100,PRIVATTO ADMINISTRAÇÃO DE PATRIMÔNIO LTDA,PRIVATTO ADMINISTRAÇÃO DE PATRIMÔNIO LTDA,PORTO ALEGRE,RS,PRIVADO,2014-07-31,www.privatto.com.br,PRIVATTO ADMINISTRAÇÃO DE PATRIMÔNIO LTDA,F5 · abaixo de 100 mi,1.997268491372067e-06
57088175000110,5,252930.63,FORTIS GESTORA DE RECURSOS LTDA.,57088175000110,FORTIS GESTORA DE RECURSOS LTDA.,FORTIS ASSET,SÃO PAULO,SP,PRIVADO,2025-01-17,www.fortisasset.com.br,FORTIS ASSET,F5 · abaixo de 100 mi,1.9064794279935234e-06
54037005000118,5,217897.1,Mezzus Capital LTDA.,54037005000118,Mezzus Capital LTDA.,Mezzus Capital,SÃO PAULO,SP,PRIVADO,2024-12-23,www.mezzus.com.br,Mezzus Capital,F5 · abaixo de 100 mi,1.642412145059092e-06
58252526000149,3,0.0,VV CAPITAL LTDA.,58252526000149,VV CAPITAL LTDA.,VV CAPITAL,SÃO PAULO,SP,PRIVADO,2025-05-15,www.vvcapital.com.br,VV CAPITAL,F6 · sem PL informado,0.0
06788911000101,1,0.0,GAP GESTORA DE RECURSOS LTDA,06788911000101,GAP GESTORA DE RECURSOS LTDA,GAP GESTORA DE RECURSOS LTDA,RIO DE JANEIRO,RJ,PRIVADO,2004-12-14,www.gapasset.com.br,GAP GESTORA DE RECURSOS LTDA,F6 · sem PL informado,0.0
58426534000164,1,0.0,Index Core Investments Asset Management Ltda.,58426534000164,Index Core Investments Asset Management Ltda.,-----,BARUERI,SP,PRIVADO,2026-06-10,http://www.indexcore.com.br/,Index Core Investments Asset Management Ltda.,F6 · sem PL informado,0.0
14868712000131,1,0.0,AKAD SEGUROS S.A.,,,,,,,,,AKAD SEGUROS S.A.,F6 · sem PL informado,0.0
60860623000166,2,0.0,HSO Capital Gestora de Recursos Ltda.,60860623000166,HSO Capital Gestora de Recursos Ltda.,HSO Capital,SÃO PAULO,SP,PRIVADO,2025-09-29,www.hsocapital.com.br,HSO Capital,F6 · sem PL informado,0.0
58289954000146,3,0.0,Headinvest Asset Management Ltda.,58289954000146,Headinvest Asset Management Ltda.,Headinvest Asset Management Ltda.,SÃO PAULO,SP,PRIVADO,2025-09-15,www.headinvest.com.br,Headinvest Asset Management Ltda.,F6 · sem PL informado,0.0
15192996000151,2,0.0,ATF GESTORA DE RECURSOS LTDA.,15192996000151,ATF GESTORA DE RECURSOS LTDA.,-----,PORTO ALEGRE,RS,PRIVADO,2021-07-02,https://www.atf.com.br/asset,ATF GESTORA DE RECURSOS LTDA.,F6 · sem PL informado,0.0
59684998000133,1,0.0,BOOK CAPITAL LTDA,59684998000133,BOOK CAPITAL LTDA,Book Capital,GOIÂNIA,GO,PRIVADO,2025-08-07,https://www.bookcapital.com.br/,Book Capital,F6 · sem PL informado,0.0
64079331000141,2,0.0,Valora Agro Ltda.,64079331000141,Valora Agro Ltda.,Valora Agro Ltda.,SÃO PAULO,SP,PRIVADO,2026-04-17,www.valorainvest.com.br,Valora Agro Ltda.,F6 · sem PL informado,0.0
58158159000119,4,0.0,TANE CAPITAL LTDA.,58158159000119,TANE CAPITAL LTDA.,TANE CAPITAL LTDA.,NOVA LIMA,MG,PRIVADO,2025-03-27,www.tane.com.br,TANE CAPITAL LTDA.,F6 · sem PL informado,0.0
63008512000114,1,0.0,TT Gestora de Ativos Ltda.,63008512000114,TT Gestora de Ativos Ltda.,TT Asset,RIO DE JANEIRO,RJ,PRIVADO,2026-01-15,www.ttasset.com.br,TT Asset,F6 · sem PL informado,0.0
57799384000171,1,0.0,RIZA INFRAESTRUTURA GESTORA DE RECURSOS LTDA.,57799384000171,RIZA INFRAESTRUTURA GESTORA DE RECURSOS LTDA.,RIZA INFRAESTRUTURA,SÃO PAULO,SP,PRIVADO,2025-05-16,www.rizaasset.com,RIZA INFRAESTRUTURA,F6 · sem PL informado,0.0
57784632000100,1,0.0,MTR Asset Gestora de Recursos Ltda.,57784632000100,MTR Asset Gestora de Recursos Ltda.,MTR Asset,SÃO PAULO,SP,PRIVADO,2026-01-22,www.mtrasset.com.br,MTR Asset,F6 · sem PL informado,0.0
64005797000100,1,0.0,Calixto Capital Ltda.,64005797000100,Calixto Capital Ltda.,Calixto Capital,JUIZ DE FORA,MG,PRIVADO,2026-04-09,www.calixto.capital,Calixto Capital,F6 · sem PL informado,0.0
63499708000159,3,0.0,VIK Capital Gestão de Recursos Ltda.,63499708000159,VIK Capital Gestão de Recursos Ltda.,VIK Capital,RIO DE JANEIRO,RJ,PRIVADO,2026-02-11,www.vikcapital.com.br,VIK Capital,F6 · sem PL informado,0.0
58012088000141,13,0.0,SPECIAL SITUATIONS NEO GESTAO DE RECURSOS LTDA,58012088000141,SPECIAL SITUATIONS NEO GESTAO DE RECURSOS LTDA,SPECIAL SITUATIONS NEO GESTAO DE RECURSOS LTDA,SÃO PAULO,SP,PRIVADO,2025-02-28,www.neo.com.br,SPECIAL SITUATIONS NEO GESTAO DE RECURSOS LTDA,F6 · sem PL informado,0.0
58674469000196,3,0.0,HCS GROUP S.A.,58674469000196,HCS GROUP S.A.,HCS GROUP S.A.,SÃO PAULO,SP,PRIVADO,2025-04-07,www.hcsgroup.com.br,HCS GROUP S.A.,F6 · sem PL informado,0.0
57601588000156,1,0.0,Rios Asset Management Ltda.,57601588000156,Rios Asset Management Ltda.,Rios Asset,CAMPINAS,SP,PRIVADO,2025-07-07,www.riosasset.com.br,Rios Asset,F6 · sem PL informado,0.0
61558958000197,3,0.0,Capital 25 Gestora de Investimentos Ltda.,61558958000197,Capital 25 Gestora de Investimentos Ltda.,Capital 25 Gestora de Investimentos Ltda.,SÃO PAULO,SP,PRIVADO,2025-12-17,www.capital25.com.br,Capital 25 Gestora de Investimentos Ltda.,F6 · sem PL informado,0.0
05917347000117,1,0.0,BCSUL VERAX SERVIÇOS FINANCEIROS LTDA,,,,,,,,,BCSUL VERAX SERVIÇOS FINANCEIROS LTDA,F6 · sem PL informado,0.0
08926786000184,1,0.0,DETOMASO ADMINISTRADORA DE RECURSOS LTDA,08926786000184,DETOMASO ADMINISTRADORA DE RECURSOS LTDA,.,BLUMENAU,SC,PRIVADO,2007-11-30,www.detomaso.com.br,.,F6 · sem PL informado,0.0
59654261000178,4,0.0,Paragon Capital Ltda.,59654261000178,Paragon Capital Ltda.,Paragon Capital Ltda.,RIO DE JANEIRO,RJ,PRIVADO,2025-07-14,www.paragoncap.com.br,Paragon Capital Ltda.,F6 · sem PL informado,0.0
62308741000191,1,0.0,Verterra Capital Ltda.,62308741000191,Verterra Capital Ltda.,Verterra Capital Ltda.,,,PRIVADO,2026-06-01,www.verterracapital.com.br,Verterra Capital Ltda.,F6 · sem PL informado,0.0
12807978000149,2,0.0,AGBI ATIVOS REAIS LTDA,12807978000149,AGBI ATIVOS REAIS LTDA,AGBI ATIVOS REAIS,SÃO PAULO,SP,PRIVADO,2012-06-21,www.agbi.com.br,AGBI ATIVOS REAIS,F6 · sem PL informado,0.0
61791475000138,1,0.0,Atta Partners Gestão de Recursos Ltda.,61791475000138,Atta Partners Gestão de Recursos Ltda.,Atta Partners Gestão de Recursos Ltda.,RIO DE JANEIRO,RJ,PRIVADO,2025-11-14,www.attapartners.com.br,Atta Partners Gestão de Recursos Ltda.,F6 · sem PL informado,0.0
08561710000100,1,0.0,FUNDAMENTAL INVESTIMENTOS LTDA.,08561710000100,FUNDAMENTAL INVESTIMENTOS LTDA.,--,SÃO PAULO,SP,PRIVADO,2007-04-05,http://riobravo.com.br/default.aspx,FUNDAMENTAL INVESTIMENTOS LTDA.,F6 · sem PL informado,0.0
62050667000156,6,0.0,Asset1 Crédito Investimentos Ltda.,62050667000156,Asset1 Crédito Investimentos Ltda.,Asset1 Crédito,SÃO PAULO,SP,PRIVADO,2025-11-04,www.asset1.com.br,Asset1 Crédito,F6 · sem PL informado,0.0
59272985000157,1,0.0,Gewin Capital Gestora de Recursos Ltda.,59272985000157,Gewin Capital Gestora de Recursos Ltda.,Gewin Capital,SÃO JOSÉ DO RIO PRETO,SP,PRIVADO,2025-10-28,www.gewincapital.com.br,Gewin Capital,F6 · sem PL informado,0.0
59159489000191,1,0.0,VALLON ASSET MANAGEMENT LTDA.,59159489000191,VALLON ASSET MANAGEMENT LTDA.,VALLON ASSET MANAGEMENT LTDA.,RIO DE JANEIRO,RJ,PRIVADO,2025-07-22,,VALLON ASSET MANAGEMENT LTDA.,F6 · sem PL informado,0.0
11141257000180,1,0.0,AGILE ASSET GESTÃO DE INVESTIMENTOS LTDA,,,,,,,,,AGILE ASSET GESTÃO DE INVESTIMENTOS LTDA,F6 · sem PL informado,0.0
11998171000178,1,0.0,FG/A GESTORA DE RECURSOS LTDA,11998171000178,FG/A GESTORA DE RECURSOS LTDA,--,SÃO PAULO,SP,PRIVADO,2011-03-14,www.fga.com.br/gestora.html,FG/A GESTORA DE RECURSOS LTDA,F6 · sem PL informado,0.0
58805121000190,2,0.0,HORIZONTES ASSET LTDA,58805121000190,HORIZONTES ASSET LTDA,HORIZONTES ASSET,SÃO PAULO,SP,PRIVADO,2025-04-30,https://horizontesasset.com.br/,HORIZONTES ASSET,F6 · sem PL informado,0.0
62390184000109,7,0.0,RX Asset Ltda.,62390184000109,RX Asset Ltda.,RX Asset,SÃO PAULO,SP,PRIVADO,2026-04-13,www.rxasset.com.br,RX Asset,F6 · sem PL informado,0.0
65372673000118,3,0.0,Aliança Partners Gestora de Recursos Ltda.,65372673000118,Aliança Partners Gestora de Recursos Ltda.,Aliança Partners Gestora de Recursos Ltda.,SÃO PAULO,SP,PRIVADO,2026-08-12,www.aliancainvestimentos.com,Aliança Partners Gestora de Recursos Ltda.,F6 · sem PL informado,0.0
59957531000110,1,0.0,Vela Capital Management Ltda.,59957531000110,Vela Capital Management Ltda.,Vela Capital,SÃO PAULO,SP,PRIVADO,2025-09-23,www.velacapital.com.br,Vela Capital,F6 · sem PL informado,0.0
60056088000195,1,0.0,Majors Asset Gestão de Recursos Unipessoal Ltda.,60056088000195,Majors Asset Gestão de Recursos Unipessoal Ltda.,Majors Asset,SÃO PAULO,SP,PRIVADO,2025-08-05,www.majorsasset.com,Majors Asset,F6 · sem PL informado,0.0
62029208000190,2,0.0,Agibank Asset Management Ltda.,62029208000190,Agibank Asset Management Ltda.,-----,SÃO PAULO,SP,PRIVADO,2025-11-14,www.agibank.com.br,Agibank Asset Management Ltda.,F6 · sem PL informado,0.0
47813099000104,5,0.0,SARFATY ASSET GESTÃO DE RECURSOS LTDA.,47813099000104,SARFATY ASSET GESTÃO DE RECURSOS LTDA.,SARFATY ASSET GESTÃO DE RECURSOS LTDA.,SÃO PAULO,SP,PRIVADO,2024-07-05,www.gruposarfaty.com.br,SARFATY ASSET GESTÃO DE RECURSOS LTDA.,F6 · sem PL informado,0.0
17055372000118,1,0.0,Nexus Tech Gestão de Ativos Ltda.,17055372000118,Nexus Tech Gestão de Ativos Ltda.,Nexus Tech Gestão de Ativos,PAULÍNIA,SP,PRIVADO,2018-08-20,https://nexustech.capital/,Nexus Tech Gestão de Ativos,F6 · sem PL informado,0.0
52077508000191,1,0.0,FENER CAPITAL LTDA.,52077508000191,FENER CAPITAL LTDA.,FENER CAPITAL,CURITIBA,PR,PRIVADO,2023-11-30,https://www.fenercapital.com/,FENER CAPITAL,F6 · sem PL informado,0.0
38976106000106,1,0.0,BROADEN CAPITAL GESTÃO DE INVESTIMENTOS LTDA,38976106000106,BROADEN CAPITAL GESTÃO DE INVESTIMENTOS LTDA,BROADEN CAPITAL,SÃO PAULO,SP,PRIVADO,2003-01-17,www.broadencapital.com.br,BROADEN CAPITAL,F6 · sem PL informado,0.0
38412222000194,1,0.0,ACTUM CAPITAL GESTÃO DE RECURSOS LTDA.,38412222000194,ACTUM CAPITAL GESTÃO DE RECURSOS LTDA.,ACTUM CAPITAL GESTÃO DE RECURSOS LTDA.,NOVA LIMA,MG,PRIVADO,2021-02-23,www.actumcapital.com.br,ACTUM CAPITAL GESTÃO DE RECURSOS LTDA.,F6 · sem PL informado,0.0
37760334000173,7,0.0,MONGERAL AEGON GESTÃO DE FUNDOS IMOBILIÁRIOS LTDA.,37760334000173,MONGERAL AEGON GESTÃO DE FUNDOS IMOBILIÁRIOS LTDA.,MONGERAL AEGON GESTÃO DE FUNDOS IMOBILIÁRIOS LTDA.,RIO DE JANEIRO,RJ,PRIVADO,2021-03-25,https://maginvestimentos.com.br/,MONGERAL AEGON GESTÃO DE FUNDOS IMOBILIÁRIOS LTDA.,F6 · sem PL informado,0.0
51303875000101,4,0.0,VESTRA GESTORA DE RECURSOS LTDA,51303875000101,VESTRA GESTORA DE RECURSOS LTDA,VESTRA CAPITAL,PARANAGUÁ,PR,PRIVADO,2025-01-29,https://www.vestracapital.com.br/,VESTRA CAPITAL,F6 · sem PL informado,0.0
51603597000108,1,0.0,CERRADO GESTÃO DE ATIVOS LTDA.,51603597000108,CERRADO GESTÃO DE ATIVOS LTDA.,CERRADO ASSET,BRASÍLIA,DF,PRIVADO,2024-06-26,www.cerradoasset.com.br,CERRADO ASSET,F6 · sem PL informado,0.0
51639180000197,1,0.0,GFC CAPITAL S.A.,51639180000197,GFC CAPITAL S.A.,GFC CAPITAL,RIO DE JANEIRO,RJ,PRIVADO,2025-01-31,www.gfc.com.br,GFC CAPITAL,F6 · sem PL informado,0.0
51911141000105,2,0.0,BRASOL RENEWABLES INVESTMENT COMPANY - BRIC INVESTIMENTOS LTDA,51911141000105,BRASOL RENEWABLES INVESTMENT COMPANY - BRIC INVESTIMENTOS LTDA,BRIC INVESTIMENTOS,SÃO PAULO,SP,PRIVADO,2024-08-13,www.bric.com.br,BRIC INVESTIMENTOS,F6 · sem PL informado,0.0
52084835000170,9,0.0,VIZ GESTORA DE RECURSOS LTDA.,52084835000170,VIZ GESTORA DE RECURSOS LTDA.,-----,SÃO PAULO,SP,PRIVADO,2024-10-08,https://www.vizgestora.com.br/,VIZ GESTORA DE RECURSOS LTDA.,F6 · sem PL informado,0.0
31602001000130,1,0.0,SENECA ASSET MANAGEMENT LTDA.,31602001000130,SENECA ASSET MANAGEMENT LTDA.,SENECA ASSET MANAGEMENT,SÃO PAULO,SP,PRIVADO,2019-03-01,https://www.senecaasset.com.br/,SENECA ASSET MANAGEMENT,F6 · sem PL informado,0.0
52197452000109,2,0.0,JUBARTE ASSET MANAGEMENT LTDA.,52197452000109,JUBARTE ASSET MANAGEMENT LTDA.,JUBARTE ASSET MANAGEMENT,SÃO PAULO,SP,PRIVADO,2024-08-08,www.jubartecapital.com,JUBARTE ASSET MANAGEMENT,F6 · sem PL informado,0.0
31887727000166,4,0.0,SMARTSAVE GESTORA DE RECURSOS S.A.,31887727000166,SMARTSAVE GESTORA DE RECURSOS S.A.,SMARTSAVE GESTORA DE RECURSOS S.A.,CURITIBA,PR,PRIVADO,2024-01-22,https://smartsave.com.br,SMARTSAVE GESTORA DE RECURSOS S.A.,F6 · sem PL informado,0.0
52241224000199,1,0.0,ASSET GF2 LTDA,52241224000199,ASSET GF2 LTDA,-,PETRÓPOLIS,RJ,PRIVADO,2024-11-08,,ASSET GF2 LTDA,F6 · sem PL informado,0.0
31846936000161,1,0.0,AJS ASSET MANAGEMENT LTDA.,31846936000161,AJS ASSET MANAGEMENT LTDA.,ASA,SÃO PAULO,SP,PRIVADO,2019-05-21,https://www.asafamilyoffice.com.br/,ASA,F6 · sem PL informado,0.0
52353713000132,1,0.0,METRIX CAPITAL LTDA,52353713000132,METRIX CAPITAL LTDA,METRIX INVESTIMENTOS,SÃO PAULO,SP,PRIVADO,2024-10-21,https://documents.metrix.fund/funds,METRIX INVESTIMENTOS,F6 · sem PL informado,0.0
52365272000199,2,0.0,AROEIRA ASSET GESTÃO DE RECURSOS LTDA,52365272000199,AROEIRA ASSET GESTÃO DE RECURSOS LTDA,AROEIRA ASSET GESTÃO DE RECURSOS LTDA,SÃO PAULO,SP,PRIVADO,2023-12-27,www.aroeiraasset.com.br,AROEIRA ASSET GESTÃO DE RECURSOS LTDA,F6 · sem PL informado,0.0
52444324000112,1,0.0,ETTI PARTNERS - GESTÃO DE RECURSOS DE TERCEIROS LTDA.,52444324000112,ETTI PARTNERS - GESTÃO DE RECURSOS DE TERCEIROS LTDA.,ETTI PARTNERS,SÃO PAULO,SP,PRIVADO,2024-04-11,www.ettipartners.com.br,ETTI PARTNERS,F6 · sem PL informado,0.0
50489148000100,1,0.0,MONTE BRAVO CORRETORA DE TITULOS E VALORES MOBILIARIOS S/A,,,,,,,,,MONTE BRAVO CORRETORA DE TITULOS E VALORES MOBILIARIOS S/A,F6 · sem PL informado,0.0
50290673000100,1,0.0,KAYA ASSET GESTÃO DE RECURSOS LTDA.,50290673000100,KAYA ASSET GESTÃO DE RECURSOS LTDA.,KAYA ASSET MANAGEMENT,SÃO PAULO,SP,PRIVADO,2024-08-23,www.kayaasset.com,KAYA ASSET MANAGEMENT,F6 · sem PL informado,0.0
49708657000105,1,0.0,IWÁ GESTÃO DE RECURSOS LTDA.,49708657000105,IWÁ GESTÃO DE RECURSOS LTDA.,IWÁ,SÃO PAULO,SP,PRIVADO,2023-08-28,www.iwa.am,IWÁ,F6 · sem PL informado,0.0
40730752000122,4,0.0,DAX CAPITAL LTDA.,40730752000122,DAX CAPITAL LTDA.,DAX CAPITAL LTDA.,BLUMENAU,SC,PRIVADO,2025-02-20,www.daxcapital.com.br,DAX CAPITAL LTDA.,F6 · sem PL informado,0.0
47352283000102,1,0.0,VECTIS VENTURES GESTÃO LTDA.,47352283000102,VECTIS VENTURES GESTÃO LTDA.,-,SÃO PAULO,SP,PRIVADO,2022-11-07,https://vectis.com.br/,VECTIS VENTURES GESTÃO LTDA.,F6 · sem PL informado,0.0
47098283000110,2,0.0,LEGEND LEGAL ASSETS GESTÃO DE RECURSOS LTDA.,47098283000110,LEGEND LEGAL ASSETS GESTÃO DE RECURSOS LTDA.,LEGEND LEGAL ASSETS GESTÃO DE RECURSOS LTDA.,SÃO PAULO,SP,PRIVADO,2023-12-11,www.legendassets.com.br,LEGEND LEGAL ASSETS GESTÃO DE RECURSOS LTDA.,F6 · sem PL informado,0.0
47952345000109,1,0.0,AVALON CAPITAL GESTORA DE RECURSOS LTDA.,47952345000109,AVALON CAPITAL GESTORA DE RECURSOS LTDA.,AVALON CAPITAL,BRASÍLIA,DF,PRIVADO,2022-12-07,https://www.avalonasset.com.br/,AVALON CAPITAL,F6 · sem PL informado,0.0
46941908000109,2,0.0,MORADA CAPITAL LTDA.,46941908000109,MORADA CAPITAL LTDA.,-,SÃO PAULO,SP,PRIVADO,2023-04-11,www.moradacapital.com.br,MORADA CAPITAL LTDA.,F6 · sem PL informado,0.0
46730175000155,1,0.0,AVENUE SECURITIES GESTÃO DE RECURSOS LTDA.,46730175000155,AVENUE SECURITIES GESTÃO DE RECURSOS LTDA.,AVENUE SECURITIES GESTÃO DE RECURSOS,SÃO PAULO,SP,PRIVADO,2022-11-11,www.avenue.us,AVENUE SECURITIES GESTÃO DE RECURSOS,F6 · sem PL informado,0.0
48331232000159,2,0.0,TG CORE RENDA ASSET LTDA.,48331232000159,TG CORE RENDA ASSET LTDA.,TG CORE RENDA ASSET,SÃO PAULO,SP,PRIVADO,2023-01-19,www.tgcorerenda.com.br,TG CORE RENDA ASSET,F6 · sem PL informado,0.0
48401513000130,5,0.0,AZ QUEST AGRO LTDA.,48401513000130,AZ QUEST AGRO LTDA.,AZ QUEST AGRO,SÃO PAULO,SP,PRIVADO,2023-03-10,www.azquest.com.br,AZ QUEST AGRO,F6 · sem PL informado,0.0
48429867000193,1,0.0,COGNUS CAPITAL GESTÃO DE RECURSOS LTDA.,48429867000193,COGNUS CAPITAL GESTÃO DE RECURSOS LTDA.,COGNUS CAPITAL,RIO DE JANEIRO,RJ,PRIVADO,2023-01-25,https://cognuscapital.com.br,COGNUS CAPITAL,F6 · sem PL informado,0.0
48464398000143,1,0.0,Boldt Capital Ltda.,48464398000143,Boldt Capital Ltda.,Boldt Capital,SÃO PAULO,SP,PRIVADO,2025-10-31,www.boldtcapital.com,Boldt Capital,F6 · sem PL informado,0.0
45981761000100,1,0.0,ADA CAPITAL GESTÃO DE RECURSOS LTDA.,45981761000100,ADA CAPITAL GESTÃO DE RECURSOS LTDA.,ADA CAPITAL,SÃO PAULO,SP,PRIVADO,2022-12-02,www.adacapital.com.br,ADA CAPITAL,F6 · sem PL informado,0.0
48677598000184,1,0.0,DOMUS CAPITAL GESTÃO DE RECURSOS LTDA.,48677598000184,DOMUS CAPITAL GESTÃO DE RECURSOS LTDA.,DOMUS CAPITAL,SÃO PAULO,SP,PRIVADO,2024-12-24,www.domuscap.com.br,DOMUS CAPITAL,F6 · sem PL informado,0.0
43758513000179,4,0.0,NEX GESTÃO DE RECURSOS LTDA.,43758513000179,NEX GESTÃO DE RECURSOS LTDA.,NEX GESTÃO DE RECURSOS,GOIÂNIA,GO,PRIVADO,2022-11-08,www.nexgestao.com.br,NEX GESTÃO DE RECURSOS,F6 · sem PL informado,0.0
43364160000122,1,0.0,AZUL CAPITAL GESTORA DE RECURSOS LTDA.,43364160000122,AZUL CAPITAL GESTORA DE RECURSOS LTDA.,-----,SÃO PAULO,SP,PRIVADO,2022-02-23,www.azulwm.com.br,AZUL CAPITAL GESTORA DE RECURSOS LTDA.,F6 · sem PL informado,0.0
49446092000127,1,0.0,BLUE OCEAN GESTÃO DE RECURSOS FINANCEIROS LTDA.,49446092000127,BLUE OCEAN GESTÃO DE RECURSOS FINANCEIROS LTDA.,BLUE OCEAN,FRANCA,SP,PRIVADO,2024-01-18,www.blueoceancapital.com.br,BLUE OCEAN,F6 · sem PL informado,0.0
49524442000126,1,0.0,2S CAPITAL GESTORA DE RECURSOS LTDA.,49524442000126,2S CAPITAL GESTORA DE RECURSOS LTDA.,2S CAPITAL,LONDRINA,PR,PRIVADO,2023-06-29,www.2scapital.com,2S CAPITAL,F6 · sem PL informado,0.0
57236832000129,1,0.0,VIRTUS NEXUS GESTORA DE RECURSOS LTDA.,57236832000129,VIRTUS NEXUS GESTORA DE RECURSOS LTDA.,VIRTUS NEXUS GESTORA DE RECURSOS LTDA.,BELO HORIZONTE,MG,PRIVADO,2025-01-02,www.virtusnexus.com.br,VIRTUS NEXUS GESTORA DE RECURSOS LTDA.,F6 · sem PL informado,0.0
52459867000103,1,0.0,BARI CAPITAL MANAGEMENT LTDA.,52459867000103,BARI CAPITAL MANAGEMENT LTDA.,BARI CAPITAL MANAGEMENT LTDA.,SÃO PAULO,SP,PRIVADO,2024-02-06,www.baricapital.com.br,BARI CAPITAL MANAGEMENT LTDA.,F6 · sem PL informado,0.0
52538983000118,1,0.0,VIOLET ASSESSORIA FINANCEIRA LTDA.,52538983000118,VIOLET ASSESSORIA FINANCEIRA LTDA.,VIOLET,SÃO PAULO,SP,PRIVADO,2024-09-09,www.violet.net.br,VIOLET,F6 · sem PL informado,0.0
52553822000101,2,0.0,CAPSICUM ASSETS GESTÃO DE RECURSOS LTDA,52553822000101,CAPSICUM ASSETS GESTÃO DE RECURSOS LTDA,-----,SÃO PAULO,SP,PRIVADO,2024-07-26,http://capsicumassets.com.br,CAPSICUM ASSETS GESTÃO DE RECURSOS LTDA,F6 · sem PL informado,0.0
21046086000163,2,0.0,IDGR,21046086000163,ID GESTORA E ADMINISTRADORA DE RECURSOS LTDA,IDGR,SÃO PAULO,SP,PRIVADO,2015-12-21,www.idgr.com.br,IDGR,F6 · sem PL informado,0.0
55243889000120,8,0.0,BENAVENT ASSET LTDA,55243889000120,BENAVENT ASSET LTDA,-,GOIÂNIA,GO,PRIVADO,2024-11-05,https://www.benavent.com.br/,BENAVENT ASSET LTDA,F6 · sem PL informado,0.0
55648867000140,7,0.0,TROON GESTORA DE RECURSOS LTDA.,55648867000140,TROON GESTORA DE RECURSOS LTDA.,TROON GESTORA,SÃO PAULO,SP,PRIVADO,2024-11-29,www.troongestora.com.br,TROON GESTORA,F6 · sem PL informado,0.0
55649229000143,3,0.0,BLUE3 ASSET GESTORA DE RECURSOS LTDA.,55649229000143,BLUE3 ASSET GESTORA DE RECURSOS LTDA.,BLUE3 ASSET,SÃO PAULO,SP,PRIVADO,2024-11-12,www.https://www.blue3asset.com.br/,BLUE3 ASSET,F6 · sem PL informado,0.0
19184376000121,2,0.0,HALTIN CAPITAL GESTAO DE RECURSOS LTDA,19184376000121,HALTIN CAPITAL GESTAO DE RECURSOS LTDA,HALTIN CAPITAL,SÃO PAULO,SP,PRIVADO,2020-09-08,www.haltincapital.com,HALTIN CAPITAL,F6 · sem PL informado,0.0
55777175000100,2,0.0,VERDE ASSET AGRO E IMOBILIÁRIO LTDA,55777175000100,VERDE ASSET AGRO E IMOBILIÁRIO LTDA,VERDE AGRO & IMOBILIÁRIO,SÃO PAULO,SP,PRIVADO,2024-12-09,https://www.verdeagroimob.com.br/,VERDE AGRO & IMOBILIÁRIO,F6 · sem PL informado,0.0
55930185000125,4,0.0,ARTESANAL AGRO LTDA.,55930185000125,ARTESANAL AGRO LTDA.,-----,SÃO PAULO,SP,PRIVADO,2024-12-20,www.artesanalinvestimentos.com.br,ARTESANAL AGRO LTDA.,F6 · sem PL informado,0.0
56122783000130,1,0.0,HIKE CAPITAL GESTORA DE RECURSOS LTDA.,56122783000130,HIKE CAPITAL GESTORA DE RECURSOS LTDA.,-----,SÃO PAULO,SP,PRIVADO,2025-01-07,www.hike.capital,HIKE CAPITAL GESTORA DE RECURSOS LTDA.,F6 · sem PL informado,0.0
56703050000190,3,0.0,SIMPLIX ASSET MANAGEMENT LTDA.,56703050000190,SIMPLIX ASSET MANAGEMENT LTDA.,SIMPLIX ASSET MANAGEMENT LTDA.,SÃO PAULO,SP,PRIVADO,2024-12-20,https://www.simplix.com.br/,SIMPLIX ASSET MANAGEMENT LTDA.,F6 · sem PL informado,0.0
56993232000142,3,0.0,SETE ASSET MANAGEMENT LTDA.,56993232000142,SETE ASSET MANAGEMENT LTDA.,SETE ASSET,SÃO PAULO,SP,PRIVADO,2024-11-25,www.seteasset.com,SETE ASSET,F6 · sem PL informado,0.0
18465825000147,12,0.0,FUNPRESP-JUD FUNDAÇÃO DE PREVIDÊNCIA COMPLEMENTAR DO SERVIDOR PÚBLICO FEDERAL DO PODER JUDICIÁRIO,,,,,,,,,FUNPRESP-JUD FUNDAÇÃO DE PREVIDÊNCIA COMPLEMENTAR DO SERVIDOR PÚBLICO FEDERAL DO PODER JUDICIÁRIO,F6 · sem PL informado,0.0
57109609000110,4,0.0,AWR GESTÃO DE RECURSOS LTDA.,57109609000110,AWR GESTÃO DE RECURSOS LTDA.,AWR CAPITAL,SÃO PAULO,SP,PRIVADO,2025-01-10,www.awrcapital.com.br,AWR CAPITAL,F6 · sem PL informado,0.0
57163455000145,2,0.0,Tuesday Capitall Investimentos Ltda.,57163455000145,Tuesday Capitall Investimentos Ltda.,Tuesday Capital,SÃO PAULO,SP,PRIVADO,2026-01-14,www.tuesdaycapital.com.br,Tuesday Capital,F6 · sem PL informado,0.0
57168667000115,6,0.0,HERITAGE CAPITAL PARTNERS GESTÃO DE RECURSOS LTDA.,57168667000115,HERITAGE CAPITAL PARTNERS GESTÃO DE RECURSOS LTDA.,HERITAGE,SÃO PAULO,SP,PRIVADO,2024-12-09,www.heritagecp.com.br,HERITAGE,F6 · sem PL informado,0.0
18252541000172,1,0.0,SOLANA GESTORA DE RECURSOS LTDA,18252541000172,SOLANA GESTORA DE RECURSOS LTDA,SOLANA GESTORA DE RECURSOS LTDA,SÃO PAULO,SP,PRIVADO,2013-07-12,www.solanacapital.com.br,SOLANA GESTORA DE RECURSOS LTDA,F6 · sem PL informado,0.0
55030536000141,1,0.0,VOLPE CAPITAL GESTÃO DE RECURSOS LTDA.,55030536000141,VOLPE CAPITAL GESTÃO DE RECURSOS LTDA.,VOLPE CAPITAL,SÃO PAULO,SP,PRIVADO,2024-12-02,https://www.volpecapital.com/,VOLPE CAPITAL,F6 · sem PL informado,0.0
21986074000119,1,0.0,PRUDENTIAL DO BRASIL SEGUROS S.A.,,,,,,,,,PRUDENTIAL DO BRASIL SEGUROS S.A.,F6 · sem PL informado,0.0
54572861000173,2,0.0,BIRD CAPITAL LTDA.,54572861000173,BIRD CAPITAL LTDA.,BIRD CAPITAL,SÃO PAULO,SP,PRIVADO,2024-07-15,www.birdcapital.com.br,BIRD CAPITAL,F6 · sem PL informado,0.0
54491015000129,2,0.0,ORIZ REAL ESTATE GESTÃO DE RECURSOS LTDA.,54491015000129,ORIZ REAL ESTATE GESTÃO DE RECURSOS LTDA.,-----,SÃO PAULO,SP,PRIVADO,2024-11-14,www.orizpartners.com.br,ORIZ REAL ESTATE GESTÃO DE RECURSOS LTDA.,F6 · sem PL informado,0.0
30488319000179,1,0.0,NW3 CAPITAL GESTÃO DE RECURSOS LTDA.,30488319000179,NW3 CAPITAL GESTÃO DE RECURSOS LTDA.,NW3 CAPITAL GESTÃO DE RECURSOS LTDA.,SÃO PAULO,SP,PRIVADO,2018-09-21,www.nw3.capital,NW3 CAPITAL GESTÃO DE RECURSOS LTDA.,F6 · sem PL informado,0.0
53046217000107,2,0.0,AV1 Gestora de Recursos Ltda.,53046217000107,AV1 Gestora de Recursos Ltda.,AV1 Gestora de Recursos,SÃO PAULO,SP,PRIVADO,2025-12-05,www.av1.com.br,AV1 Gestora de Recursos,F6 · sem PL informado,0.0
29364995000151,3,0.0,HUR GESTORA DE RECUSOS S.A.,29364995000151,HUR GESTORA DE RECUSOS S.A.,Hur Gestora,SÃO PAULO,SP,PRIVADO,2018-03-27,https://www.hurgestora.com.br,Hur Gestora,F6 · sem PL informado,0.0
53205131000171,2,0.0,RB INVESTIMENTOS GESTÃO DE RECURSOS LTDA.,53205131000171,RB INVESTIMENTOS GESTÃO DE RECURSOS LTDA.,RB INVESTIMENTOS GESTÃO DE RECURSOS,SÃO PAULO,SP,PRIVADO,2024-04-29,https://www.rbinvestimentos.com/gestora/,RB INVESTIMENTOS GESTÃO DE RECURSOS,F6 · sem PL informado,0.0
53518684000184,1,0.0,Banco HSBC S.A.,,,,,,,,,Banco HSBC S.A.,F6 · sem PL informado,0.0
28038617000115,1,0.0,BLOXS ASSET GESTÃO DE RECURSOS LTDA,28038617000115,BLOXS ASSET GESTÃO DE RECURSOS LTDA,BLOXS ASSET,SÃO PAULO,SP,PRIVADO,2017-11-17,asset.bloxs.com.br,BLOXS ASSET,F6 · sem PL informado,0.0
53617632000165,2,0.0,RAIZZ GESTÃO DE RECURSOS LTDA.,53617632000165,RAIZZ GESTÃO DE RECURSOS LTDA.,RAIZZ ASSET,BELO HORIZONTE,MG,PRIVADO,2025-01-17,www.raizzasset.com.br,RAIZZ ASSET,F6 · sem PL informado,0.0
53827260000100,3,0.0,VEGA ASSET MANAGEMENT LTDA.,53827260000100,VEGA ASSET MANAGEMENT LTDA.,VEGA ASSET,SÃO PAULO,SP,PRIVADO,2024-07-04,www.vegaasset.com.br,VEGA ASSET,F6 · sem PL informado,0.0
53852674000180,8,0.0,ARZ CAPITAL GESTORA DE RECURSOS LTDA.,53852674000180,ARZ CAPITAL GESTORA DE RECURSOS LTDA.,-----,SÃO PAULO,SP,PRIVADO,2024-11-12,https://arzcapital.com.br/,ARZ CAPITAL GESTORA DE RECURSOS LTDA.,F6 · sem PL informado,0.0
26281278000178,1,0.0,CNRY MANAGEMENT LTDA,26281278000178,CNRY MANAGEMENT LTDA,Canary,SÃO PAULO,SP,PRIVADO,2025-12-05,www.canary.com.br,Canary,F6 · sem PL informado,0.0
26207537000110,2,0.0,OP CONSULTORIA E GESTÃO PATRIMONIAL LTDA.,26207537000110,OP CONSULTORIA E GESTÃO PATRIMONIAL LTDA.,OP FINANCE,SÃO PAULO,SP,PRIVADO,2024-10-14,www.opfinance.com.br,OP FINANCE,F6 · sem PL informado,0.0
47893019000178,1,0.0,BOREAL CAPITAL LTDA.,47893019000178,BOREAL CAPITAL LTDA.,BOREAL CAPITAL LTDA.,SÃO PAULO,SP,PRIVADO,2023-01-24,www.pine.com.br,BOREAL CAPITAL LTDA.,F6 · sem PL informado,0.0
54179624000147,9,0.0,FIELD GESTORA DE RECURSOS LTDA.,54179624000147,FIELD GESTORA DE RECURSOS LTDA.,FIELD ASSET,SÃO PAULO,SP,PRIVADO,2024-06-03,www.fieldasset.com.br,FIELD ASSET,F6 · sem PL informado,0.0
23303230000125,1,0.0,MILES CAPITAL LTDA.,23303230000125,MILES CAPITAL LTDA.,MILES CAPITAL,SÃO PAULO,SP,PRIVADO,2016-01-08,www.milescapital.com.br,MILES CAPITAL,F6 · sem PL informado,0.0
54482206000124,2,0.0,WINGS ASSET LTDA.,54482206000124,WINGS ASSET LTDA.,WINGS ASSET,GOIÂNIA,GO,PRIVADO,2024-09-06,www.wingsasset.com.br,WINGS ASSET,F6 · sem PL informado,0.0
54177006000168,3,0.0,HCAM LTDA.,54177006000168,HCAM LTDA.,HCAM LTDA.,SÃO PAULO,SP,PRIVADO,2024-08-13,www.hcam.com.br,HCAM LTDA.,F6 · sem PL informado,0.0
42066258000130,1,-1519081.16,RJI CORRETORA DE TÍTULOS E VALORES MOBILIÁRIOS LTDA.,42066258000130,RJI CORRETORA DE TÍTULOS E VALORES MOBILIÁRIOS LTDA.,RJI INVESTIMENTOS,RIO DE JANEIRO,RJ,PRIVADO,2016-12-16,www.rjicv.com.br,RJI INVESTIMENTOS,F6 · sem PL informado,-1.1450163157354796e-05
05597435000189,3,-6410362.449999999,ANGRA PARTNERS GESTÃO DE RECURSOS LTDA.,05597435000189,ANGRA PARTNERS GESTÃO DE RECURSOS LTDA.,ANGRA PARTNERS GESTÃO DE RECURSOS LTDA.,SÃO PAULO,SP,PRIVADO,2004-01-02,www.angrapartners.com.br,ANGRA PARTNERS GESTÃO DE RECURSOS LTDA.,F6 · sem PL informado,-4.8318482173974576e-05
